<?xml version='1.0' encoding='utf-8'?>
<kml xmlns="http://www.opengis.net/kml/2.2"><Document><Placemark><name>U01_S1</name><LineString><altitudeMode>absolute</altitudeMode><coordinates>37.666822564921986,55.611575112408566,157.9620819091797 37.666822564921986,55.611575112408566,337.9620819091797 37.6669095111099,55.611449686335234,341.3170475103916 37.66699645673733,55.611324260194934,343.61833269168375 37.66708340180428,55.611198833987636,345.9196178729728 37.667170346310755,55.61107340771337,348.22090305426184 37.66725729025678,55.610947981372135,349.63225542970974 37.66734423364233,55.6108225549639,351.0436078051596 37.66743117646744,55.6106971284887,352.4549601806075 37.6675181187321,55.61057170194652,353.86631255605545 37.66760506043632,55.61044627533736,355.2776649315053 37.66769200158011,55.610320848661225,356.6890173069532 37.66777894216347,55.61019542191813,358.1003696824011 37.66786588218641,55.61006999510804,359.51172205785093 37.66795282164893,55.60994456823099,360.92307443329884 37.66803976055105,55.60981914128698,362.3344268087468 37.66812669889277,55.60969371427598,363.7457791841947 37.66821363667409,55.609568287198016,365.0567454802667 37.668300573895024,55.60944286005307,366.36771177633693 37.66838751055557,55.609317432841195,367.6786780724072 37.668474446655736,55.60919200556231,368.9896443684792 37.66856138219554,55.60906657821647,370.3006106645494 37.66864831717498,55.60894115080368,371.6115769606197 37.66873525159406,55.608815723323914,372.9225432566899 37.66882218545278,55.608690295777194,374.2335095527619 37.668909118751166,55.608564868163484,375.5444758489085 37.6689960514892,55.608439440482826,376.8554421449787 37.66908298366691,55.60831401273522,378.16640844105075 37.66916991528429,55.60818858492065,379.47737473712095 37.669256846341355,55.60806315703911,380.7883410331912 37.6693437768381,55.607937729090615,382.0993073292615 37.669430706774534,55.60781230107517,383.41027362533345 37.66951763615068,55.60768687299276,384.7212399214037 37.66960456496652,55.607561444843384,386.0322062174739 37.66969149322207,55.60743601662708,387.34317251354594 37.66977842091733,55.60731058834379,388.6541388096162 37.669865348052326,55.60718515999357,389.9651051056864 37.66995227462704,55.607059731576385,391.27607140175667 37.6700392006415,55.60693430309225,392.58703769782863 37.670126126095695,55.606808874541166,393.8980039938989 37.670213050989645,55.60668344592313,395.20897028996916 37.670299975323346,55.60655801723816,396.5199365860411 37.670386899096805,55.606432588486214,397.8309028821114 37.67047382231003,55.60630715966734,398.75976897857964 37.67056074496303,55.60618173078151,399.6886350750492 37.67064766705581,55.606056301828744,400.61750117151746 37.670734588588374,55.60593087280902,401.5463672679858 37.67082150956073,55.60580544372237,402.475233364454 37.67090842997288,55.60568001456877,403.4040994609236 37.67099534982484,55.605554585348216,404.33296555739184 37.67108226911661,55.60542915606073,404.76506624466316 37.6711691878482,55.605303726706296,405.1971669319351 37.671256106019605,55.60517829728494,405.6292676192065 37.67134302363085,55.60505286779662,406.0613683064778 37.67142994068192,55.60492743824138,406.49346899374916 37.67151685717283,55.60480200861919,406.92556968102105 37.6716037731036,55.60467657893007,407.3576703682924 37.671690688474214,55.60455114917402,407.78977105556373 37.671777603284696,55.60442571935103,408.2218717428357 37.671864517535035,55.60430028946111,408.653972430107 37.67195143122525,55.60417485950424,409.08607311737836 37.67203834435535,55.60404942948046,409.51817380465025 37.672125256925334,55.603923999389735,409.9502744919216 37.672212168935204,55.60379856923208,410.38237517919293 37.672299080384974,55.60367313900751,410.8144758664643 37.67238599127465,55.60354770871599,411.2465765537362 37.67247290160424,55.60342227835757,411.67867724100756 37.67255981137374,55.60329684793219,412.1107779282789 37.67264672058317,55.6031714174399,412.5428786155508 37.67273362923252,55.603045986880694,412.97497930282213 37.672820537321805,55.60292055625456,413.4070799900935 37.67290744485104,55.60279512556148,413.8391806773648 37.672994351820215,55.6026696948015,414.27128136463676 37.673081258229345,55.602544263974586,414.7033820519081 37.67316816407844,55.60241883308076,415.13548273917945 37.6732550693675,55.60229340212001,415.5675834264514 37.67334197409653,55.60216797109234,415.9996841137227 37.67342887826554,55.60204253999776,416.431784800994 37.67351578187454,55.60191710883625,416.8638854882654 37.67360268492353,55.60179167760783,417.2959861755373 37.67368958741251,55.6016662463125,417.72808686280865 37.673776489341506,55.60154081495024,418.16018755007997 37.67386339071051,55.60141538352107,418.5922882373519 37.673950291519525,55.601289952025,419.0243889246232 37.67403719176856,55.60116452046201,419.4564896118946 37.67412409145763,55.601039088832096,419.8885902991659 37.67421099058673,55.60091365713528,420.32069098643785 37.67429788915587,55.60078822537156,420.75279167370917 37.67438478716507,55.60066279354093,421.18489236098054 37.67447168461431,55.60053736164339,421.6169930482524 37.67455858150362,55.60041192967894,422.0490937355238 37.67464547783299,55.60028649764758,422.4811944227951 37.67473237360244,55.60016106554932,422.91329511006705 37.67481926881196,55.60003563338415,423.34539579733837 37.67490616346157,55.59991020115208,423.77749648460974 37.67499305755127,55.59978476885311,424.20959717188106 37.67507995108107,55.59965933648723,424.641697859153 37.67516684405097,55.599533904054454,425.0737985464243 37.67540453626076,55.59953647187616,425.0737985464243 37.67564222850888,55.599539039237285,424.4079202505259 37.675879920795325,55.59954160613781,424.4079202505259 37.676117613120105,55.599544172577765,422.8930887075571 37.6763553054832,55.59954673855715,422.8930887075571 37.67659299788461,55.599549304075936,422.6341775747446 37.67683069032432,55.599551869134146,422.6341775747446 37.67706838280233,55.599554433731775,424.6812661977915 37.67730607531863,55.59955699786882,424.6812661977915 37.67754376787322,55.59955956154527,429.25200594388525 37.677781460466086,55.59956212476114,429.25200594388525 37.67801915309722,55.599564687516434,429.0486215444712 37.67825684576661,55.599567249811145,429.0486215444712 37.67849453847427,55.59956981164526,430.07866610013525 37.67873223122017,55.5995723730188,430.07866610013525 37.67896992400431,55.59957493393176,433.86167086087744 37.67920761682669,55.59957749438412,433.86167086087744 37.6794453096873,55.599580054375906,435.0968698354868 37.67968300258614,55.5995826139071,435.0968698354868 37.67992069552318,55.59958517297772,434.9561380239634 37.680158388498434,55.599587731587754,434.9561380239634 37.680396081511894,55.59959028973719,435.27544344388525 37.680633774563546,55.599592847426045,435.27544344388525 37.68087146765338,55.59959540465433,435.07553804837744 37.68110916078141,55.59959796142201,435.07553804837744 37.6813468539476,55.59960051772911,433.9082406850962 37.68158454715197,55.59960307357562,433.9082406850962 37.68182224039449,55.59960562896155,435.0710824819712 37.68205993367516,55.59960818388689,435.0710824819712 37.682297626993986,55.59961073835165,436.26001680814306 37.68253532035095,55.59961329235581,436.26001680814306 37.68277301374604,55.59961584589939,434.85681856595556 37.68301070717927,55.599618398982386,434.85681856595556 37.68324840065061,55.59962095160479,435.11182344876806 37.68348609416007,55.599623503766615,435.11182344876806 37.68372378770762,55.59962605546785,436.0740884634165 37.683961481293274,55.59962860670849,436.0740884634165 37.684199174917026,55.59963115748854,435.710196861854 37.68443686857886,55.599633707808,435.710196861854 37.684674562278765,55.59963625766689,433.58725679837744 37.68491225601675,55.59963880706518,433.58725679837744 37.6851499497928,55.599641356002884,428.0158914419321 37.6853876436069,55.59964390447999,428.0158914419321 37.68562533745905,55.599646452496515,422.08286226712744 37.68586303134925,55.59964900005245,422.08286226712744 37.68610072527749,55.59965154714779,423.190177330604 37.68633841924375,55.599654093782554,423.190177330604 37.68657611324804,55.59965663995672,423.4295572134165 37.68681380729034,55.599659185670305,423.4295572134165 37.687051501370654,55.59966173092328,424.2455514761118 37.687289195488965,55.59966427571568,424.2455514761118 37.687526889645284,55.599666820047496,423.90784395658056 37.68776458383958,55.59966936391871,423.90784395658056 37.688002278071856,55.59967190732932,422.7552865835337 37.68823997234212,55.59967445027937,422.7552865835337 37.68847766665034,55.599676992768806,421.1702340932993 37.688715360996525,55.59967953479766,421.1702340932993 37.688953055380665,55.59968207636592,419.5803445669321 37.68919074980275,55.5996846174736,419.5803445669321 37.68942844426278,55.59968715812068,421.20098055326025 37.689666138760735,55.599689698307174,421.20098055326025 37.689903833296626,55.599692238033064,425.4116433950571 37.69014152787043,55.59969477729837,425.4116433950571 37.69037922248216,55.59969731610308,430.41480196439306 37.69061691713178,55.5996998544472,430.41480196439306 37.690854611819304,55.59970239233074,432.7919534536509 37.691092306544725,55.59970492975366,432.7919534536509 37.69133000130803,55.599707466716005,432.87485445462744 37.69156769610921,55.59971000321775,432.87485445462744 37.69180539094826,55.59971253925892,431.60901583158056 37.69204308582518,55.59971507483948,431.60901583158056 37.692280780739964,55.599717609959455,429.98938692533056 37.692518475692594,55.59972014461882,429.98938692533056 37.69275617068306,55.599722678817606,428.72815645658056 37.69299386571137,55.599725212555796,428.72815645658056 37.69323156077751,55.5997277458334,426.6043313833384 37.69346925588148,55.5997302786504,426.6043313833384 37.69370695102326,55.5997328110068,424.5800393911509 37.69394464620286,55.59973534290261,424.5800393911509 37.69418234142025,55.59973787433783,423.7296823354868 37.69442003667544,55.59974040531247,423.7296823354868 37.69465773196842,55.599742935826484,425.11585176908056 37.69489542729918,55.59974546587991,425.11585176908056 37.69513312266772,55.59974799547276,426.5265573354868 37.69537081807403,55.599750524605,426.5265573354868 37.6956085135181,55.59975305327664,428.1378396841196 37.69584620899993,55.5997555814877,428.1378396841196 37.696083904519504,55.59975810923815,430.1222604604868 37.696321600076814,55.59976063652801,430.1222604604868 37.69655929567187,55.599763163357274,430.1067575307993 37.69679699130464,55.59976568972595,430.1067575307993 37.697034686975144,55.59976821563402,430.3841165395884 37.69727238268335,55.59977074108148,430.3841165395884 37.69751007842927,55.599773266068354,431.0735086294321 37.697747774212885,55.59977579059465,431.0735086294321 37.6979854700342,55.59977831466033,426.441153893104 37.6982231658932,55.59978083826541,426.441153893104 37.698460861789876,55.599783361409905,422.31902254544775 37.69869855772422,55.59978588409379,422.31902254544775 37.69893625369624,55.59978840631708,414.9176248403696 37.699173949705916,55.59979092807978,414.9176248403696 37.699411645753244,55.59979344938187,405.69507540189306 37.69964934183821,55.59979597022337,405.69507540189306 37.69988703796082,55.59979849060427,402.4480356069712 37.70012473412106,55.59980101052457,402.4480356069712 37.70036243031893,55.59980352998427,402.1165231557993 37.70060012655441,55.59980604898338,402.1165231557993 37.70083782282751,55.59980856752188,398.1658548208384 37.70107551913821,55.59981108559979,398.1658548208384 37.7013132154865,55.5998136032171,394.2666391225962 37.70155091187239,55.5998161203738,394.2666391225962 37.70178860829585,55.599818637069916,394.1404641958384 37.7020263047569,55.59982115330542,394.1404641958384 37.702264001255514,55.59982366908032,396.93987215482275 37.702501697791696,55.59982618439463,396.93987215482275 37.70273939436543,55.599828699248334,398.48662508451025 37.7029770909767,55.599831213641444,398.48662508451025 37.703214787625534,55.599833727573944,401.3211587759165 37.70345248431189,55.59983624104586,401.3211587759165 37.70369018103578,55.59983875405715,405.7527231069712 37.70392787779719,55.59984126660786,405.7527231069712 37.70416557459612,55.599843778697974,410.65405977689306 37.70440327143255,55.59984629032746,410.65405977689306 37.70464096830648,55.599848801496364,415.42851961576025 37.704878665217905,55.599851312204656,415.42851961576025 37.70511636216682,55.59985382245236,417.49138582669775 37.705354059153215,55.59985633223945,417.49138582669775 37.705591756177085,55.59985884156594,417.4631723257212 37.705829453238415,55.59986135043184,417.4631723257212 37.70606715033721,55.59986385883712,419.1588968130259 37.70630484747346,55.599866366781804,419.1588968130259 37.70654254464715,55.59986887426588,421.0832742544321 37.70678024185828,55.59987138128936,421.0832742544321 37.70701793910685,55.59987388785223,421.2553323599009 37.70725563639284,55.5998763939545,421.2553323599009 37.70749333371624,55.59987889959618,421.39270723783056 37.70773103107707,55.599881404777236,421.39270723783056 37.70796872847529,55.5998839094977,421.96582735501806 37.708206425910916,55.59988641375756,421.96582735501806 37.70844412338393,55.59988891755681,422.6366647573618 37.70868182089432,55.59989142089546,422.6366647573618 37.708919518442094,55.5998939237735,422.7016977163462 37.709157216027236,55.599896426190945,422.7016977163462 37.709394913649746,55.59989892814778,422.2825540395884 37.709632611309615,55.599901429644014,422.2825540395884 37.70987030900683,55.59990393067964,422.33574617826025 37.710108006741386,55.59990643125466,422.33574617826025 37.71034570451328,55.599908931369065,422.07829988919775 37.7105834023225,55.59991143102289,422.07829988919775 37.71082110016905,55.59991393021609,422.36130464993994 37.71105879805291,55.59991642894868,422.36130464993994 37.711296495974075,55.599918927220685,423.80176485501806 37.71153419393254,55.59992142503206,423.80176485501806 37.711771891928315,55.59992392238285,426.82044161283056 37.71200958996137,55.59992641927302,426.82044161283056 37.7122472880317,55.59992891570259,431.0931619497446 37.71248498613931,55.59993141167155,431.0931619497446 37.71272268428419,55.5999339071799,431.6886667104868 37.71296038246632,55.59993640222765,431.6886667104868 37.713198080685714,55.599938896814784,429.43848360501806 37.71343577894235,55.599941390941325,429.43848360501806 37.71367347723622,55.59994388460724,428.31165255033056 37.71391117556733,55.599946377812564,428.31165255033056 37.71414887393567,55.59994887055727,429.1254342886118 37.71438657234122,55.599951362841374,429.1254342886118 37.714624270783986,55.59995385466486,427.45410860501806 37.714861969263964,55.59995634602776,427.45410860501806 37.71509966778114,55.59995883693003,424.3785318227915 37.7153373663355,55.599961327371695,424.3785318227915 37.715575064927044,55.59996381735276,422.8655008169321 37.71581276355577,55.59996630687321,422.8655008169321 37.716050462221666,55.59996879593305,425.18144930326025 37.716288160924734,55.59997128453228,425.18144930326025 37.71652585966494,55.599973772670914,425.42237032376806 37.71676355844231,55.59997626034892,425.42237032376806 37.717001257256825,55.59997874756632,425.03020418607275 37.71723895610848,55.59998123432312,425.03020418607275 37.717476654997256,55.5999837206193,425.4101785513071 37.71771435392316,55.59998620645488,425.4101785513071 37.717952052886176,55.599988691829836,424.2923196645884 37.71818975188631,55.59999117674419,424.2923196645884 37.718427450923535,55.599993661197935,424.2923196645884 37.71866514999786,55.599996145191064,424.6693490835337 37.71890284910928,55.59999862872359,424.6693490835337 37.719140548257776,55.6000011117955,423.2290719839243 37.719378247443345,55.60000359440679,423.2290719839243 37.71961594666598,55.60000607655749,422.52153719388525 37.71985364592569,55.60000855824756,422.52153719388525 37.72009134522244,55.600011039477025,422.7470926138071 37.720329044556244,55.600013520245874,422.7470926138071 37.72056674392709,55.60001600055413,423.19483126126806 37.72080444333496,55.600018480401744,423.19483126126806 37.721042142779865,55.600020959788765,424.7136606069712 37.72127984226179,55.60002343871517,424.7136606069712 37.72151754178073,55.600025917180965,426.23325289212744 37.72175524133667,55.60002839518614,426.23325289212744 37.72199294092961,55.600030872730706,426.20452059232275 37.72223064055955,55.60003334981465,426.20452059232275 37.72246834022647,55.600035826438,425.11308992826025 37.722706039930365,55.60003830260072,425.11308992826025 37.72294373967124,55.600040778302834,422.23596895658056 37.72318143944908,55.600043253544335,422.23596895658056 37.723419139263875,55.60004572832522,421.25452364408056 37.72365683911561,55.600048202645496,421.25452364408056 37.723894539004306,55.60005067650515,420.9772561880259 37.72413223892993,55.60005314990419,420.9772561880259 37.72436993889249,55.60005562284261,421.51782930814306 37.724607638891975,55.60005809532043,421.51782930814306 37.724845338928375,55.60006056733763,421.9811166616587 37.72508303900168,55.60006303889421,421.9811166616587 37.72532073911189,55.60006550999019,422.0244516225962 37.725558439259004,55.60006798062553,422.0244516225962 37.725796139443005,55.600070450800274,421.04895723783056 37.726033839663884,55.6000729205144,421.04895723783056 37.72627153992164,55.6000753897679,423.24048555814306 37.72650924021627,55.600077858560795,423.24048555814306 37.726746940547756,55.60008032689307,425.24265230618994 37.72698464091609,55.600082794764724,425.24265230618994 37.72722234132129,55.60008526217577,427.71692598783056 37.727460041763315,55.6000877291262,427.71692598783056 37.727697742242185,55.60009019561601,427.36353243314306 37.727935442757875,55.6000926616452,427.36353243314306 37.72817314331039,55.60009512721378,426.0545572134165 37.728410843899724,55.60009759232173,426.0545572134165 37.72864854452586,55.60010005696908,423.4457162710337 37.72888624518879,55.60010252115581,423.4457162710337 37.729123945888524,55.60010498488191,424.926749596229 37.729361646625044,55.6001074481474,424.926749596229 37.729599347398334,55.60010991095227,423.7949594350962 37.7298370482084,55.60011237329652,423.7949594350962 37.73007474905524,55.60011483518016,423.57561434232275 37.73031244993883,55.60011729660318,423.57561434232275 37.73055015085917,55.60011975756557,423.4106057974009 37.73078785181627,55.600122218067355,423.4106057974009 37.731025552810095,55.600124678108514,422.25974214993994 37.73126325384065,55.60012713768906,422.25974214993994 37.731500954907936,55.60012959680898,421.9414895864634 37.731738656011935,55.600132055468286,421.9414895864634 37.73197635715265,55.600134513666966,421.78333223783056 37.732214058330065,55.600136971405036,421.78333223783056 37.73245175954418,55.600139428682475,424.1775583120493 37.73268946079499,55.600141885499305,424.1775583120493 37.73292716208247,55.600144341855504,424.9517740102915 37.733164863406635,55.60014679775109,424.9517740102915 37.73340256476747,55.60014925318606,422.4195932241587 37.73364026616496,55.600151708160396,422.4195932241587 37.73387796759911,55.60015416267412,421.2343210073618 37.734115669069915,55.60015661672723,421.2343210073618 37.73435337057736,55.60015907031971,421.40251863919775 37.73459107212144,55.600161523451575,421.40251863919775 37.73482877370215,55.60016397612283,421.39417208158056 37.73506647531948,55.60016642833344,421.39417208158056 37.735304176973415,55.60016888008343,421.0848764272837 37.735541878663966,55.60017133137281,421.0848764272837 37.73577958039112,55.600173782201566,421.2030710073618 37.73601728215486,55.600176232569694,421.2030710073618 37.7362549839552,55.60017868247721,421.6526559682993 37.736492685792115,55.60018113192409,421.6526559682993 37.7367303876656,55.600183580910354,422.21079195462744 37.73696808957565,55.600186029435996,422.21079195462744 37.737205791522264,55.60018847750102,421.28012789212744 37.737443493505424,55.60019092510541,421.28012789212744 37.73768119552514,55.600193372249194,423.439444908729 37.73791889758139,55.60019581893235,423.439444908729 37.73815659967417,55.600198265154866,427.9034036489634 37.73839430180348,55.60020071091677,427.9034036489634 37.73863200396931,55.60020315621805,431.07622469388525 37.738627680008236,55.60033790652303,431.36857164823095 37.73862335601056,55.60047265682481,431.66091860257666 37.73861903197628,55.60060740712339,431.95326555692236 37.73861470790539,55.60074215741877,432.24561251126806 37.738610383797905,55.60087690771092,432.24561251126806 37.738606059653804,55.6010116579999,431.07908571683447 37.738601735473104,55.60114640828564,429.9125589224009 37.738597411255796,55.601281158568206,427.98826540433447 37.73859308700189,55.60141590884756,426.06397188626806 37.738588762711366,55.6015506591237,423.892081627479 37.738584438384244,55.60168540939664,421.72019136868994 37.7385801140205,55.601820159666374,419.2674936147837 37.73834240208245,55.60181771421792,419.1917642446665 37.73810469018092,55.601815268308805,419.1917642446665 37.73786697831591,55.601812821939035,420.2526010366587 37.737629266487446,55.60181037510862,420.2526010366587 37.73739155469553,55.60180792781755,424.94907320462744 37.73715384294015,55.60180548006584,424.94907320462744 37.73691613122134,55.601803031853464,427.46543062650244 37.736678419539096,55.60180058318045,427.46543062650244 37.736440707893415,55.601798134046774,425.3877176138071 37.73620299628431,55.60179568445246,425.3877176138071 37.7359652847118,55.60179323439748,418.9950631948618 37.73572757317588,55.60179078388187,418.9950631948618 37.73548986167656,55.60178833290559,418.2281106802134 37.735252150213846,55.60178588146868,418.2281106802134 37.73501443878774,55.601783429571114,418.1187356802134 37.73477672739826,55.6017809772129,418.1187356802134 37.7345390160454,55.60177852439403,418.5078958364634 37.734301304729186,55.601776071114514,418.5078958364634 37.7340635934496,55.60177361737434,419.02808321439306 37.73382588220667,55.601771163173524,419.02808321439306 37.733588171000385,55.60176870851207,419.8487771841196 37.73335045983077,55.60176625338997,419.8487771841196 37.73311274869781,55.60176379780721,421.1679147573618 37.73287503760154,55.601761341763805,421.1679147573618 37.73263732654194,55.60175888525975,422.4820474477915 37.732399615519036,55.60175642829505,422.4820474477915 37.73216190453282,55.601753970869694,425.84287203275244 37.73192419358332,55.60175151298371,425.84287203275244 37.73168648267051,55.60174905463706,428.8582681509165 37.73144877179443,55.601746595829766,428.8582681509165 37.73121106095507,55.60174413656183,428.0638345571665 37.73097335015244,55.60174167683325,428.0638345571665 37.73073563938654,55.60173921664403,425.950675377479 37.730497928657385,55.60173675599414,425.950675377479 37.73026021796498,55.60173429488361,426.3323892446665 37.73002250730934,55.60173183331245,426.3323892446665 37.72978479669045,55.60172937128064,427.58611238919775 37.72954708610835,55.60172690878817,427.58611238919775 37.72930937556302,55.601724445835075,425.4892953725962 37.72907166505446,55.60172198242132,425.4892953725962 37.72883395458271,55.601719518546915,425.157462486854 37.72859624414776,55.60171705421187,425.157462486854 37.7283585337496,55.60171458941619,425.29846895658056 37.72812082338826,55.60171212415986,425.29846895658056 37.72788311306374,55.601709658442864,424.8058236929087 37.72764540277605,55.60170719226526,424.8058236929087 37.72740769252518,55.60170472562699,423.9725564809946 37.72716998231116,55.60170225852808,423.9725564809946 37.726932272133986,55.60169979096852,423.0907815786509 37.726694561993654,55.60169732294831,423.0907815786509 37.7264568518902,55.601694854467475,422.9914926382212 37.7262191418236,55.601692385525986,422.9914926382212 37.725981431793876,55.60168991612385,423.08997286283056 37.72574372180104,55.60168744626108,423.08997286283056 37.725506011845084,55.601684975937665,422.10727632962744 37.72526830192603,55.60168250515361,422.10727632962744 37.725030592043865,55.6016800339089,421.63730562650244 37.72479288219862,55.601677562203555,421.63730562650244 37.72455517239028,55.60167509003757,422.3166879507212 37.72431746261887,55.60167261741094,422.3166879507212 37.724079752884386,55.60167014432366,422.7208169790415 37.72384204318685,55.60166767077575,422.7208169790415 37.72360433352624,55.601665196767186,422.8387063833384 37.723366623902585,55.60166272229799,422.8387063833384 37.723128914315886,55.60166024736815,424.06580294095556 37.72289120476616,55.60165777197767,424.06580294095556 37.72265349525339,55.60165529612655,423.4054788442759 37.7224157857776,55.601652819814774,423.4054788442759 37.72217807633879,55.60165034304237,422.7998422475962 37.721940366936984,55.60164786580933,422.7998422475962 37.72170265757216,55.60164538811564,423.3746560903696 37.72146494824435,55.60164290996132,423.3746560903696 37.72122723895356,55.60164043134634,424.4261392446665 37.72098952969977,55.60163795227073,424.4261392446665 37.72075182048302,55.601635472734486,425.14072359525244 37.720514111303295,55.60163299273759,425.14072359525244 37.72027640216061,55.60163051228006,425.68157137357275 37.72003869305497,55.6016280313619,425.68157137357275 37.71980098398638,55.60162554998309,425.95403231107275 37.71956327495485,55.60162306814364,425.95403231107275 37.71932556596039,55.601620585843555,428.0648416372446 37.71908785700301,55.60161810308283,428.0648416372446 37.718850148082694,55.60161561986146,425.55811251126806 37.718612439199475,55.60161313617946,425.55811251126806 37.718374730353354,55.601610652036825,425.22978914701025 37.71813702154432,55.60160816743354,425.22978914701025 37.71789931277241,55.60160568236962,425.22978914701025 37.7176616040376,55.60160319684506,424.7219919057993 37.71742389533992,55.60160071085986,424.7219919057993 37.71718618667936,55.60159822441403,426.5724557729868 37.71694847805594,55.601595737507566,426.5724557729868 37.716710769469664,55.60159325014046,426.02751863919775 37.71647306092054,55.60159076231272,426.02751863919775 37.71623535240857,55.60158827402432,425.828849205604 37.71599764393376,55.60158578527531,425.828849205604 37.715759935496116,55.60158329606565,427.7483285757212 37.71552222709565,55.601580806395354,427.7483285757212 37.71528451873237,55.60157831626443,427.24011934720556 37.71504681040627,55.60157582567287,427.24011934720556 37.71480910211738,55.60157333462066,428.3511117788462 37.71457139386569,55.60157084310782,428.3511117788462 37.71433368565121,55.60156835113435,428.06555880033056 37.714095977473946,55.60156585870024,428.06555880033056 37.713858269333905,55.6015633658055,427.2946237417368 37.7136205612311,55.601560872450115,427.2946237417368 37.713382853165534,55.601558378634095,426.670890221229 37.71314514513721,55.601555884357445,426.670890221229 37.712907437146136,55.60155338962016,427.48792208158056 37.71266972919233,55.60155089442224,427.48792208158056 37.71243202127578,55.601548398763676,428.4612192007212 37.7121943133965,55.60154590264448,428.4612192007212 37.711956605554505,55.601543406064664,428.9372781606821 37.7117188977498,55.6015409090242,428.9372781606821 37.71148118998238,55.60153841152311,430.30368746243994 37.711243482252264,55.60153591356138,430.30368746243994 37.71100577455946,55.601533415139016,433.21350801908056 37.71076806690396,55.60153091625602,433.21350801908056 37.710530359285784,55.601528416912394,433.5108560415415 37.71029265170493,55.601525917108134,433.5108560415415 37.71005494416142,55.60152341684324,431.45676363431494 37.70981723665525,55.60152091611771,431.45676363431494 37.70957952918642,55.60151841493155,428.1897348257212 37.709341821754954,55.60151591328476,428.1897348257212 37.709104114360855,55.601513411177336,424.85166109525244 37.70886640700411,55.60151090860928,424.85166109525244 37.70862869968475,55.60150840558058,423.6670602651743 37.70839099240277,55.601505902091255,423.6670602651743 37.708153285158176,55.601503398141304,424.0182718130259 37.70791557795098,55.60150089373071,424.0182718130259 37.70767787078119,55.601498388859504,425.10889376126806 37.707440163648805,55.601495883527654,425.10889376126806 37.707202456553844,55.60149337773516,425.82939852201025 37.7069647494963,55.601490871482056,425.82939852201025 37.70672704247619,55.60148836476831,425.3519967886118 37.706489335493515,55.60148585759394,425.3519967886118 37.70625162854828,55.60148334995895,424.1655496450571 37.706013921640505,55.601480841863314,424.1655496450571 37.70577621477018,55.60147833330705,424.211661705604 37.70553850793733,55.60147582429015,424.211661705604 37.705300801141945,55.601473314812615,424.3231576772837 37.70506309438404,55.60147080487447,424.3231576772837 37.704825387663625,55.60146829447569,423.24114168607275 37.704587680980694,55.601465783616256,423.24114168607275 37.704349974335265,55.60146327229622,419.4402536245493 37.70411226772734,55.60146076051554,419.4402536245493 37.70387456115693,55.60145824827425,412.8902810903696 37.703636854624044,55.601455735572316,412.8902810903696 37.70339914812868,55.60145322240976,407.5130075307993 37.70316144167085,55.60145070878658,407.5130075307993 37.702923735250565,55.60144819470275,404.59844149076025 37.702686028867824,55.60144568015831,404.59844149076025 37.702448322522635,55.60144316515323,400.8418649526743 37.702210616215005,55.60144064968753,400.8418649526743 37.70197290994495,55.60143813376121,396.96330965482275 37.701735203712474,55.60143561737424,396.96330965482275 37.701497497517565,55.60143310052666,394.1948922964243 37.70125979136025,55.60143058321845,394.1948922964243 37.70102208524054,55.60142806544961,392.0414041372446 37.70078437915842,55.601425547220146,392.0414041372446 37.70054667311391,55.60142302853005,390.9786294790415 37.70030896710703,55.60142050937933,390.9786294790415 37.70007126113776,55.601417989767995,392.04709566556494 37.69983355520612,55.60141546969602,392.04709566556494 37.69959584931212,55.60141294916341,393.2597116323618 37.69935814345577,55.6014104281702,393.2597116323618 37.699120437637056,55.60140790671635,394.86853731595556 37.698882731856,55.601405384801865,394.86853731595556 37.69864502611262,55.60140286242677,398.25383699857275 37.69840732040691,55.60140033959103,398.25383699857275 37.69816961473887,55.60139781629468,405.98560274564306 37.69793190910852,55.6013952925377,405.98560274564306 37.69769420351586,55.601392768320096,415.25156343900244 37.6974564979609,55.60139024364188,415.25156343900244 37.69721879244364,55.60138771850303,420.83945406400244 37.696981086964094,55.60138519290355,420.83945406400244 37.696743381522275,55.60138266684345,422.49761141263525 37.69650567611817,55.60138014032272,422.49761141263525 37.696267970751805,55.60137761334136,419.9148782583384 37.696030265423175,55.601375085899406,419.9148782583384 37.6957925601323,55.601372557996804,408.8021463247446 37.69555485487917,55.60137002963358,408.8021463247446 37.6953171496638,55.60136750080974,400.059073814979 37.695079444486204,55.601364971525264,400.059073814979 37.69484173934638,55.601362441780175,397.0433572622446 37.694604034244335,55.60135991157446,397.0433572622446 37.69436632918008,55.60135738090813,398.1860574575571 37.69412862415362,55.601354849781174,398.1860574575571 37.69389091916496,55.60135231819358,401.51145113431494 37.6936532142141,55.601349786145384,401.51145113431494 37.69341550930107,55.601347253636554,405.2356180044321 37.69317780442585,55.60134472066711,405.2356180044321 37.69294009958847,55.60134218723703,408.5910257192759 37.69270239478892,55.60133965334635,408.5910257192759 37.692464690027215,55.601337118995026,411.05945528470556 37.69222698530336,55.60133458418311,411.05945528470556 37.691989280617356,55.60133204891055,413.8795389028696 37.691751575969214,55.60132951317737,413.8795389028696 37.69151387135895,55.601326976983565,420.61821688138525 37.69127616678656,55.60132444032915,420.61821688138525 37.69103846225206,55.601321903214114,429.53394258939306 37.69080075775544,55.60131936563845,429.53394258939306 37.69056305329672,55.601316827602176,431.7314828725962 37.69032534887591,55.60131428910527,431.7314828725962 37.69008764449301,55.60131175014775,432.99948824368994 37.68984994014802,55.60130921072962,432.99948824368994 37.68961223584097,55.60130667085086,433.385245689979 37.68937453157184,55.60130413051149,433.385245689979 37.689136827340654,55.60130158971148,435.0008004995493 37.688899123147415,55.60129904845087,435.0008004995493 37.688661418992126,55.60129650672963,431.56694735013525 37.6884237148748,55.60129396454777,431.56694735013525 37.68818601079544,55.6012914219053,429.27744234525244 37.687948306754045,55.60128887880221,429.27744234525244 37.68771060275064,55.6012863352385,426.72844637357275 37.68747289878522,55.60128379121418,426.72844637357275 37.687235194857784,55.60128124672923,426.21099031888525 37.686997490968366,55.601278701783656,426.21099031888525 37.68675978711694,55.60127615637747,424.74211824857275 37.68652208330354,55.60127361051068,424.74211824857275 37.68628437952815,55.60127106418326,420.24545992337744 37.6860466757908,55.601268517395226,420.24545992337744 37.68580897209148,55.60126597014657,418.47266329251806 37.6855712684302,55.601263422437306,418.47266329251806 37.68533356480697,55.601260874267425,418.2598794790415 37.6850958612218,55.60125832563693,418.2598794790415 37.68485815767468,55.6012557765458,418.34717501126806 37.684620454165646,55.60125322699407,418.34717501126806 37.684382750694674,55.601250676981714,419.8286508413462 37.684145047261794,55.60124812650875,419.8286508413462 37.683907343867006,55.60124557557517,419.7563852163462 37.68366964051031,55.601243024180974,419.7563852163462 37.68343193719172,55.60124047232616,417.1621774526743 37.68319423391124,55.60123792001073,417.1621774526743 37.682956530668875,55.601235367234686,416.00656832181494 37.68271882746464,55.601232813998024,416.00656832181494 37.68248112429853,55.60123026030075,415.1482614370493 37.68224342117056,55.601227706142865,415.1482614370493 37.68200571808074,55.601225151524375,415.45398653470556 37.681768015029064,55.60122259644524,415.45398653470556 37.68153031201555,55.60122004090552,418.2763284536509 37.681292609040206,55.60121748490516,418.2763284536509 37.68105490610303,55.60121492844421,419.29436434232275 37.68081720320403,55.601212371522635,419.29436434232275 37.68057950034323,55.60120981414044,418.73828829251806 37.68034179752061,55.60120725629764,418.73828829251806 37.680104094736194,55.601204697994234,421.0378030630259 37.67986639198998,55.60120213923021,421.0378030630259 37.67962868928199,55.60119958000558,427.15557039701025 37.67939098661221,55.60119702032032,427.15557039701025 37.67915328398067,55.601194460174455,426.20642794095556 37.67891558138735,55.60119189956797,426.20642794095556 37.678677878832275,55.60118933850089,426.19690645658056 37.678440176315455,55.60118677697318,426.19690645658056 37.67820247383688,55.601184214984876,426.7084573599009 37.67796477139658,55.60118165253594,426.7084573599009 37.67772706899454,55.601179089626406,424.831534752479 37.67748936663078,55.60117652625625,424.831534752479 37.6772516643053,55.60117396242549,422.32822359525244 37.67701396201811,55.60117139813413,422.32822359525244 37.67677625976921,55.60116883338215,419.0394510122446 37.676538557558615,55.60116626816956,419.0394510122446 37.67630085538634,55.60116370249634,418.2432321401743 37.67606315325237,55.601161136362535,418.2432321401743 37.67582545115673,55.6011585697681,417.22803438626806 37.67558774909942,55.60115600271307,417.22803438626806 37.67535004708045,55.60115343519743,417.7101663442759 37.67511234509982,55.60115086722117,417.7101663442759 37.67510780327066,55.60128561413075,418.3668435903696 37.67510326140306,55.601420361037114,419.0235208364634 37.67509871949701,55.601555107940236,419.0235208364634 37.6750941775525,55.60168985484014,418.7234262319712 37.67508963556955,55.601824601736816,418.423331627479 37.67508509354815,55.60195934863026,417.7211068960337 37.6750805514883,55.6020940955205,417.0188821645884 37.675076009390004,55.60222884240748,415.8064798208384 37.67507146725325,55.602363589291244,414.5940774770884 37.67506692507805,55.602498336171784,412.1996301504282 37.67506238286439,55.6026330830491,409.80518282376806 37.67505784061229,55.60276782992318,405.9752420278696 37.67529555236476,55.602770398054,405.9752420278696 37.675533264155575,55.60277296572419,407.9908670278696 37.67577097598473,55.602775532933734,407.9908670278696 37.676008687852224,55.60277809968264,409.12534273587744 37.67624639975806,55.602780665970904,409.12534273587744 37.6764841117022,55.60278323179853,411.3685525747446 37.676721823684666,55.602785797165524,411.3685525747446 37.676959535705436,55.602788362071884,412.36255587064306 37.677197247764504,55.60279092651759,412.36255587064306 37.67743495986187,55.60279349050266,412.87720430814306 37.67767267199753,55.6027960540271,412.87720430814306 37.67791038417147,55.6027986170909,413.567862877479 37.67814809638367,55.60280117969406,413.567862877479 37.67838580863415,55.60280374183659,412.92204988919775 37.67862352092289,55.602806303518456,412.92204988919775 37.67886123324988,55.60280886473969,412.19800508939306 37.67909894561512,55.6028114255003,412.19800508939306 37.67933665801859,55.602813985800246,414.1188577505259 37.6795743704603,55.60281654563957,414.1188577505259 37.67981208294024,55.60281910501825,415.142081627479 37.680049795458395,55.60282166393629,415.142081627479 37.68028750801476,55.602824222393686,415.3011087270884 37.680525220609326,55.602826780390444,415.3011087270884 37.6807629332421,55.60282933792656,415.9666360708384 37.681000645913066,55.602831895002026,415.9666360708384 37.68123835862221,55.60283445161686,417.2261117788462 37.68147607136954,55.60283700777106,417.2261117788462 37.68171378415503,55.6028395634646,416.2103494497446 37.681951496978684,55.6028421186975,416.2103494497446 37.68218920984051,55.60284467346976,417.2960428091196 37.682426922740476,55.60284722778139,417.2960428091196 37.682664635678584,55.60284978163237,420.5263131948618 37.68290234865483,55.602852335022696,420.5263131948618 37.68314006166921,55.602854887952404,420.7883676382212 37.683377774721706,55.60285744042145,420.7883676382212 37.683615487812325,55.60285999242987,422.893790611854 37.68385320094105,55.602862543977615,422.893790611854 37.68409091410788,55.602865095064736,424.4678415151743 37.684328627312794,55.60286764569122,424.4678415151743 37.68456634055581,55.60287019585706,425.6701883169321 37.684804053836906,55.60287274556225,425.6701883169321 37.685041767156065,55.6028752948068,425.4750589224009 37.6852794805133,55.6028778435907,425.4750589224009 37.6855171939086,55.602880391913956,425.29541719876806 37.68575490734195,55.60288293977658,425.29541719876806 37.685992620813344,55.60288548717853,424.33640230618994 37.686230334322794,55.602888034119864,424.33640230618994 37.686468047870264,55.602890580600544,424.4926217886118 37.686705761455755,55.60289312662058,424.4926217886118 37.686943475079275,55.60289567217997,425.4203256460337 37.68718118874081,55.60289821727871,425.4203256460337 37.68741890244035,55.6029007619168,425.39311922513525 37.68765661617788,55.60290330609426,425.39311922513525 37.68789432995341,55.602905849811066,424.3539193960337 37.68813204376692,55.602908393067224,424.3539193960337 37.68836975761842,55.602910935862745,424.0741647573618 37.688607471507886,55.602913478197614,424.0741647573618 37.68884518543531,55.602916020071824,423.6937173696665 37.6890828994007,55.6029185614854,423.6937173696665 37.689320613404035,55.60292110243834,422.682364830604 37.68955832744532,55.60292364293062,422.682364830604 37.68979604152454,55.60292618296225,418.3265603872446 37.69003375564169,55.60292872253324,418.3265603872446 37.69027146979676,55.602931261643576,419.8977273794321 37.690509183989754,55.602933800293265,419.8977273794321 37.69074689822065,55.60293633848231,423.03061617337744 37.69098461248946,55.6029388762107,423.03061617337744 37.69122232679615,55.60294141347845,417.3550485464243 37.69146004114074,55.60294395028555,417.3550485464243 37.691697755523215,55.602946486632,409.65552462064306 37.691935469943566,55.602949022517805,409.65552462064306 37.69217318440178,55.60295155794296,404.0382913442759 37.692410898897855,55.60295409290747,404.0382913442759 37.69264861343179,55.60295662741131,401.4892801138071 37.69288632800357,55.60295916145452,401.4892801138071 37.693124042613185,55.60296169503709,399.83460176908056 37.69336175726064,55.60296422815898,399.83460176908056 37.69359947194593,55.602966760820244,398.0595163198618 37.69383718666903,55.602969293020855,398.0595163198618 37.69407490142994,55.60297182476081,395.3568338247446 37.69431261622867,55.602974356040114,395.3568338247446 37.694550331065194,55.60297688685877,392.8477395864634 37.69478804593951,55.60297941721678,392.8477395864634 37.695025760851614,55.60298194711414,391.5513376089243 37.6952634758015,55.602984476550844,391.5513376089243 37.69550119078915,55.60298700552689,389.7500680776743 37.69573890581457,55.6029895340423,389.7500680776743 37.695976620877744,55.60299206209705,388.8223337026743 37.69621433597868,55.60299458969115,388.8223337026743 37.696452051117355,55.60299711682459,391.3789438100962 37.69668976629377,55.60299964349739,391.3789438100962 37.69692748150791,55.603002169709534,392.72608126126806 37.697165196759784,55.60300469546103,392.72608126126806 37.69740291204937,55.60300722075186,396.88562715970556 37.697640627376664,55.60300974558205,396.88562715970556 37.69787834274167,55.60301226995159,400.6682809682993 37.698116058144365,55.60301479386048,400.6682809682993 37.698353773584756,55.603017317308705,403.2452310415415 37.69859148906282,55.603019840296284,403.2452310415415 37.69882920457857,55.603022362823204,405.6643899770884 37.69906692013199,55.60302488488948,405.6643899770884 37.69930463572307,55.6030274064951,406.34905184232275 37.6995423513518,55.60302992764006,406.34905184232275 37.69978006701818,55.60303244832437,400.8968118520884 37.70001778272221,55.60303496854802,400.8968118520884 37.70025549846387,55.603037488311024,398.24378145658056 37.70049321424316,55.60304000761337,398.24378145658056 37.70073093006007,55.60304252645507,402.07053316556494 37.70096864591459,55.60304504483611,402.07053316556494 37.701206361806726,55.60304756275649,406.6952585073618 37.70144407773646,55.603050080216214,406.6952585073618 37.701681793703784,55.603052597215296,410.19824923001806 37.701919509708695,55.60305511375371,410.19824923001806 37.702157225751186,55.603057629831476,414.5347818227915 37.70239494183126,55.60306014544857,414.5347818227915 37.70263265794889,55.60306266060503,420.1433938833384 37.70287037410407,55.60306517530083,420.1433938833384 37.70310809029682,55.60306768953596,426.1776040884165 37.70334580652712,55.603070203310445,426.1776040884165 37.703583522794936,55.603072716624276,430.4491342397837 37.7038212391003,55.60307522947745,430.4491342397837 37.70405895544319,55.60307774186997,431.2659067007212 37.70429667182359,55.60308025380182,431.2659067007212 37.704534388241505,55.60308276527303,426.73552645169775 37.70477210469692,55.603085276283565,426.73552645169775 37.70500982118984,55.60308778683345,422.3382943960337 37.705247537720254,55.60309029692267,422.3382943960337 37.70548525428814,55.60309280655125,421.2793649526743 37.70572297089351,55.603095315719166,421.2793649526743 37.705960687536354,55.60309782442641,421.5296090932993 37.70619840421665,55.603100332673016,421.5296090932993 37.706436120934406,55.603102840458966,422.2843393179087 37.70667383768962,55.603105347784236,422.2843393179087 37.70691155448227,55.603107854648854,424.4771341177134 37.70714927131235,55.60311036105282,424.4771341177134 37.70738698817987,55.603112866996135,428.299308189979 37.70762470508481,55.60311537247877,428.299308189979 37.70786242202716,55.603117877500765,431.3759988638071 37.70810013900692,55.60312038206209,431.3759988638071 37.70833785602408,55.60312288616276,430.66760958158056 37.70857557307864,55.60312538980277,430.66760958158056 37.70881329017058,55.60312789298212,426.99597872220556 37.709051007299905,55.603130395700795,426.99597872220556 37.7092887244666,55.60313289795884,427.66199434720556 37.70952644167067,55.603135399756205,427.66199434720556 37.709764158912094,55.603137901092914,428.8298715444712 37.71000187619087,55.60314040196895,428.8298715444712 37.710239593507,55.60314290238434,428.91599214993994 37.71047731086047,55.603145402339074,428.91599214993994 37.710715028251265,55.60314790183313,430.19951570951025 37.710952745679386,55.60315040086654,430.19951570951025 37.71119046314483,55.60315289943929,430.8285745474009 37.71142818064758,55.60315539755136,430.8285745474009 37.71166589818764,55.60315789520278,430.31108797513525 37.711903615764996,55.60316039239354,430.31108797513525 37.71214133337965,55.60316288912364,428.6484598013071 37.71237905103158,55.60316538539307,428.6484598013071 37.712616768720785,55.60316788120185,427.9092477651743 37.71285448644727,55.603170376549954,427.9092477651743 37.71309220421102,55.603172871437394,428.8090432974009 37.71332992201202,55.60317536586418,428.8090432974009 37.713567639850275,55.6031778598303,428.2559427114634 37.713805357725775,55.603180353335766,428.2559427114634 37.7140430756385,55.60318284638055,432.8804849477915 37.714280793588465,55.603185338964686,432.8804849477915 37.714518511575655,55.60318783108814,433.20041597806494 37.714756229600056,55.60319032275096,433.20041597806494 37.71499394766166,55.6031928139531,429.2694009634165 37.71523166576047,55.60319530469458,429.2694009634165 37.71546938389648,55.60319779497539,426.9274057241587 37.71570710206968,55.60320028479553,426.9274057241587 37.71594482028005,55.60320277415501,426.9455789419321 37.716182538527605,55.60320526305384,426.9455789419321 37.71642025681233,55.60320775149199,429.3441385122446 37.716657975134204,55.60321023946948,429.3441385122446 37.716895693493235,55.60321272698631,430.17900789701025 37.71713341188942,55.603215214042464,430.17900789701025 37.717371130322746,55.603217700637956,424.1013864370493 37.7176088487932,55.60322018677278,424.1013864370493 37.71784656730078,55.60322267244695,423.0032571645884 37.718084285845485,55.60322515766045,423.0032571645884 37.71832200442729,55.60322764241327,423.0032571645884 37.71855972304622,55.60323012670544,425.11325777493994 37.71879744170223,55.603232610536935,425.11325777493994 37.71903516039534,55.60323509390777,428.6549447866587 37.71927287912554,55.60323757681794,428.6549447866587 37.719510597892814,55.60324005926743,431.2720102163462 37.71974831669716,55.603242541256265,431.2720102163462 37.719986035538575,55.60324502278443,431.61353243314306 37.72022375441704,55.60324750385192,431.61353243314306 37.720461473332556,55.60324998445875,428.45056856595556 37.72069919228512,55.603252464604914,428.45056856595556 37.72093691127472,55.603254944290406,423.9759744497446 37.721174630301356,55.60325742351524,423.9759744497446 37.721412349365,55.6032599022794,424.13242281400244 37.72165006846568,55.60326238058289,424.13242281400244 37.72188778760336,55.6032648584257,425.00595797025244 37.72212550677804,55.603267335807864,425.00595797025244 37.72236322598972,55.60326981272934,424.4328073354868 37.72260094523838,55.60327228919016,424.4328073354868 37.72283866452404,55.6032747651903,423.9742807241587 37.72307638384667,55.60327724072979,423.9742807241587 37.723314103206256,55.60327971580859,423.66501558743994 37.723551822602815,55.60328219042675,423.66501558743994 37.72378954203633,55.60328466458421,422.0669320913462 37.724027261506784,55.60328713828102,422.0669320913462 37.72426498101418,55.603289611517134,422.1153177114634 37.72450270055851,55.6032920842926,422.1153177114634 37.724740420139774,55.60329455660739,421.962882408729 37.72497813975796,55.60329702846151,421.962882408729 37.72521585941305,55.603299499854955,421.4512094350962 37.72545357910505,55.60330197078773,421.4512094350962 37.72569129883395,55.60330444125984,421.4266275259165 37.72592901859975,55.60330691127128,421.4266275259165 37.72616673840242,55.60330938082205,421.56983126126806 37.72640445824198,55.603311849912146,421.56983126126806 37.72664217811841,55.603314318541564,423.2741922231821 37.726879898031704,55.60331678671032,423.2741922231821 37.72711761798186,55.6033192544184,423.97470797025244 37.727355337968866,55.60332172166581,423.97470797025244 37.72759305799272,55.60332418845255,423.89160860501806 37.72783077805341,55.603326654778606,423.89160860501806 37.72806849815093,55.603329120644005,423.3174051138071 37.72830621828527,55.603331586048725,423.3174051138071 37.72854393845643,55.60333405099277,423.75171602689306 37.7287816586644,55.603336515476144,423.75171602689306 37.72901937890918,55.603338979498844,425.3948587270884 37.729257099190754,55.60334144306087,425.3948587270884 37.729494819509114,55.603343906162216,426.71372164212744 37.72973253986426,55.603346368802896,426.71372164212744 37.729970260256174,55.60334883098291,423.90329683743994 37.73020798068486,55.60335129270224,423.90329683743994 37.730445701150316,55.60335375396091,420.4737161489634 37.73068342165252,55.60335621475889,420.4737161489634 37.73092114219148,55.60335867509621,420.7129739614634 37.73115886276718,55.60336113497284,420.7129739614634 37.731396583379606,55.6033635943888,420.07727755033056 37.731634304028766,55.60336605334409,420.07727755033056 37.73187202471465,55.6033685118387,419.56572664701025 37.73210974543724,55.60337096987264,419.56572664701025 37.73234746619654,55.60337342744591,418.4331888052134 37.73258518699255,55.6033758845585,418.4331888052134 37.732822907825245,55.60337834121041,417.57207430326025 37.73306062869463,55.60338079740164,417.57207430326025 37.73329834960069,55.603383253132215,417.03838289701025 37.73353607054342,55.603385708402094,417.03838289701025 37.73377379152283,55.60338816321131,416.6748422475962 37.73401151253889,55.60339061755983,416.6748422475962 37.734249233591605,55.6033930714477,415.6054300161509 37.73448695468096,55.60339552487488,415.6054300161509 37.73472467580696,55.603397977841375,414.8646158071665 37.734962396969586,55.60340043034721,414.8646158071665 37.735200118168834,55.603402882392366,414.4551919790415 37.73543783940471,55.60340533397683,414.4551919790415 37.73567556067719,55.60340778510063,415.6031411977915 37.735913281986285,55.60341023576375,415.6031411977915 37.73615100333196,55.6034126859662,416.19116915189306 37.73638872471424,55.603415135707955,416.19116915189306 37.736626446133094,55.60341758498904,414.7001413198618 37.73686416758853,55.60342003380944,414.7001413198618 37.73710188908054,55.60342248216919,414.9759134145884 37.737339610609105,55.60342493006823,414.9759134145884 37.737577332174226,55.60342737750661,416.3767923208384 37.737815053775904,55.6034298244843,416.3767923208384 37.73805277541412,55.603432271001324,416.7436899038462 37.73829049708887,55.60343471705765,416.7436899038462 37.73852821880015,55.60343716265331,417.9967721792368 37.738523893960476,55.603571912881385,417.9967721792368 37.73851956908419,55.603706663106266,417.7741311880259 37.73851524417129,55.60384141332795,417.55149019681494 37.738510919221774,55.60397616354642,417.328849205604 37.738506594235645,55.60411091376168,417.10620821439306 37.73850226921291,55.60424566397374,416.8835672231821 37.73849794415354,55.60438041418261,416.6609262319712 37.73849361905757,55.604515164388246,416.43828524076025 37.73848929392498,55.60464991459071,416.2156442495493 37.73848496875577,55.60478466478995,415.9930032583384 37.73848064354995,55.604919414985986,415.77036226712744 37.738476318307505,55.60505416517883,415.5477212759165 37.738238586822014,55.60505171943597,414.2280649038462 37.73800085537305,55.60504927323239,414.2280649038462 37.737763123960626,55.60504682656811,415.6028055044321 37.73752539258476,55.605044379443136,415.6028055044321 37.73728766124544,55.60504193185744,417.0142434927134 37.73704992994268,55.60503948381105,417.0142434927134 37.736812198676496,55.605037035303944,420.976554283729 37.73657446744688,55.60503458633614,420.976554283729 37.73633673625385,55.60503213690762,419.3584817739634 37.73609900509741,55.6050296870184,419.3584817739634 37.735861273977555,55.60502723666847,420.50420320951025 37.73562354289431,55.60502478585783,420.50420320951025 37.73538581184767,55.6050223345865,421.7665170522837 37.735148080837654,55.605019882854464,421.7665170522837 37.73491034986426,55.60501743066171,424.5266794057993 37.73467261892749,55.60501497800826,424.5266794057993 37.73443488802736,55.60501252489411,422.37175692044775 37.73419715716387,55.60501007131926,422.37175692044775 37.73395942633704,55.6050076172837,418.6147073599009 37.73372169554686,55.60500516278743,418.6147073599009 37.73348396479334,55.60500270783046,420.5673288198618 37.7332462340765,55.605000252412786,420.5673288198618 37.73300850339633,55.604997796534406,420.5079721304087 37.73277077275285,55.604995340195316,420.5079721304087 37.732533042146066,55.60499288339553,421.1049264761118 37.732295311575974,55.60499042613506,421.1049264761118 37.73205758104259,55.60498796841385,421.24741304837744 37.73181985054592,55.60498551023197,421.24741304837744 37.73158212008597,55.60498305158936,422.0399850698618 37.73134438966274,55.60498059248607,422.0399850698618 37.73110665927624,55.60497813292207,423.97612703763525 37.73086892892649,55.60497567289737,423.97612703763525 37.73063119861349,55.604973212411956,425.97026766263525 37.73039346833723,55.60497075146585,425.97026766263525 37.73015573809774,55.60496829005904,425.6536020132212 37.72991800789501,55.60496582819153,425.6536020132212 37.72968027772907,55.60496336586331,425.33708895169775 37.729442547599895,55.6049609030744,425.33708895169775 37.72920481750751,55.60495843982479,425.7889322134165 37.72896708745192,55.604955976114475,425.7889322134165 37.72872935743313,55.60495351194346,427.2441781850962 37.728491627451156,55.604951047311744,427.2441781850962 37.728253897505994,55.60494858221932,425.4930337759165 37.72801616759765,55.604946116666206,425.4930337759165 37.727778437726144,55.604943650652395,420.81211031400244 37.72754070789148,55.60494118417787,420.81211031400244 37.72730297809364,55.604938717242646,419.05982149564306 37.727065248332664,55.60493624984674,419.05982149564306 37.72682751860854,55.60493378199011,420.6617807241587 37.726589788921274,55.6049313136728,420.6617807241587 37.72635205927089,55.604928844894786,421.0098794790415 37.72611432965737,55.60492637565607,421.0098794790415 37.725876600080746,55.60492390595665,419.6429361196665 37.725638870541005,55.604921435796534,419.6429361196665 37.72540114103817,55.60491896517573,419.1339029165415 37.72516341157223,55.60491649409422,419.1339029165415 37.72492568214321,55.604914022552016,418.9021371694712 37.724687952751104,55.604911550549105,418.9021371694712 37.72445022339593,55.604909078085505,418.5064157339243 37.724212494077676,55.6049066051612,418.5064157339243 37.723974764796374,55.6049041317762,419.3649362417368 37.72373703555201,55.6049016579305,419.3649362417368 37.7234993063446,55.60489918362411,420.9625161977915 37.72326157717415,55.60489670885701,420.9625161977915 37.723023848040675,55.60489423362923,421.57334078275244 37.722786118944164,55.60489175794074,421.57334078275244 37.722548389884636,55.604889281791564,422.0154031606821 37.72231066086209,55.60488680518168,422.0154031606821 37.722072931876546,55.6048843281111,422.78012789212744 37.721835202928006,55.60488185057982,422.78012789212744 37.72159747401646,55.60487937258786,422.48963106595556 37.721359745141946,55.6048768941352,422.48963106595556 37.72112201630444,55.604874415221836,421.5044778677134 37.72088428750397,55.604871935847775,421.5044778677134 37.72064655874053,55.60486945601303,422.70655001126806 37.72040883001414,55.60486697571758,422.70655001126806 37.720171101324794,55.60486449496143,424.1139596792368 37.7199333726725,55.604862013744594,424.1139596792368 37.71969564405728,55.60485953206707,425.4330209585337 37.71945791547912,55.60485704992883,425.4330209585337 37.719220186938045,55.604854567329916,425.2230142446665 37.71898245843405,55.6048520842703,425.2230142446665 37.71874472996714,55.60484960074999,423.6279977651743 37.718507001537326,55.60484711676899,423.6279977651743 37.71826927314463,55.60484463232728,422.7956155630259 37.718031544789035,55.60484214742489,422.7956155630259 37.717793816470554,55.604839662061806,422.7956155630259 37.717556088189205,55.60483717623803,424.313956627479 37.71731835994499,55.604834689953556,424.313956627479 37.71708063173791,55.60483220320838,426.15903414212744 37.71684290356797,55.604829716002534,426.15903414212744 37.71660517543519,55.60482722833597,426.4148629995493 37.716367447339564,55.604824740208734,426.4148629995493 37.716129719281106,55.60482225162079,427.566153893104 37.715891991259824,55.604819762572156,427.566153893104 37.71565426327572,55.604817273062835,426.2813333364634 37.7154165353288,55.60481478309283,426.2813333364634 37.71517880741907,55.60481229266211,426.50762117826025 37.71494107954655,55.604809801770706,426.50762117826025 37.71470335171123,55.604807310418636,426.9032815786509 37.71446562391313,55.60480481860584,426.9032815786509 37.714227896152245,55.60480232633237,424.7676004263071 37.713990168428595,55.60479983359821,424.7676004263071 37.71375244074218,55.60479734040335,424.05603731595556 37.713514713093,55.6047948467478,424.05603731595556 37.71327698548106,55.604792352631556,425.8353952261118 37.71303925790639,55.60478985805464,425.8353952261118 37.71280153036898,55.604787363017024,432.5307229849009 37.712563802868836,55.60478486751872,432.5307229849009 37.71232607540597,55.604782371559715,431.297110924354 37.712088347980384,55.60477987514002,431.297110924354 37.71185062059209,55.60477737825965,429.3128579946665 37.711612893241096,55.60477488091857,429.3128579946665 37.7113751659274,55.604772383116824,430.60825289212744 37.711137438651015,55.60476988485438,430.60825289212744 37.71089971141195,55.604767386131236,429.696524986854 37.710661984210205,55.604764886947414,429.696524986854 37.710424257045794,55.6047623873029,427.7426370474009 37.71018652991872,55.604759887197694,427.7426370474009 37.70994880282899,55.604757386631796,428.21301973783056 37.70971107577661,55.604754885605225,428.21301973783056 37.7094733487616,55.60475238411796,432.2441781850962 37.70923562178394,55.60474988217,432.2441781850962 37.708997894843655,55.604747379761356,431.2141336294321 37.70876016794076,55.60474487689203,431.2141336294321 37.708522441075246,55.604742373562004,427.4725564809946 37.70828471424712,55.604739869771294,427.4725564809946 37.70804698745639,55.60473736551992,426.054923424354 37.70780926070307,55.604734860807824,426.054923424354 37.70757153398717,55.60473235563506,425.63986910306494 37.70733380730869,55.6047298500016,425.63986910306494 37.70709608066763,55.604727343907456,425.97051180326025 37.70685835406401,55.60472483735263,425.97051180326025 37.70662062749783,55.604722330337104,424.8443979116587 37.70638290096909,55.604719822860915,424.8443979116587 37.70614517447781,55.604717314924024,423.9882272573618 37.70590744802399,55.60471480652645,423.9882272573618 37.70566972160765,55.604712297668186,423.4104837270884 37.70543199522877,55.604709788349254,423.4104837270884 37.70519426888738,55.60470727856961,423.8683236929087 37.70495654258348,55.604704768329306,423.8683236929087 37.704718816317076,55.604702257628304,425.48764742337744 37.70448109008817,55.60469974646662,425.48764742337744 37.70424336389678,55.604697234844245,425.21623934232275 37.704005637742895,55.6046947227612,425.21623934232275 37.70376791162654,55.60469221021746,425.70871675931494 37.70353018554772,55.60468969721304,425.70871675931494 37.70329245950643,55.60468718374793,426.4318307729868 37.70305473350269,55.60468466982213,426.4318307729868 37.702817007536495,55.604682155435654,423.78154695951025 37.70257928160787,55.6046796405885,423.78154695951025 37.7023415557168,55.604677125280645,421.89897860013525 37.7021038298633,55.604674609512124,421.89897860013525 37.701866104047376,55.60467209328291,423.73906649076025 37.70162837826904,55.604669576593025,423.73906649076025 37.7013906525283,55.60466705944245,422.33444918118994 37.70115292682516,55.60466454183119,422.33444918118994 37.70091520115962,55.60466202375926,419.9821237417368 37.7006774755317,55.60465950522663,419.9821237417368 37.70043974994139,55.60465698623332,419.1983865591196 37.70020202438871,55.60465446677933,419.1983865591196 37.69996429887367,55.60465194686467,418.7954934927134 37.69972657339626,55.60464942648932,418.7954934927134 37.6994888479565,55.604646905653276,417.2527078481821 37.6992511225544,55.60464438435657,417.2527078481821 37.69901339718996,55.60464186259917,414.75510347806494 37.69877567186318,55.60463934038109,414.75510347806494 37.698537946574085,55.604636817702335,410.5188669057993 37.69830022132266,55.6046342945629,410.5188669057993 37.69806249610893,55.60463177096277,405.8274148794321 37.69782477093289,55.604629246901965,405.8274148794321 37.697587045794556,55.60462672238049,403.477286705604 37.69734932069393,55.60462419739833,403.477286705604 37.69711159563103,55.6046216719555,402.8229440542368 37.69687387060584,55.604619146051974,402.8229440542368 37.696636145618385,55.60461661968777,398.54350985013525 37.696398420668665,55.60461409286289,398.54350985013525 37.69616069575669,55.60461156557733,394.8171609731821 37.695922970882464,55.60460903783108,394.8171609731821 37.69568524604599,55.60460650962417,392.94507540189306 37.69544752124729,55.604603980956576,392.94507540189306 37.69520979648635,55.6046014518283,391.80420626126806 37.69497207176319,55.60459892223934,391.80420626126806 37.69473434707782,55.604596392189706,390.1089547964243 37.694496622430236,55.6045938616794,390.1089547964243 37.694258897820454,55.60459133070841,390.53220308743994 37.69402117324848,55.60458879927675,390.53220308743994 37.69378344871431,55.604586267384406,391.4577249380259 37.69354572421797,55.60458373503136,391.4577249380259 37.69330799975945,55.604581202217666,392.0015024038462 37.69307027533876,55.60457866894329,392.0015024038462 37.692832550955906,55.60457613520824,393.7219461294321 37.69259482661091,55.604573601012504,393.7219461294321 37.69235710230376,55.60457106635609,394.3763040395884 37.69211937803447,55.60456853123901,394.3763040395884 37.69188165380305,55.60456599566124,397.27214754544775 37.6916439296095,55.6045634596228,397.27214754544775 37.69140620545383,55.60456092312368,408.0080179067759 37.69116848133605,55.604558386163895,408.0080179067759 37.69093075725617,55.60455584874342,418.38050020658056 37.69069303321418,55.604553310862286,418.38050020658056 37.69045530921011,55.60455077252046,419.6482309194712 37.69021758524394,55.60454823371797,419.6482309194712 37.689979861315706,55.6045456944548,418.64922274076025 37.6897421374254,55.60454315473095,418.64922274076025 37.68950441357302,55.60454061454643,420.0832742544321 37.6892666897586,55.60453807390123,420.0832742544321 37.68902896598211,55.60453553279537,420.6455453725962 37.68879124224359,55.60453299122882,420.6455453725962 37.688553518543024,55.6045304492016,420.54453218900244 37.68831579488043,55.60452790671371,420.54453218900244 37.688078071255816,55.604525363765134,419.6507791372446 37.68784034766919,55.6045228203559,419.6507791372446 37.687602624120544,55.60452027648598,417.1964334341196 37.6873649006099,55.60451773215539,417.1964334341196 37.68712717713726,55.604515187364136,415.59592379056494 37.68688945370264,55.60451264211219,415.59592379056494 37.686651730306025,55.604510096399586,418.9208597036509 37.686414006947444,55.6045075502263,418.9208597036509 37.68617628362689,55.60450500359235,424.3075174184946 37.685938560344376,55.60450245649771,424.3075174184946 37.68570083709991,55.604499908942415,431.59714449368994 37.6854631138935,55.60449736092645,431.59714449368994 37.68522539072514,55.60449481244981,431.8723825307993 37.684987667594854,55.60449226351248,431.8723825307993 37.684749944502634,55.60448971411449,430.9230569692759 37.6845122214485,55.604487164255836,430.9230569692759 37.68427449843245,55.604484613936506,432.2582010122446 37.6840367754545,55.60448206315651,432.2582010122446 37.683799052514644,55.60447951191583,434.75908602201025 37.6835613296129,55.604476960214484,434.75908602201025 37.68332360674926,55.604474408052475,435.3311380239634 37.68308588392375,55.604471855429786,435.3311380239634 37.68284816113637,55.60446930234642,431.1718362661509 37.68261043838712,55.6044667488024,431.1718362661509 37.68237271567602,55.6044641947977,424.4614480825571 37.68213499300306,55.60446164033234,424.4614480825571 37.68189727036826,55.604459085406305,420.7879251333384 37.68165954777162,55.60445653001958,420.7879251333384 37.68142182521315,55.60445397417221,421.8794778677134 37.68118410269285,55.60445141786416,421.8794778677134 37.68094638021074,55.60444886109545,420.1740945669321 37.68070865776682,55.604446303866055,420.1740945669321 37.6804709353611,55.604443746176,419.4885934682993 37.680233212993585,55.60444118802529,419.4885934682993 37.679995490664275,55.60443862941389,420.2806314321665 37.67975776837318,55.604436070341826,420.2806314321665 37.67952004612032,55.6044335108091,418.46836031400244 37.679282323905674,55.60443095081571,418.46836031400244 37.67904460172928,55.60442839036164,418.42278231107275 37.67880687959113,55.6044258294469,418.42278231107275 37.678569157491225,55.60442326807151,417.2432473989634 37.678331435429584,55.604420706235445,417.2432473989634 37.678093713406206,55.6044181439387,415.7981790395884 37.677855991421104,55.6044155811813,415.7981790395884 37.67761826947427,55.60441301796323,413.45847261868994 37.67738054756574,55.60441045428449,413.45847261868994 37.67714282569549,55.60440789014509,412.87244356595556 37.67690510386355,55.60440532554501,412.87244356595556 37.67666738206991,55.60440276048428,413.2372659536509 37.67642966031458,55.604400194962885,413.2372659536509 37.676191938597576,55.60439762898081,409.1866830679087 37.6759542169189,55.604395062538075,409.1866830679087 37.675716495278564,55.60439249563468,407.39165438138525 37.67547877367656,55.60438992827061,407.39165438138525 37.6752410521129,55.60438736044588,407.24919832669775 37.67500333058761,55.60438479216048,407.24919832669775 37.674998787835584,55.60451953899261,407.24919832669775 37.674994245045106,55.60465428582152,408.5311502309946 37.674989702216166,55.60478903264719,408.5311502309946 37.674985159348765,55.604923779469644,408.8151010366587 37.674980616442916,55.605058526288865,408.8151010366587 37.6749760734986,55.60519327310487,408.89409578763525 37.67497153051582,55.60532801991764,408.89409578763525 37.67496698749458,55.605462766727186,407.92188204251806 37.674962444434875,55.605597513533496,407.92188204251806 37.67495790133672,55.60573226033658,407.7613443227915 37.67495335820009,55.60586700713643,407.7613443227915 37.674948815025004,55.60600175393308,408.10401094876806 37.67518654632413,55.60600432237307,408.10401094876806 37.67542427766161,55.606006890352354,409.1834329458384 37.675662009037445,55.60600945787096,409.1834329458384 37.67589974045163,55.60601202492886,410.07712496243994 37.67613747190415,55.606014591526076,410.07712496243994 37.676375203395004,55.606017157662606,411.78870333158056 37.67661293492418,55.60601972333843,411.78870333158056 37.67685066649168,55.60602228855356,412.881339439979 37.67708839809749,55.606024853308,412.881339439979 37.67732612974161,55.606027417601744,412.7027047964243 37.67756386142403,55.606029981434794,412.7027047964243 37.67780159314473,55.60603254480714,412.57788790189306 37.678039324903715,55.60603510771881,412.57788790189306 37.678277056700985,55.60603767016977,414.9534372182993 37.678514788536525,55.60604023216005,414.9534372182993 37.678752520410335,55.60604279368962,416.34946382962744 37.67899025232239,55.60604535475849,416.34946382962744 37.6792279842727,55.60604791536668,416.17204988919775 37.679465716261255,55.606050475514174,416.17204988919775 37.67970344828805,55.60605303520096,417.1351541372446 37.67994118035307,55.60605559442706,417.1351541372446 37.68017891245631,55.60605815319245,420.71050203763525 37.68041664459777,55.606060711497165,420.71050203763525 37.68065437677744,55.60606326934117,423.8109811636118 37.68089210899531,55.60606582672448,423.8109811636118 37.68112984125137,55.60606838364709,426.65113008939306 37.68136757354563,55.60607094010901,426.65113008939306 37.681605305878065,55.60607349611023,428.2717965932993 37.68184303824868,55.606076051650746,428.2717965932993 37.68208077065746,55.60607860673057,430.988273033729 37.68231850310439,55.6060811613497,430.988273033729 37.68255623558949,55.60608371550813,433.3479379507212 37.682793968112726,55.60608626920586,433.3479379507212 37.68303170067411,55.6060888224429,434.5075906606821 37.68326943327362,55.60609137521923,434.5075906606821 37.683507165911266,55.606093927534864,433.4686654897837 37.68374489858702,55.6060964793898,433.4686654897837 37.6839826313009,55.606099030784044,432.7313455434946 37.68422036405288,55.60610158171758,432.7313455434946 37.68445809684296,55.60610413219042,431.2767556997446 37.68469582967113,55.606106682202565,431.2767556997446 37.68493356253738,55.60610923175401,433.0565866323618 37.68517129544172,55.60611178084475,433.0565866323618 37.68540902838413,55.60611432947479,431.36179293118994 37.685646761364595,55.60611687764414,431.36179293118994 37.685884494383124,55.60611942535278,425.3308481069712 37.686122227439704,55.606121972600725,425.3308481069712 37.686359960534325,55.60612451938796,418.3157113882212 37.68659769366699,55.6061270657145,418.3157113882212 37.68683542683768,55.60612961158034,416.66831148587744 37.687073160046396,55.60613215698549,416.66831148587744 37.68731089329313,55.606134701929925,418.7229226919321 37.687548626577865,55.60613724641367,418.7229226919321 37.68778635990061,55.6061397904367,418.1185983511118 37.688024093261355,55.60614233399904,418.1185983511118 37.68826182666008,55.606144877100675,411.8794778677134 37.688499560096794,55.6061474197416,411.8794778677134 37.688737293571485,55.60614996192184,403.3838723989634 37.68897502708413,55.60615250364136,403.3838723989634 37.68921276063476,55.606155044900184,397.0052713247446 37.68945049422333,55.606157585698305,397.0052713247446 37.68968822784984,55.606160126035725,393.6363748403696 37.689925961514305,55.60616266591244,393.6363748403696 37.690163695216704,55.60616520532846,390.888663658729 37.690401428957024,55.606167744283766,390.888663658729 37.690639162735266,55.606170282778386,388.81504000150244 37.69087689655142,55.60617282081228,388.81504000150244 37.69111463040549,55.606175358385485,386.6553567739634 37.69135236429745,55.606177895497986,386.6553567739634 37.69159009822731,55.60618043214978,387.2122720571665 37.691827832195045,55.606182968340875,387.2122720571665 37.69206556620067,55.60618550407126,391.90512789212744 37.692303300244156,55.60618803934094,391.90512789212744 37.69254103432552,55.60619057414991,395.9990915151743 37.69277876844473,55.60619310849819,395.9990915151743 37.69301650260181,55.60619564238576,399.36618746243994 37.69325423679672,55.606198175812615,399.36618746243994 37.69349197102947,55.60620070877878,405.3001626821665 37.69372970530005,55.60620324128424,405.3001626821665 37.69396743960846,55.60620577332897,409.29212130033056 37.694205173954686,55.60620830491302,409.29212130033056 37.694442908338715,55.606210836036354,406.06572664701025 37.69468064276055,55.60621336669899,406.06572664701025 37.69491837722019,55.606215896900906,399.5898660513071 37.695156111717615,55.60621842664213,399.5898660513071 37.69539384625282,55.60622095592264,397.7313455434946 37.695631580825804,55.606223484742436,397.7313455434946 37.69586931543655,55.60622601310154,400.79785860501806 37.69610705008507,55.60622854099992,400.79785860501806 37.69634478477134,55.60623106843762,403.2654641958384 37.69658251949536,55.606233595414594,403.2654641958384 37.69682025425712,55.606236121930856,406.3937448354868 37.69705798905661,55.60623864798642,406.3937448354868 37.69729572389384,55.60624117358128,407.9475320669321 37.69753345876878,55.606243698715424,407.9475320669321 37.69777119368144,55.60624622338887,409.1390298696665 37.69800892863181,55.60624874760159,409.1390298696665 37.69824666361987,55.60625127135362,411.82158602201025 37.698484398645626,55.606253794644935,411.82158602201025 37.698722133709076,55.60625631747553,416.7962869497446 37.698959868810206,55.60625883984543,416.7962869497446 37.699197603949,55.60626136175462,419.5778268667368 37.699435339125465,55.60626388320309,419.5778268667368 37.69967307433959,55.60626640419086,420.4627908559946 37.699910809591366,55.60626892471792,420.4627908559946 37.70014854488079,55.60627144478427,421.3652566763071 37.70038628020786,55.60627396438991,421.3652566763071 37.700624015572544,55.60627648353485,421.7140725942759 37.700861750974866,55.60627900221907,421.7140725942759 37.7010994864148,55.60628152044258,422.5492624136118 37.701337221892345,55.60628403820539,422.5492624136118 37.701574957407495,55.60628655550747,423.9331430288462 37.701812692960246,55.60628907234885,423.9331430288462 37.702050428550585,55.60629158872952,425.4988473745493 37.702288164178505,55.60629410464947,425.4988473745493 37.702525899844005,55.60629662010872,427.6216958852915 37.70276363554707,55.60629913510726,427.6216958852915 37.703001371287705,55.606301649645076,428.24614656888525 37.70323910706589,55.60630416372219,428.24614656888525 37.70347684288163,55.60630667733859,427.5341256948618 37.7037145787349,55.60630919049427,427.5341256948618 37.703952314625724,55.60631170318925,428.8745950552134 37.70419005055407,55.606314215423524,428.8745950552134 37.704427786519936,55.60631672719707,428.56165255033056 37.704665522523314,55.60631923850991,428.56165255033056 37.7049032585642,55.60632174936204,428.3604654165415 37.70514099464259,55.60632425975345,428.3604654165415 37.705378730758476,55.606326769684145,429.23003328763525 37.70561646691185,55.60632927915414,429.23003328763525 37.705854203102696,55.60633178816341,428.97949923001806 37.706091939331024,55.60633429671197,428.97949923001806 37.70632967559681,55.60633680479982,429.6572641225962 37.70656741190007,55.60633931242696,429.6572641225962 37.70680514824077,55.606341819593375,429.8646615835337 37.707042884618915,55.60634432629907,429.8646615835337 37.70728062103451,55.60634683254407,429.9788278432993 37.70751835748753,55.60634933832835,429.9788278432993 37.707756093977984,55.60635184365191,429.7511209341196 37.70799383050584,55.606354348514756,429.7511209341196 37.708231567071124,55.60635685291688,429.5455545278696 37.70846930367381,55.606359356858306,429.5455545278696 37.70870704031389,55.606361860339014,427.62790621243994 37.70894477699136,55.606364363359,427.62790621243994 37.70918251370622,55.60636686591826,426.20774019681494 37.70942025045845,55.60636936801683,426.20774019681494 37.70965798724806,55.606371869654666,427.1115335317759 37.709895724075025,55.60637437083178,427.1115335317759 37.710133460939346,55.6063768715482,429.4043344350962 37.71037119784103,55.60637937180389,429.4043344350962 37.71060893478004,55.606381871598856,429.16989839993994 37.7108466717564,55.606384370933114,429.16989839993994 37.71108440877008,55.60638686980666,430.30547274076025 37.711322145821086,55.60638936821949,430.30547274076025 37.711559882909405,55.606391866171585,425.83582247220556 37.71179762003504,55.606394363662986,425.83582247220556 37.71203535719797,55.606396860693664,423.4138864370493 37.7122730943982,55.60639935726362,423.4138864370493 37.71251083163571,55.60640185337285,425.3010629507212 37.712748568910506,55.606404349021375,425.3010629507212 37.71298630622258,55.606406844209175,427.53867281400244 37.71322404357191,55.60640933893626,427.53867281400244 37.71346178095852,55.60641183320263,427.7650369497446 37.71369951838236,55.60641432700827,427.7650369497446 37.71393725584347,55.6064168203532,428.1146615835337 37.71417499334181,55.60641931323741,428.1146615835337 37.71441273087738,55.60642180566091,429.703116783729 37.714650468450166,55.606424297623676,429.703116783729 37.71488820606018,55.60642678912573,432.2526468130259 37.71512594370742,55.60642928016707,432.2526468130259 37.71536368139185,55.60643177074768,429.9237436147837 37.71560141911348,55.60643426086757,429.9237436147837 37.715839156872306,55.60643675052675,428.92481173001806 37.71607689466832,55.6064392397252,428.92481173001806 37.71631463250151,55.60644172846294,428.0533822866587 37.71655237037187,55.606444216739945,428.0533822866587 37.7167901082794,55.606446704556234,425.175528893104 37.71702784622407,55.606449191911814,425.175528893104 37.717265584205904,55.60645167880667,425.3838266225962 37.717503322224886,55.6064541652408,425.3838266225962 37.71774106028099,55.60645665121421,424.38030184232275 37.71797879837424,55.6064591367269,424.38030184232275 37.718216536504606,55.60646162177886,424.38030184232275 37.718454274672084,55.606464106370105,422.06162203275244 37.71869201287667,55.60646659050063,422.06162203275244 37.71892975111837,55.606469074170434,421.2272104116587 37.71916748939716,55.606471557379514,421.2272104116587 37.71940522771303,55.60647404012787,420.39890230618994 37.719642966066,55.60647652241552,420.39890230618994 37.71988070445603,55.60647900424242,419.81214083158056 37.720118442883134,55.60648148560861,419.81214083158056 37.72035618134729,55.606483966514084,421.1341470571665 37.72059391984851,55.606486446958826,421.1341470571665 37.72083165838678,55.60648892694285,422.0860208364634 37.72106939696208,55.60649140646615,422.0860208364634 37.72130713557442,55.60649388552873,421.66423738919775 37.72154487422379,55.60649636413058,421.66423738919775 37.721782612910175,55.6064988422717,421.8732370229868 37.722020351633574,55.6065013199521,421.8732370229868 37.722258090393986,55.60650379717178,422.8971780630259 37.72249582919139,55.60650627393074,422.8971780630259 37.72273356802579,55.60650875022896,422.4360727163462 37.722971306897165,55.60651122606647,422.4360727163462 37.72320904580553,55.606513701443255,423.4780649038462 37.72344678475086,55.606516176359314,423.4780649038462 37.72368452373316,55.60651865081464,421.82263887845556 37.72392226275242,55.60652112480925,421.82263887845556 37.72416000180863,55.60652359834313,418.84470308743994 37.72439774090178,55.60652607141629,418.84470308743994 37.72463548003187,55.60652854402872,416.2879251333384 37.724873219198884,55.606531016180426,416.2879251333384 37.72511095840284,55.6065334878714,417.06243074857275 37.725348697643696,55.60653595910166,417.06243074857275 37.72558643692146,55.60653842987119,417.82285250150244 37.72582417623614,55.60654090017999,417.82285250150244 37.726061915587714,55.60654337002806,421.7614358755259 37.726299654976174,55.60654583941541,421.7614358755259 37.72653739440151,55.606548308342035,424.5847848745493 37.726775133863725,55.60655077680793,424.5847848745493 37.72701287336282,55.60655324481309,426.2033304067759 37.727250612898764,55.60655571235752,426.2033304067759 37.72748835247157,55.60655817944124,426.7934182974009 37.72772609208121,55.606560646064224,426.7934182974009 37.727963831727706,55.60656311222648,424.2832406850962 37.728201571411034,55.60656557792801,424.2832406850962 37.72843931113119,55.60656804316881,422.0956033559946 37.728677050888166,55.606570507948874,422.0956033559946 37.728914790681955,55.606572972268225,423.830069908729 37.72915253051255,55.60657543612684,423.830069908729 37.729390270379945,55.60657789952472,424.7165902944712 37.72962801028413,55.60658036246188,424.7165902944712 37.72986575022511,55.60658282493831,424.68222750150244 37.730103490202865,55.60658528695401,424.68222750150244 37.73034123021739,55.606587748508986,419.9620736929087 37.73057897026868,55.60659020960322,419.9620736929087 37.730816710356734,55.606592670236736,422.8174051138071 37.73105445048154,55.60659513040952,422.8174051138071 37.73129219064308,55.60659759012157,423.6977151724009 37.73152993084137,55.606600049372894,423.6977151724009 37.73176767107638,55.606602508163476,424.7164224477915 37.73200541134813,55.606604966493336,424.7164224477915 37.73224315165659,55.606607424362466,418.2245706411509 37.73248089200176,55.60660988177087,418.2245706411509 37.73271863238363,55.60661233871854,418.9429086538462 37.7329563728022,55.60661479520549,418.9429086538462 37.73319411325746,55.60661725123168,420.4469369741587 37.7334318537494,55.60661970679717,420.4469369741587 37.73366959427803,55.60662216190191,418.1207650991587 37.73390733484331,55.60662461654592,418.1207650991587 37.73414507544527,55.606627070729196,419.3055337759165 37.73438281608387,55.606629524451755,419.3055337759165 37.73462055675913,55.60663197771356,421.9752878042368 37.73485829747103,55.60663443051465,421.9752878042368 37.73509603821956,55.606636882855014,422.41806734525244 37.73533377900472,55.60663933473463,422.41806734525244 37.73557151982651,55.60664178615351,420.96469820462744 37.7358092606849,55.60664423711167,420.96469820462744 37.7360470015799,55.606646687609086,418.4664529653696 37.73628474251151,55.60664913764578,418.4664529653696 37.7365224834797,55.606651587221734,417.58579195462744 37.73676022448449,55.606654036336955,417.58579195462744 37.73699796552586,55.60665648499145,415.9601053091196 37.7372357066038,55.606658933185194,415.9601053091196 37.7374734477183,55.60666138091822,415.3553842397837 37.73771118886937,55.6066638281905,415.3553842397837 37.73794893005698,55.60666627500206,415.47551668607275 37.73818667128114,55.60666872135288,415.47551668607275 37.738424412541846,55.60667116724296,415.18677462064306 37.73842008682333,55.606805917394134,416.1357873769907 37.73841576106819,55.60694066754212,417.0848001333384 37.73841143527643,55.60707541768689,417.3147653432993 37.73840710944805,55.60721016782847,417.54473055326025 37.73840278358304,55.60734491796683,417.65439801338397 37.7383984576814,55.60747966810199,417.7640654735076 37.73839413174314,55.60761441823395,417.87373293363135 37.73838980576825,55.607749168362716,417.98340039375506 37.73838547975674,55.60788391848827,418.0930678538787 37.738381153708595,55.60801866861061,418.20273531400244 37.73837682762383,55.60815341872975,418.20273531400244 37.73837250150243,55.60828816884569,415.7296823354868 37.738134750465534,55.608285722808375,415.4180063100962 37.73789699946518,55.6082832763103,415.4180063100962 37.73765924850137,55.608280829351465,423.05197847806494 37.737421497574125,55.60827838193187,423.05197847806494 37.73718374668344,55.6082759340515,421.7328714224009 37.73694599582933,55.60827348571037,421.7328714224009 37.7367082450118,55.60827103690849,425.786612877479 37.73647049423084,55.60826858764584,425.786612877479 37.73623274348649,55.608266137922435,428.2411264272837 37.73599499277873,55.60826368773826,428.2411264272837 37.73575724210758,55.60826123709333,424.361075768104 37.735519491473035,55.60825878598764,424.361075768104 37.735281740875116,55.6082563344212,420.31145418607275 37.73504399031382,55.60825388239398,420.31145418607275 37.734806239789165,55.60825142990602,418.78581942044775 37.73456848930114,55.60824897695728,418.78581942044775 37.73433073884976,55.60824652354779,420.1551889272837 37.734092988435044,55.60824406967753,420.1551889272837 37.73385523805699,55.60824161534652,420.7159341665415 37.7336174877156,55.60823916055475,420.7159341665415 37.73337973741088,55.608236705302225,421.30420626126806 37.733141987142844,55.60823424958893,421.30420626126806 37.732904236911494,55.60823179341489,418.4510415884165 37.732666486716845,55.60822933678008,418.4510415884165 37.732428736558894,55.608226879684516,418.0213083120493 37.73219098643765,55.608224422128195,418.0213083120493 37.73195323635313,55.60822196411111,418.2342752309946 37.731715486305326,55.60821950563327,418.2342752309946 37.731477736294245,55.60821704669467,417.14417208158056 37.731239986319906,55.60821458729532,417.14417208158056 37.73100223638232,55.6082121274352,418.6108774038462 37.73076448648147,55.60820966711432,418.6108774038462 37.73052673661738,55.60820720633269,418.5732034536509 37.73028898679006,55.60820474509031,418.5732034536509 37.73005123699951,55.608202283387165,414.7083658071665 37.72981348724573,55.608199821223266,414.7083658071665 37.72957573752874,55.60819735859861,413.04297579251806 37.729337987848545,55.60819489551319,413.04297579251806 37.72910023820514,55.60819243196703,412.45947969876806 37.728862488598544,55.6081899679601,412.45947969876806 37.72862473902876,55.60818750349241,415.548575768104 37.728386989495796,55.60818503856398,415.548575768104 37.72814923999965,55.60818257317478,420.1166604849009 37.72791149054035,55.60818010732483,420.1166604849009 37.72767374111788,55.60817764101412,421.5406411977915 37.72743599173226,55.60817517424266,421.5406411977915 37.727198242383494,55.60817270701045,421.09644258939306 37.72696049307159,55.60817023931747,421.09644258939306 37.72672274379654,55.608167771163735,418.52088106595556 37.726484994558376,55.60816530254926,418.52088106595556 37.726247245357094,55.60816283347401,414.1323922964243 37.72600949619269,55.608160363938026,414.1323922964243 37.72577174706519,55.60815789394128,413.30298555814306 37.72553399797459,55.60815542348379,413.30298555814306 37.72529624892089,55.60815295256553,415.48145235501806 37.72505849990411,55.60815048118652,415.48145235501806 37.72482075092425,55.60814800934676,416.63437593900244 37.72458300198132,55.60814553704625,416.63437593900244 37.72434525307533,55.608143064284974,416.6290658804087 37.72410750420628,55.608140591062956,416.6290658804087 37.72386975537418,55.60813811738018,413.7964547964243 37.72363200657903,55.60813564323664,413.7964547964243 37.72339425782086,55.608133168632364,415.48816622220556 37.723156509099645,55.60813069356734,415.48816622220556 37.72291876041541,55.60812821804154,416.9241098257212 37.72268101176816,55.60812574205501,416.9241098257212 37.7224432631579,55.6081232656077,417.7419656606821 37.72220551458464,55.60812078869967,417.7419656606821 37.72196776604838,55.60811831133087,417.7076333852915 37.721730017549135,55.60811583350134,417.7076333852915 37.72149226908691,55.608113355211024,418.81491793118994 37.7212545206617,55.60811087645998,418.81491793118994 37.721016772273536,55.608108397248174,419.9361490102915 37.7207790239224,55.60810591757563,419.9361490102915 37.72054127560831,55.608103437442324,420.5790170522837 37.72030352733128,55.60810095684827,420.5790170522837 37.72006577909131,55.60809847579346,419.99414766751806 37.719828030888394,55.60809599427791,419.99414766751806 37.719590282722564,55.60809351230161,420.06970919095556 37.71935253459381,55.60809102986454,420.06970919095556 37.71911478650214,55.60808854696674,419.9945901724009 37.718877038447566,55.608086063608184,419.9945901724009 37.71863929043009,55.60808357978887,421.804435143104 37.718401542449726,55.608081095508815,421.804435143104 37.718163794506474,55.60807861076801,425.5489877554087 37.71792604660035,55.60807612556646,425.5489877554087 37.717688298731346,55.608073639904156,425.5489877554087 37.71745055089948,55.608071153781104,427.40662325345556 37.71721280310475,55.60806866719731,427.40662325345556 37.71697505534718,55.608066180152754,426.85047090970556 37.71673730762676,55.60806369264746,426.85047090970556 37.7164995599435,55.60806120468141,425.3850320669321 37.71626181229741,55.60805871625462,425.3850320669321 37.716024064688504,55.60805622736707,428.9840005727915 37.71578631711678,55.60805373801878,428.9840005727915 37.71554856958224,55.60805124820975,432.46765840970556 37.715310822084895,55.60804875793996,432.46765840970556 37.71507307462476,55.608046267209424,434.043448814979 37.71483532720183,55.60804377601814,434.043448814979 37.71459757981612,55.60804128436612,427.72153414212744 37.714359832467636,55.60803879225333,427.72153414212744 37.71412208515638,55.608036299679824,426.4567025991587 37.71388433788237,55.60803380664555,426.4567025991587 37.7136465906456,55.60803131315054,428.45264376126806 37.71340884344608,55.60802881919478,428.45264376126806 37.71317109628383,55.60802632477827,432.5257486196665 37.71293334915883,55.608023829901015,432.5257486196665 37.71269560207111,55.60802133456302,433.513907799354 37.712457855020666,55.60801883876427,433.513907799354 37.712220108007514,55.60801634250478,433.7175515981821 37.71198236103165,55.60801384578455,433.7175515981821 37.71174461409309,55.60801134860357,432.0948404165415 37.71150686719184,55.60800885096183,432.0948404165415 37.7112691203279,55.60800635285937,432.8888315054087 37.71103137350128,55.60800385429615,432.8888315054087 37.71079362671198,55.608001355272194,433.71836031400244 37.710555879960026,55.60799885578749,433.71836031400244 37.710318133245416,55.60799635584205,434.91631258451025 37.71008038656814,55.60799385543584,434.91631258451025 37.70984263992823,55.60799135456891,429.7964090200571 37.709604893325675,55.607988853241224,429.7964090200571 37.70936714676049,55.607986351452794,428.14331758939306 37.70912940023268,55.607983849203634,428.14331758939306 37.70889165374226,55.60798134649372,428.43254793607275 37.708653907289225,55.607978843323075,428.43254793607275 37.70841616087359,55.60797633969167,428.02219332181494 37.70817841449536,55.60797383559954,428.02219332181494 37.707940668154535,55.60797133104665,428.5343240591196 37.70770292185112,55.60796882603303,428.5343240591196 37.70746517558514,55.60796632055865,428.11191500150244 37.707227429356585,55.607963814623545,428.11191500150244 37.70698968316547,55.607961308227694,428.6258920522837 37.706751937011795,55.6079588013711,428.6258920522837 37.706514190895575,55.60795629405376,430.23039949857275 37.706276444816815,55.60795378627568,430.23039949857275 37.70603869877552,55.607951278036865,430.0457681509165 37.705800952771696,55.6079487693373,430.0457681509165 37.705563206805344,55.607946260177,427.5584329458384 37.70532546087649,55.60794375055596,427.5584329458384 37.70508771498512,55.60794124047417,426.93010652982275 37.70484996913125,55.60793872993165,426.93010652982275 37.70461222331489,55.60793621892838,426.9205697866587 37.704374477536035,55.60793370746439,426.9205697866587 37.70413673179471,55.60793119553963,428.60019625150244 37.70389898609091,55.60792868315414,428.60019625150244 37.703661240424644,55.60792617030791,428.9706033559946 37.70342349479591,55.607923657000946,428.9706033559946 37.703185749204735,55.60792114323324,429.3143991323618 37.70294800365111,55.60791862900481,429.3143991323618 37.70271025813504,55.607916114315614,428.99863375150244 37.70247251265655,55.6079135991657,428.99863375150244 37.702234767215636,55.60791108355504,429.0603708120493 37.70199702181229,55.60790856748363,429.0603708120493 37.70175927644654,55.607906050951485,428.23105562650244 37.70152153111839,55.60790353395862,428.23105562650244 37.70128378582784,55.607901016505,426.32907808743994 37.701046040574894,55.60789849859064,426.32907808743994 37.700808295359565,55.60789598021555,425.4901498647837 37.700570550181865,55.60789346137972,425.4901498647837 37.700332805041796,55.607890942083145,426.1722024770884 37.70009505993936,55.60788842232585,426.1722024770884 37.69985731487456,55.60788590210781,425.15268648587744 37.69961956984742,55.607883381429026,425.15268648587744 37.699381824857944,55.607880860289505,424.4591287466196 37.69914407990612,55.607878338689254,424.4591287466196 37.698906334991975,55.607875816628265,424.7775033804087 37.6986685901155,55.607873294106525,424.7775033804087 37.69843084527672,55.60787077112407,422.7027810903696 37.698193100475635,55.60786824768087,422.7027810903696 37.69795535571223,55.607865723776925,420.824698814979 37.697717610986544,55.60786319941226,420.824698814979 37.69747986629857,55.60786067458685,420.6554635854868 37.697242121648316,55.6078581493007,420.6554635854868 37.69700437703578,55.607855623553824,420.6525491567759 37.69676663246099,55.60785309734621,420.6525491567759 37.69652888792393,55.60785057067786,420.41667879544775 37.696291143424624,55.60784804354878,420.41667879544775 37.696053398963066,55.60784551595896,420.8389352651743 37.695815654539274,55.6078429879084,420.8389352651743 37.69557791015325,55.60784045939712,419.3341897817759 37.69534016580499,55.607837930425084,419.3341897817759 37.695102421494525,55.607835400992336,413.91680086576025 37.69486467722184,55.60783287109883,413.91680086576025 37.69462693298695,55.607830340744606,406.44235933743994 37.69438918878986,55.607827809929645,406.44235933743994 37.694151444630585,55.60782527865395,400.5229104849009 37.69391370050912,55.60782274691753,400.5229104849009 37.69367595642548,55.60782021472037,395.6908639761118 37.693438212379675,55.607817682062475,395.6908639761118 37.6932004683717,55.607815148943835,392.9192117544321 37.69296272440157,55.60781261536449,392.9192117544321 37.69272498046929,55.60781008132439,391.70593965970556 37.69248723657486,55.607807546823565,391.70593965970556 37.692249492718304,55.607805011862006,391.2711557241587 37.69201174889962,55.60780247643972,391.2711557241587 37.6917740051188,55.607799940556696,390.9365457388071 37.69153626137587,55.607797404212945,390.9365457388071 37.691298517670845,55.60779486740846,390.3035348745493 37.6910607740037,55.60779233014323,390.3035348745493 37.69082303037447,55.6077897924173,388.5961068960337 37.69058528678315,55.60778725423062,388.5961068960337 37.69034754322975,55.60778471558321,387.1377328725962 37.69010979971427,55.60778217647507,387.1377328725962 37.68987205623673,55.607779636906194,387.80266512357275 37.68963431279712,55.60777709687659,387.80266512357275 37.68939656939546,55.60777455638626,390.6413186880259 37.68915882603176,55.607772015435195,390.6413186880259 37.68892108270602,55.60776947402341,391.2576516958384 37.68868333941823,55.607766932150874,391.2576516958384 37.68844559616843,55.60776438981763,388.3109506460337 37.68820785295661,55.60776184702364,388.3109506460337 37.68797010978277,55.60775930376893,387.3036111684946 37.687732366646934,55.60775676005348,387.3036111684946 37.68749462354909,55.60775421587732,390.60779512845556 37.68725688048926,55.60775167124042,390.60779512845556 37.687019137467445,55.607749126142785,393.0089944692759 37.686781394483646,55.60774658058443,393.0089944692759 37.686543651537875,55.60774403456534,392.0147165151743 37.686305908630146,55.60774148808553,392.0147165151743 37.68606816576046,55.607738941144994,391.8625100942759 37.685830422928824,55.607736393743714,391.8625100942759 37.685592680135244,55.607733845881725,400.87956942044775 37.68535493737972,55.60773129755899,400.87956942044775 37.68511719466227,55.60772874877554,412.1300271841196 37.684879451982894,55.60772619953136,412.1300271841196 37.684641709341605,55.607723649826454,417.7200082632212 37.68440396673841,55.60772109966082,417.7200082632212 37.68416622417331,55.607718549034445,419.1724466177134 37.68392848164631,55.60771599794736,419.1724466177134 37.68369073915743,55.60771344639954,419.6874460073618 37.68345299670666,55.607710894391,419.6874460073618 37.68321525429402,55.607708341921736,421.1808236929087 37.68297751191951,55.607705788991744,421.1808236929087 37.68273976958314,55.607703235601015,422.4271158071665 37.68250202728491,55.60770068174958,422.4271158071665 37.68226428502484,55.607698127437395,425.5259164663462 37.68202654280292,55.607695572664504,425.5259164663462 37.68178880061918,55.607693017430876,426.5202096792368 37.6815510584736,55.60769046173652,426.5202096792368 37.68131331636621,55.60768790558146,424.9576639028696 37.681075574297,55.60768534896566,424.9576639028696 37.68083783226599,55.60768279188913,423.9164193960337 37.68060009027318,55.60768023435188,423.9164193960337 37.68036234831857,55.6076776763539,423.77088106595556 37.68012460640218,55.60767511789522,423.77088106595556 37.67988686452401,55.607672558975786,423.6025613638071 37.67964912268407,55.60766999959565,423.6025613638071 37.679411380882364,55.607667439754785,423.83801973783056 37.6791736391189,55.60766487945318,423.83801973783056 37.67893589739368,55.60766231869086,423.057608971229 37.67869815570672,55.607659757467836,423.057608971229 37.67846041405802,55.607657195784064,420.9471353384165 37.678222672447596,55.60765463363959,420.9471353384165 37.67798493087544,55.60765207103438,420.5161355825571 37.67774718934157,55.607649507968446,420.5161355825571 37.67750944784599,55.6076469444418,420.4755014272837 37.67727170638871,55.60764438045441,420.4755014272837 37.67703396496972,55.60764181600633,418.4417947622446 37.676796223589065,55.6076392510975,418.4417947622446 37.67655848224671,55.60763668572796,414.7478708120493 37.67632074094268,55.60763411989769,414.7478708120493 37.676082999676986,55.60763155360671,409.2769235464243 37.67584525844963,55.607628986855005,409.2769235464243 37.675607517260616,55.607626419642585,407.2379068227915 37.67536977610996,55.60762385196944,407.2379068227915 37.67513203499766,55.60762128383556,406.4945291372446 37.67489429392372,55.60761871524097,406.4945291372446 37.67488975024858,55.607753461995664,409.28579653226416 37.67488520653497,55.607888208747106,412.0770639272837 37.67488066278289,55.60802295549534,414.8683313223032 37.67487611899234,55.60815770224034,417.65959871732275 37.674871575163316,55.60829244898212,419.3223108144907 37.67486703129583,55.60842719572066,420.9850229116587 37.674862487389866,55.608561942455985,420.9850229116587 37.67485794344543,55.60869668918807,420.77676332913916 37.67485339946253,55.60883143591695,420.5685037466196 37.67484885544115,55.60896618264258,419.17571199857275 37.6748443113813,55.609100929365006,417.7829202505259 37.674839767282975,55.609235676084175,411.54090059720556 37.67507751813272,55.609238244833385,411.54090059720556 37.675315269020835,55.609240813121836,415.71892488919775 37.67555301994731,55.60924338094954,415.71892488919775 37.67579077091215,55.609245948316506,413.3741830679087 37.676028521915335,55.60924851522272,413.3741830679087 37.67626627295686,55.609251081668184,413.1379007192759 37.676504024036724,55.60925364765289,413.1379007192759 37.676741775154916,55.60925621317685,412.963614830604 37.676979526311435,55.60925877824006,412.963614830604 37.67721727750627,55.60926134284252,408.49822176419775 37.677455028739416,55.60926390698424,408.49822176419775 37.677692780010865,55.609266470665204,406.74301851712744 37.677930531320605,55.60926903388542,406.74301851712744 37.67816828266863,55.60927159664488,407.87082613431494 37.678406034054944,55.60927415894359,407.87082613431494 37.67864378547952,55.609276720781544,409.8922494741587 37.67888153694238,55.60927928215877,409.8922494741587 37.679119288443495,55.60928184307523,408.2770608755259 37.67935703998286,55.609284403530935,408.2770608755259 37.679594791560476,55.609286963525896,406.0618051382212 37.67983254317633,55.609289523060085,406.0618051382212 37.68007029483042,55.60929208213355,403.2210153432993 37.68030804652274,55.609294640746256,403.2210153432993 37.68054579825327,55.609297198898204,403.6955942007212 37.68078355002202,55.6092997565894,403.6955942007212 37.68102130182897,55.609302313819846,402.9156411977915 37.681259053674125,55.60930487058954,402.9156411977915 37.68149680555747,55.60930742689848,399.123038658729 37.681734557479004,55.60930998274667,399.123038658729 37.68197230943871,55.609312538134105,390.0316842886118 37.682210061436585,55.60931509306079,390.0316842886118 37.682447813472635,55.609317647526716,387.572989830604 37.682685565546834,55.609320201531894,387.572989830604 37.682923317659196,55.60932275507632,384.6538461538462 37.68316106980969,55.60932530815998,384.6538461538462 37.683398821998324,55.6093278607829,393.81491793118994 37.68363657422509,55.609330412945056,393.81491793118994 37.68387432648998,55.60933296464647,402.75562227689306 37.684112078792985,55.60933551588711,402.75562227689306 37.6843498311341,55.60933806666702,400.57109774076025 37.68458758351331,55.60934061698616,400.57109774076025 37.684825335930626,55.60934316684455,389.8907388540415 37.68506308838604,55.60934571624218,389.8907388540415 37.68530084087952,55.60934826517906,395.5011667104868 37.68553859341108,55.609350813655176,395.5011667104868 37.685776345980706,55.60935336167055,406.96994722806494 37.686014098588394,55.60935590922516,406.96994722806494 37.68625185123414,55.609358456319015,414.8342965932993 37.686489603917934,55.60936100295211,414.8342965932993 37.68672735663977,55.60936354912445,417.9067758413462 37.68696510939964,55.60936609483604,417.9067758413462 37.68720286219753,55.60936864008687,421.0443033071665 37.687440615033445,55.60937118487694,421.0443033071665 37.687678367907374,55.60937372920627,425.03586519681494 37.68791612081931,55.60937627307482,425.03586519681494 37.688153873769245,55.609378816482625,426.3955911489634 37.68839162675717,55.60938135942967,426.3955911489634 37.68862937978309,55.60938390191596,418.1438669057993 37.68886713284698,55.609386443941496,418.1438669057993 37.689104885948844,55.609388985506264,414.96045626126806 37.68934263908868,55.60939152661028,414.96045626126806 37.689580392266464,55.60939406725355,411.8118814321665 37.68981814548221,55.60939660743605,411.8118814321665 37.690055898735885,55.60939914715779,412.37216890775244 37.69029365202751,55.60940168641877,412.37216890775244 37.69053140535706,55.60940422521899,414.82263887845556 37.69076915872454,55.60940676355846,414.82263887845556 37.69100691212994,55.60940930143717,415.26059664212744 37.69124466557324,55.60941183885511,415.26059664212744 37.69148241905445,55.60941437581229,418.1330026479868 37.691720172573554,55.60941691230873,418.1330026479868 37.691957926130556,55.6094194483444,418.23560274564306 37.69219567972543,55.609421983919304,418.23560274564306 37.69243343335818,55.60942451903345,417.3159402700571 37.69267118702881,55.60942705368685,417.3159402700571 37.69290894073729,55.60942958787948,420.45801485501806 37.69314669448363,55.609432121611334,420.45801485501806 37.69338444826782,55.609434654882456,421.1925882192759 37.69362220208985,55.609437187692805,421.1925882192759 37.69385995594972,55.60943972004239,421.5412057729868 37.69409770984741,55.60944225193121,421.5412057729868 37.69433546378292,55.60944478335927,423.79851473294775 37.69457321775625,55.60944731432658,423.79851473294775 37.69481097176739,55.609449844833115,424.6765359731821 37.69504872581632,55.6094523748789,424.6765359731821 37.69528647990305,55.60945490446392,423.4002908559946 37.69552423402756,55.609457433588176,423.4002908559946 37.69576198818986,55.60945996225167,422.00546968900244 37.69599974238992,55.60946249045439,422.00546968900244 37.69623749662776,55.609465018196374,422.5197976919321 37.69647525090335,55.60946754547758,422.5197976919321 37.696713005216694,55.60947007229802,422.57529390775244 37.69695075956779,55.609472598657696,422.57529390775244 37.69718851395662,55.60947512455662,422.53562105618994 37.697426268383175,55.60947764999477,422.53562105618994 37.69766402284746,55.60948017497217,425.5748971792368 37.697901777349465,55.60948269948878,425.5748971792368 37.698139531889176,55.60948522354466,425.2071145864634 37.69837728646659,55.60948774713975,425.2071145864634 37.69861504108171,55.6094902702741,426.41477144681494 37.69885279573452,55.60949279294766,426.41477144681494 37.699090550425005,55.609495315160466,426.8540414663462 37.699328305153166,55.60949783691251,426.8540414663462 37.699566059919,55.60950035820379,427.576896080604 37.69980381472249,55.60950287903431,427.576896080604 37.70004156956365,55.609505399404064,429.0686410757212 37.700279324442455,55.60950791931303,429.0686410757212 37.7005170793589,55.609510438761255,429.8598245474009 37.700754834312974,55.609512957748706,429.8598245474009 37.70099258930468,55.609515476275405,431.2100747915415 37.70123034433402,55.60951799434132,431.2100747915415 37.70146809940096,55.60952051194647,432.7679818960337 37.70170585450551,55.609523029090866,432.7679818960337 37.701943609647664,55.60952554577449,431.33183992826025 37.70218136482742,55.609528061997345,431.33183992826025 37.70241912004475,55.60953057775943,432.4100259634165 37.70265687529967,55.609533093060755,432.4100259634165 37.702894630592155,55.60953560790131,431.7538522573618 37.70313238592221,55.60953812228111,431.7538522573618 37.70337014128982,55.60954063620013,428.9596780630259 37.70360789669499,55.60954314965839,428.9596780630259 37.7038456521377,55.60954566265587,429.0545266958384 37.70408340761796,55.60954817519259,429.0545266958384 37.70432116313574,55.609550687268545,430.43274630033056 37.70455891869105,55.60955319888373,430.43274630033056 37.704796674283884,55.609555710038144,429.78276766263525 37.70503442991422,55.6095582207318,429.78276766263525 37.70527218558206,55.609560730964674,431.9193490835337 37.70550994128741,55.609563240736776,431.9193490835337 37.70574769703023,55.60956575004813,433.36968172513525 37.70598545281055,55.609568258898705,433.36968172513525 37.706223208628344,55.6095707672885,435.2513803335337 37.70646096448361,55.60957327521754,435.2513803335337 37.70669872037634,55.60957578268581,435.0987924429087 37.70693647630653,55.609578289693296,435.0987924429087 37.70717423227416,55.60958079624003,433.07878817044775 37.70741198827924,55.60958330232599,433.07878817044775 37.70764974432175,55.60958580795118,430.8568338247446 37.70788750040169,55.60958831311559,430.8568338247446 37.708125256519054,55.609590817819225,428.848868736854 37.708363012673836,55.60959332206211,428.848868736854 37.70860076886602,55.60959582584421,427.3570169302134 37.708838525095615,55.60959832916556,427.3570169302134 37.7090762813626,55.609600832026125,426.9780954214243 37.70931403766697,55.60960333442591,426.9780954214243 37.709551794008725,55.609605836364935,427.4094461294321 37.70978955038785,55.609608337843184,427.4094461294321 37.71002730680434,55.609610838860654,427.10108126126806 37.7102650632582,55.609613339417365,427.10108126126806 37.7105028197494,55.609615839513296,427.7895730825571 37.71074057627796,55.609618339148476,427.7895730825571 37.71097833284385,55.60962083832286,429.36081636868994 37.71121608944708,55.60962333703647,429.36081636868994 37.71145384608763,55.60962583528932,431.08228243314306 37.7116916027655,55.609628333081396,431.08228243314306 37.711929359480685,55.60963083041269,430.8224557729868 37.712167116233175,55.60963332728323,430.8224557729868 37.71240487302296,55.609635823692976,427.8367532583384 37.712642629850045,55.60963831964195,427.8367532583384 37.7128803867144,55.609640815130156,425.5644754263071 37.71311814361605,55.609643310157594,425.5644754263071 37.71335590055496,55.60964580472425,425.3254617544321 37.713593657531135,55.60964829883015,425.3254617544321 37.71383141454457,55.60965079247526,425.25611055814306 37.714069171595256,55.609653285659604,425.25611055814306 37.71430692868318,55.60965577838316,427.9199441763071 37.71454468580834,55.60965827064595,427.9199441763071 37.71478244297074,55.60966076244796,428.8387063833384 37.71502020017035,55.609663253789215,428.8387063833384 37.71525795740719,55.60966574466967,428.48931063138525 37.715495714681225,55.609668235089366,428.48931063138525 37.71573347199247,55.609670725048275,428.52609957181494 37.71597122934091,55.60967321454641,428.52609957181494 37.716208986726535,55.60967570358378,426.5179818960337 37.716446744149344,55.60967819216037,426.5179818960337 37.71668450160932,55.60968068027618,424.3119272085337 37.716922259106475,55.60968316793121,424.3119272085337 37.71716001664079,55.609685655125475,422.6421579214243 37.71739777421225,55.60968814185896,422.6421579214243 37.71763553182087,55.609690628131666,421.27426851712744 37.71787328946662,55.6096931139436,421.27426851712744 37.718111047149506,55.609695599294746,421.27426851712744 37.718348804869514,55.60969808418512,420.924064049354 37.718586562626655,55.60970056861473,420.924064049354 37.71882432042089,55.60970305258354,420.8804849477915 37.71906207825224,55.60970553609159,420.8804849477915 37.7192998361207,55.60970801913885,420.12354219876806 37.71953759402624,55.60971050172534,420.12354219876806 37.71977535196886,55.60971298385106,426.6473001333384 37.72001310994857,55.60971546551598,426.6473001333384 37.72025086796535,55.609717946720146,432.9036783071665 37.72048862601919,55.609720427463515,432.9036783071665 37.72072638411009,55.60972290774612,426.55896700345556 37.72096414223804,55.609725387567934,426.55896700345556 37.72120190040304,55.60972786692897,419.4199594350962 37.72143965860507,55.60973034582924,419.4199594350962 37.72167741684413,55.60973282426871,417.6018747182993 37.72191517512021,55.609735302247415,417.6018747182993 37.722152933433314,55.60973777976534,414.9587625356821 37.722390691783424,55.60974025682249,414.9587625356821 37.72262845017054,55.609742733418855,412.5084604116587 37.72286620859465,55.60974520955444,412.5084604116587 37.72310396705575,55.60974768522924,417.2697976919321 37.72334172555383,55.60975016044326,417.2697976919321 37.72357948408889,55.6097526351965,425.7383645864634 37.723817242660914,55.609755109488965,425.7383645864634 37.724055001269896,55.60975758332065,426.27756441556494 37.72429275991584,55.60976005669155,426.27756441556494 37.724530518598726,55.609762529601674,422.983634361854 37.72476827731856,55.60976500205101,422.983634361854 37.72500603607532,55.60976747403958,415.8998483511118 37.72524379486901,55.609769945567336,415.8998483511118 37.72548155369962,55.60977241663435,412.14145601712744 37.72571931256715,55.60977488724054,412.14145601712744 37.725957071471576,55.60977735738598,413.0868753286509 37.72619483041291,55.60977982707063,413.0868753286509 37.72643258939113,55.60978229629448,414.4098123403696 37.72667034840624,55.609784765057576,414.4098123403696 37.72690810745823,55.60978723335988,415.7876352163462 37.72714586654709,55.6097897012014,415.7876352163462 37.72738362567281,55.60979216858214,415.3758767934946 37.727621384835395,55.609794635502084,415.3758767934946 37.72785914403483,55.60979710196125,415.630118736854 37.72809690327111,55.609799567959655,415.630118736854 37.72833466254423,55.60980203349724,414.5915750356821 37.728572421854174,55.60980449857406,414.5915750356821 37.72881018120095,55.609806963190096,413.67771089993994 37.729047940584536,55.60980942734536,413.67771089993994 37.72928570000494,55.609811891039826,412.6521829458384 37.729523459462136,55.6098143542735,412.6521829458384 37.729761218956135,55.609816817046394,412.58899630033056 37.729998978486925,55.60981927935852,412.58899630033056 37.7302367380545,55.60982174120984,413.7103647085337 37.73047449765885,55.60982420260039,413.7103647085337 37.73071225729996,55.60982666353014,415.2258676382212 37.730950016977836,55.60982912399913,415.2258676382212 37.73118777669247,55.60983158400731,413.55132235013525 37.73142553644385,55.60983404355471,413.55132235013525 37.73166329623198,55.609836502641336,410.8890603872446 37.731901056056834,55.60983896126716,410.8890603872446 37.73213881591842,55.6098414194322,410.41252840482275 37.73237657581673,55.60984387713647,410.41252840482275 37.73261433575175,55.609846334379945,410.15891207181494 37.73285209572347,55.609848791162634,410.15891207181494 37.733089855731905,55.609851247484535,410.7598031850962 37.73332761577702,55.60985370334564,410.7598031850962 37.73356537585883,55.60985615874597,413.1841958852915 37.73380313597732,55.60985861368551,413.1841958852915 37.73404089613248,55.609861068164264,414.86276949368994 37.73427865632431,55.60986352218223,414.86276949368994 37.734516416552786,55.60986597573941,418.10373629056494 37.73475417681792,55.6098684288358,418.10373629056494 37.7349919371197,55.60987088147141,414.8310922475962 37.735229697458124,55.60987333364623,414.8310922475962 37.735467457833174,55.60987578536024,415.07849825345556 37.735705218244846,55.60987823661348,415.07849825345556 37.735942978693146,55.609880687405926,413.7320779653696 37.736180739178046,55.6098831377376,413.7320779653696 37.73641849969955,55.60988558760847,413.7739480825571 37.73665626025766,55.60988803701856,413.7739480825571 37.736894020852354,55.60989048596784,414.5711587759165 37.73713178148364,55.60989293445635,414.5711587759165 37.73736954215149,55.60989538248407,415.4495004507212 37.73760730285592,55.60989783005099,415.4495004507212 37.73784506359691,55.60990027715714,416.5135721059946 37.73808282437445,55.609902723802485,416.5135721059946 37.73832058518854,55.609905169987044,415.30034578763525 37.73831625859094,55.610039920061325,416.3604425283579 37.73831193195671,55.61017467013241,417.42053926908056 37.73830760528585,55.61030942020028,417.42053926908056 37.73830327857834,55.61044417026496,416.20332277738135 37.7382989518342,55.61057892032642,414.9861062856821 37.73829462505343,55.6107136703847,413.7688897939829 37.73829029823602,55.61084842043975,412.5516733022837 37.73828597138198,55.61098317049162,411.33445681058447 37.738281644491295,55.61111792054027,410.11724031888525 37.73827731756398,55.61125267058571,408.90002382718603 37.73827299060002,55.61138742062796,407.6828073354868 37.73826866359943,55.61152217066701,403.9669412466196 37.73803089300715,55.611519724335196,402.8353647085337 37.73779312245143,55.61151727754256,402.8353647085337 37.737555351932265,55.61151483028911,401.4957193227915 37.73731758144967,55.61151238257485,401.4957193227915 37.73707981100365,55.61150993439977,401.67591036283056 37.73684204059421,55.61150748576387,401.67591036283056 37.73660427022136,55.611505036667154,404.66004122220556 37.736366499885115,55.61150258710963,404.66004122220556 37.73612872958546,55.61150013709126,410.79538668118994 37.73589095932242,55.611497686612104,410.79538668118994 37.73565318909599,55.611495235672116,412.7464212270884 37.735415418906186,55.61149278427132,412.7464212270884 37.73517764875301,55.6114903324097,409.6575082632212 37.73493987863647,55.61148788008728,409.6575082632212 37.734702108556576,55.611485427304025,408.8801492544321 37.73446433851333,55.611482974059975,408.8801492544321 37.73422656850674,55.61148052035509,411.1162332388071 37.73398879853682,55.611478066189406,411.1162332388071 37.73375102860357,55.6114756115629,411.8681253286509 37.733513258707,55.61147315647557,411.8681253286509 37.733275488847106,55.611470700927434,412.21485079251806 37.733037719023905,55.61146824491849,412.21485079251806 37.7327999492374,55.61146578844872,413.6152566763071 37.73256217948761,55.61146333151814,413.6152566763071 37.73232440977453,55.61146087412674,417.5257028432993 37.73208664009817,55.61145841627453,417.5257028432993 37.73184887045853,55.61145595796151,417.02373445951025 37.73161110085562,55.611453499187675,417.02373445951025 37.73137333128946,55.61145103995303,416.0724099966196 37.73113556176004,55.611448580257566,416.0724099966196 37.73089779226737,55.61144612010129,417.88843477689306 37.73066002281147,55.6114436594842,417.88843477689306 37.730422253392334,55.611441198406304,418.98747957669775 37.73018448400997,55.61143873686758,418.98747957669775 37.729946714664386,55.611436274868055,419.485099205604 37.72970894535559,55.611433812407725,419.485099205604 37.729471176083585,55.611431349486566,419.6507181020884 37.72923340684839,55.611428886104605,419.6507181020884 37.72899563765,55.61142642226183,420.1046823354868 37.72875786848843,55.611423957958245,420.1046823354868 37.72852009936367,55.611421493193845,421.33505953275244 37.72828233027575,55.61141902796863,421.33505953275244 37.728044561224664,55.61141656228261,421.5477975698618 37.727806792210416,55.61141409613578,421.5477975698618 37.72756902323302,55.611411629528135,421.52963961087744 37.72733125429249,55.61140916245968,421.52963961087744 37.72709348538881,55.61140669493041,420.9430612417368 37.72685571652201,55.61140422694033,420.9430612417368 37.726617947692084,55.61140175848944,420.43469942533056 37.726380178899035,55.61139928957775,420.43469942533056 37.726142410142884,55.611396820205236,420.7522806020884 37.725904641423625,55.61139435037192,420.7522806020884 37.72566687274128,55.6113918800778,420.78781832181494 37.72542910409584,55.611389409322854,420.78781832181494 37.725191335487324,55.61138693810712,422.2911294790415 37.72495356691573,55.61138446643056,422.2911294790415 37.72471579838107,55.61138199429319,420.10657442533056 37.72447802988334,55.611379521695014,420.10657442533056 37.724240261422565,55.61137704863604,419.6072458120493 37.72400249299874,55.611374575116244,419.6072458120493 37.72376472461188,55.61137210113565,418.98752535306494 37.723526956261985,55.611369626694234,418.98752535306494 37.72328918794906,55.611367151792024,419.018546471229 37.72305141967311,55.611364676429,419.018546471229 37.72281365143415,55.61136220060515,419.05188692533056 37.722575883232196,55.61135972432052,419.05188692533056 37.72233811506723,55.61135724757507,419.08086336576025 37.72210034693928,55.61135477036882,419.08086336576025 37.721862578848345,55.61135229270175,420.0407937856821 37.721624810794424,55.611349814573884,420.0407937856821 37.721387042777536,55.61134733598521,419.5035775991587 37.72114927479768,55.61134485693572,419.5035775991587 37.72091150685487,55.61134237742542,419.85063875638525 37.72067373894911,55.61133989745433,419.85063875638525 37.7204359710804,55.611337417022426,419.9259713979868 37.72019820324876,55.61133493612972,419.9259713979868 37.71996043545419,55.611332454776196,421.1957010122446 37.71972266769669,55.611329972961876,421.1957010122446 37.71948489997627,55.61132749068674,422.5045846792368 37.71924713229295,55.61132500795081,422.5045846792368 37.71900936464673,55.61132252475407,423.4244760366587 37.71877159703761,55.61132004109653,423.4244760366587 37.7185338294656,55.61131755697818,423.6264871450571 37.7182960619307,55.61131507239902,423.6264871450571 37.71805829443294,55.611312587359066,422.78528536283056 37.717820526972304,55.6113101018583,422.78528536283056 37.717582759548804,55.61130761589673,422.78528536283056 37.71734499216246,55.61130512947435,423.4173501821665 37.717107224813255,55.61130264259118,423.4173501821665 37.71686945750121,55.6113001552472,424.06909883939306 37.71663169022634,55.611297667442415,424.06909883939306 37.716393922988644,55.61129517917682,424.20358980618994 37.71615615578812,55.611292690450426,424.20358980618994 37.715918388624786,55.61129020126323,425.9457467886118 37.71568062149865,55.61128771161523,425.9457467886118 37.71544285440971,55.61128522150643,428.8675454946665 37.71520508735797,55.61128273093682,428.8675454946665 37.71496732034345,55.611280239906414,429.8381723257212 37.714729553366155,55.611277748415205,429.8381723257212 37.71449178642608,55.61127525646319,430.45427645169775 37.714254019523246,55.61127276405037,430.45427645169775 37.71401625265766,55.61127027117676,430.9757455679087 37.71377848582931,55.61126777784233,430.9757455679087 37.713540719038214,55.61126528404711,431.85498751126806 37.713302952284394,55.611262789791084,431.85498751126806 37.71306518556783,55.61126029507426,432.2556527944712 37.71282741888855,55.61125779989663,432.2556527944712 37.71258965224656,55.6112553042582,432.7929147573618 37.712351885641844,55.61125280815897,432.7929147573618 37.71211411907443,55.61125031159893,433.8930887075571 37.71187635254432,55.61124781457811,433.8930887075571 37.71163858605152,55.611245317096476,432.86553133451025 37.711400819596044,55.61124281915404,432.86553133451025 37.711163053177884,55.61124032075081,431.50424898587744 37.710925286797064,55.611237821886775,431.50424898587744 37.710687520453575,55.61123532256194,431.6570657583384 37.710449754147426,55.61123282277631,431.6570657583384 37.71021198787864,55.61123032252988,433.917716393104 37.70997422164721,55.611227821822645,433.917716393104 37.70973645545313,55.61122532065461,433.12488497220556 37.70949868929644,55.61122281902578,433.12488497220556 37.709260923177126,55.61122031693614,436.78955782376806 37.709023157095196,55.61121781438572,436.78955782376806 37.70878539105066,55.61121531137449,435.8691629263071 37.70854762504352,55.61121280790246,435.8691629263071 37.70830985907379,55.61121030396964,430.9338754507212 37.70807209314148,55.611207799576015,430.9338754507212 37.70783432724658,55.61120529472159,433.02918184720556 37.70759656138912,55.61120278940638,433.02918184720556 37.707358795569085,55.61120028363035,430.60210360013525 37.707121029786485,55.61119777739354,430.60210360013525 37.70688326404134,55.61119527069593,430.09441317044775 37.70664549833365,55.61119276353752,430.09441317044775 37.70640773266342,55.61119025591831,432.4888528677134 37.70616996703067,55.6111877478383,432.4888528677134 37.70593220143538,55.611185239297505,434.2185891958384 37.705694435877575,55.611182730295894,434.2185891958384 37.705456670357265,55.61118022083351,434.24671114408056 37.70521890487445,55.61117771091031,434.24671114408056 37.70498113942914,55.611175200526326,431.16191805326025 37.704743374021334,55.61117268968155,431.16191805326025 37.70450560865104,55.611170178375964,430.2250131460337 37.704267843318284,55.61116766660959,430.2250131460337 37.704030078023045,55.61116515438241,430.86521089993994 37.70379231276535,55.61116264169444,430.86521089993994 37.7035545475452,55.611160128545684,431.72104586087744 37.7033167823626,55.611157614936126,431.72104586087744 37.70307901721756,55.61115510086578,431.4365609975962 37.70284125211008,55.611152586334626,431.4365609975962 37.70260348704018,55.611150071342685,428.8502420278696 37.70236572200785,55.61114755588994,428.8502420278696 37.702127957013104,55.611145039976414,428.4337533804087 37.70189019205596,55.61114252360209,428.4337533804087 37.70165242713641,55.61114000676697,427.43234957181494 37.701414662254464,55.611137489471055,427.43234957181494 37.70117689741014,55.61113497171434,429.6710885854868 37.70093913260342,55.61113245349684,429.6710885854868 37.70070136783434,55.61112993481856,431.92554415189306 37.70046360310289,55.611127415679476,431.92554415189306 37.70022583840908,55.61112489607958,433.18913973294775 37.69998807375292,55.61112237601892,433.18913973294775 37.699750309134416,55.61111985549745,429.2624887319712 37.69951254455357,55.61111733451519,429.2624887319712 37.69927478001039,55.61111481307213,425.9557565542368 37.699037015504885,55.6111122911683,425.9557565542368 37.698799251037066,55.61110976880366,423.5243753286509 37.69856148660693,55.611107245978225,423.5243753286509 37.69832372221449,55.611104722692005,422.8087381216196 37.69808595785976,55.61110219894499,422.8087381216196 37.69784819354273,55.61109967473719,423.9158090444712 37.69761042926342,55.611097150068595,423.9158090444712 37.69737266502183,55.611094624939206,424.45793856107275 37.69713490081798,55.61109209934903,424.45793856107275 37.69689713665186,55.611089573298074,425.0219186636118 37.696659372523484,55.6110870467863,425.0219186636118 37.69642160843286,55.61108451981376,423.33042086087744 37.69618384437999,55.611081992380406,423.33042086087744 37.695946080364884,55.61107946448628,422.7376626821665 37.69570831638755,55.61107693613136,422.7376626821665 37.69547055244799,55.61107440731565,425.90222872220556 37.69523278854622,55.611071878039155,425.90222872220556 37.69499502468225,55.61106934830186,424.71765840970556 37.69475726085607,55.61106681810377,424.71765840970556 37.694519497067695,55.61106428744491,422.08118380033056 37.69428173331713,55.611061756325256,422.08118380033056 37.694043969604394,55.61105922474481,419.40195406400244 37.69380620592948,55.61105669270357,419.40195406400244 37.693568442292396,55.61105416020155,419.16904390775244 37.69333067869315,55.61105162723872,419.16904390775244 37.69309291513175,55.61104909381513,419.8221353384165 37.692855151608214,55.61104655993074,419.8221353384165 37.69261738812253,55.61104402558556,417.6191629263071 37.69237962467472,55.61104149077959,417.6191629263071 37.69214186126478,55.61103895551283,416.89661348783056 37.691904097892724,55.61103641978531,416.89661348783056 37.69166633455855,55.611033883596974,417.0748208852915 37.69142857126227,55.61103134694785,417.0748208852915 37.6911908080039,55.61102880983795,415.9164193960337 37.69095304478343,55.61102627226726,415.9164193960337 37.69071528160089,55.61102373423578,416.63017977201025 37.690477518456255,55.61102119574352,416.63017977201025 37.69023975534956,55.61101865679046,425.25620211087744 37.6900019922808,55.61101611737663,425.25620211087744 37.68976422924998,55.61101357750201,432.290763268104 37.68952646625711,55.61101103716659,432.290763268104 37.689288703302196,55.611008496370395,435.2218850942759 37.68905094038524,55.61100595511342,435.2218850942759 37.68881317750627,55.61100341339565,436.42986238919775 37.68857541466527,55.6110008712171,436.42986238919775 37.688337651862255,55.61099832857776,435.98918856107275 37.68809988909723,55.61099578547764,435.98918856107275 37.687862126370206,55.610993241916724,433.34253633939306 37.68762436368118,55.61099069789504,433.34253633939306 37.68738660103017,55.61098815341256,430.21607149564306 37.68714883841718,55.610985608469306,430.21607149564306 37.68691107584222,55.61098306306525,429.6253274770884 37.686673313305285,55.610980517200424,429.6253274770884 37.68643555080639,55.610977970874806,430.7343362661509 37.686197788345545,55.61097542408842,430.7343362661509 37.685960025922746,55.61097287684124,430.72576082669775 37.68572226353802,55.610970329133266,430.72576082669775 37.685484501191354,55.610967780964515,433.0600961538462 37.68524673888276,55.61096523233499,433.0600961538462 37.685008976612245,55.61096268324468,434.92876375638525 37.68477121437982,55.61096013369359,434.92876375638525 37.684533452185484,55.6109575836817,434.1217721792368 37.68429569002926,55.610955033209045,434.1217721792368 37.68405792791114,55.61095248227559,432.9822152944712 37.68382016583112,55.61094993088137,432.9822152944712 37.68358240378924,55.61094737902636,431.64946688138525 37.68334464178549,55.61094482671056,431.64946688138525 37.68310687981987,55.61094227393399,429.3468698354868 37.68286911789239,55.610939720696635,429.3468698354868 37.68263135600306,55.610937166998504,427.2065652700571 37.68239359415189,55.61093461283959,427.2065652700571 37.68215583233888,55.610932058219895,425.13806856595556 37.68191807056404,55.61092950313941,425.13806856595556 37.681680308827374,55.61092694759815,420.5775979849009 37.681442547128896,55.610924391596114,420.5775979849009 37.68120478546861,55.61092183513329,404.0700143667368 37.68096702384652,55.61091927820969,404.0700143667368 37.68072926226263,55.610916720825315,384.6538461538462 37.680491500716954,55.61091416298015,384.6538461538462 37.6802537392095,55.6109116046742,384.6538461538462 37.68001597774027,55.61090904590748,384.6538461538462 37.679778216309266,55.61090648667998,387.8935769888071 37.679540454916506,55.6109039269917,387.8935769888071 37.679302693561986,55.610901366842654,396.6967386099009 37.67906493224573,55.610898806232804,396.6967386099009 37.67882717096772,55.61089624516219,402.5086892934946 37.67858940972799,55.6108936836308,402.5086892934946 37.67835164852652,55.61089112163862,402.9328073354868 37.67811388736334,55.61088855918567,402.9328073354868 37.67787612623844,55.61088599627194,395.9993051382212 37.677638365151836,55.61088343289744,395.9993051382212 37.67740060410353,55.61088086906214,392.04302156888525 37.67716284309354,55.610878304766075,392.04302156888525 37.676925082121855,55.610875740009234,388.85605562650244 37.676687321188496,55.61087317479162,388.85605562650244 37.67644956029346,55.61087060911322,390.0967935415415 37.676211799436764,55.61086804297405,390.0967935415415 37.675974038618406,55.61086547637409,401.15019930326025 37.6757362778384,55.610862909313354,401.15019930326025 37.67549851709675,55.610860341791856,408.1978219839243 37.67526075639346,55.610857773809585,408.1978219839243 37.67502299572855,55.61085520536653,411.030997643104 37.674785235102,55.610852636462695,411.030997643104 37.67478069050348,55.61098738313992,411.89977968656103 37.67477614586649,55.61112212981394,412.76856173001806 37.67477160119101,55.61125687648471,413.06975496732275 37.67476705647705,55.611391623152265,413.37094820462744 37.67476251172461,55.61152636981659,413.37094820462744 37.67475796693369,55.611661116477684,412.6417154165415 37.67475342210429,55.61179586313556,411.91248262845556 37.674748877236404,55.6119306097902,411.142814049354 37.674744332330036,55.612065356441626,410.37314547025244 37.674739787385185,55.61220010308981,409.39519442044775 37.67473524240185,55.61233484973478,408.41724337064306 37.674730697380035,55.612469596376506,406.7141794057993 37.67496846778437,55.61247216543499,406.7141794057993 37.675206238227084,55.612474734032666,408.61667574368994 37.675444008708176,55.612477302169516,408.61667574368994 37.67568177922763,55.612479869845586,408.5383676382212 37.675919549785455,55.61248243706084,408.5383676382212 37.67615732038163,55.612485003815294,405.6492074819712 37.67639509101615,55.61248757010895,405.6492074819712 37.67663286168901,55.61249013594178,402.7307809682993 37.6768706324002,55.612492701313826,402.7307809682993 37.677108403149724,55.612495266225054,403.8113473745493 37.67734617393757,55.61249783067549,403.8113473745493 37.67758394476372,55.61250039466511,400.86301363431494 37.677821715628184,55.61250295819392,400.86301363431494 37.67805948653094,55.61250552126194,388.53435457669775 37.67829725747199,55.612508083869145,388.53435457669775 37.67853502845133,55.612510646015544,384.6538461538462 37.67877279946894,55.61251320770114,384.6538461538462 37.67901057052483,55.61251576892592,384.6538461538462 37.67924834161898,55.6125183296899,384.6538461538462 37.67948611275139,55.61252088999308,386.3203958364634 37.67972388392205,55.612523449835436,386.3203958364634 37.67996165513095,55.612526009217,398.86247957669775 37.680199426378095,55.612528568137755,398.86247957669775 37.680437197663466,55.612531126597695,414.6007913442759 37.68067496898706,55.61253368459683,414.6007913442759 37.68091274034887,55.612536242135164,420.64182222806494 37.68115051174889,55.61253879921268,420.64182222806494 37.68138828318712,55.6125413558294,424.5287088247446 37.68162605466353,55.612543911985306,424.5287088247446 37.681863826178144,55.612546467680396,427.80205477201025 37.68210159773094,55.612549022914685,427.80205477201025 37.6823393693219,55.61255157768817,430.86289156400244 37.68257714095104,55.61255413200084,430.86289156400244 37.68281491261833,55.61255668585271,433.700675377479 37.68305268432378,55.61255923924375,433.700675377479 37.68329045606738,55.61256179217399,434.55371798001806 37.68352822784912,55.61256434464344,434.55371798001806 37.683765999669,55.61256689665206,433.83289278470556 37.684003771527,55.612569448199864,433.83289278470556 37.68424154342312,55.61257199928688,432.1817849966196 37.68447931535736,55.61257454991306,432.1817849966196 37.684717087329695,55.61257710007845,431.1878274770884 37.68495485934014,55.61257964978302,431.1878274770884 37.685192631388674,55.61258219902678,433.879386314979 37.68543040347529,55.61258474780975,433.879386314979 37.685668175599986,55.61258729613188,436.3664773794321 37.685905947762755,55.61258984399321,436.3664773794321 37.686143719963596,55.612592391393726,436.7126077505259 37.68638149220249,55.612594938333444,436.7126077505259 37.68661926447943,55.612597484812326,438.11460054837744 37.68685703679442,55.61260003083041,438.11460054837744 37.68709480914745,55.612602576387694,438.6997293325571 37.687332581538506,55.61260512148415,438.6997293325571 37.687570353967594,55.61260766611979,438.99077547513525 37.687808126434696,55.612610210294626,438.99077547513525 37.688045898939805,55.61261275400865,437.8555368276743 37.688283671482914,55.61261529726187,437.8555368276743 37.68852144406403,55.61261784005427,434.68149507962744 37.688759216683124,55.61262038238585,434.68149507962744 37.68899698934021,55.61262292425662,432.1414407583384 37.68923476203527,55.61262546566658,432.1414407583384 37.68947253476829,55.61262800661573,429.85662020169775 37.689710307539286,55.61263054710406,429.85662020169775 37.68994808034823,55.612633087131584,427.5160745474009 37.690185853195125,55.612635626698285,427.5160745474009 37.69042362607996,55.612638165804164,425.9243539663462 37.69066139900273,55.612640704449255,425.9243539663462 37.69089917196343,55.61264324263351,425.4495767446665 37.69113694496204,55.612645780356964,425.4495767446665 37.69137471799858,55.61264831761958,424.0475229116587 37.691612491073016,55.61265085442141,424.0475229116587 37.691850264185355,55.612653390762404,423.71746004544775 37.69208803733559,55.612655926642596,423.71746004544775 37.692325810523705,55.612658462061965,422.2699655386118 37.6925635837497,55.61266099702052,422.2699655386118 37.69280135701358,55.61266353151826,421.8568033071665 37.69303913031531,55.612666065555196,421.8568033071665 37.693276903654905,55.6126685991313,421.4158548208384 37.693514677032354,55.61267113224659,421.4158548208384 37.69375245044765,55.61267366490107,420.5216745229868 37.693990223900784,55.61267619709472,420.5216745229868 37.69422799739174,55.61267872882757,420.3531106802134 37.69446577092053,55.6126812600996,420.3531106802134 37.69470354448714,55.6126837909108,420.2764810415415 37.69494131809155,55.6126863212612,420.2764810415415 37.69517909173377,55.61268885115077,420.2245096059946 37.69541686541379,55.61269138057953,420.2245096059946 37.6956546391316,55.612693909547474,420.099112877479 37.69589241288718,55.612696438054584,420.099112877479 37.696130186680556,55.61269896610089,419.249747643104 37.69636796051169,55.61270149368638,419.249747643104 37.69660573438059,55.61270402081105,418.02808321439306 37.696843508287245,55.6127065474749,418.02808321439306 37.69708128223164,55.612709073677934,419.6800149770884 37.6973190562138,55.612711599420145,419.6800149770884 37.69755683023367,55.61271412470154,421.85559786283056 37.69779460429129,55.61271664952211,421.85559786283056 37.698032378386614,55.61271917388187,421.306144127479 37.69827015251966,55.612721697780806,421.306144127479 37.69850792669042,55.61272422121892,421.5095895620493 37.69874570089887,55.61272674419622,421.5095895620493 37.69898347514502,55.61272926671269,422.87985933743994 37.69922124942885,55.61273178876836,422.87985933743994 37.699459023750364,55.6127343103632,425.28281343900244 37.69969679810955,55.61273683149721,425.28281343900244 37.69993457250641,55.61273935217041,423.8894876333384 37.700172346940924,55.612741872382784,423.8894876333384 37.70041012141309,55.61274439213434,419.2716745229868 37.7006478959229,55.61274691142508,419.2716745229868 37.700885670470356,55.612749430254986,419.01885164701025 37.70112344505544,55.61275194862408,419.01885164701025 37.70136121967815,55.61275446653235,422.6353982778696 37.701598994338475,55.61275698397979,422.6353982778696 37.70183676903641,55.61275950096643,422.08176363431494 37.70207454377196,55.61276201749224,422.08176363431494 37.7023123185451,55.612764533557225,422.3625100942759 37.702550093355825,55.612767049161384,422.3625100942759 37.70278786820414,55.61276956430473,422.96619356595556 37.70302564309003,55.61277207898724,422.96619356595556 37.70326341801349,55.61277459320893,422.9901803823618 37.70350119297452,55.61277710696981,422.9901803823618 37.7037389679731,55.612779620269855,424.53679598294775 37.70397674300923,55.612782133109086,424.53679598294775 37.704214518082914,55.61278464548748,424.3850778432993 37.70445229319412,55.61278715740507,424.3850778432993 37.704690068342856,55.61278966886182,424.9911111684946 37.70492784352912,55.61279217985775,424.9911111684946 37.70516561875289,55.61279469039287,426.6029886099009 37.705403394014176,55.61279720046715,426.6029886099009 37.70564116931296,55.61279971008061,428.98105562650244 37.705878944649236,55.612802219233245,428.98105562650244 37.706116720023005,55.61280472792505,430.68645418607275 37.706354495434255,55.61280723615604,430.68645418607275 37.70659227088297,55.612809743926206,429.24419344388525 37.70683004636916,55.61281225123553,429.24419344388525 37.707067821892814,55.612814758084056,428.0004037710337 37.70730559745392,55.61281726447174,428.0004037710337 37.70754337305246,55.6128197703986,427.39511812650244 37.70778114868845,55.61282227586463,427.39511812650244 37.70801892436187,55.61282478086985,427.5305398794321 37.70825670007272,55.612827285414234,427.5305398794321 37.708494475820984,55.612829789497795,428.70635164701025 37.70873225160666,55.61283229312051,428.70635164701025 37.70897002742974,55.61283479628242,433.9302133413462 37.70920780329022,55.61283729898351,433.9302133413462 37.70944557918809,55.61283980122376,440.00855196439306 37.709683355123346,55.61284230300318,440.00855196439306 37.709921131095975,55.612844804321774,437.3537973257212 37.710158907105985,55.61284730517956,437.3537973257212 37.710396683153355,55.6128498055765,433.7694009634165 37.71063445923807,55.61285230551261,433.7694009634165 37.71087223536015,55.612854804987904,432.9853128286509 37.71111001151957,55.61285730400236,432.9853128286509 37.71134778771632,55.612859802555995,433.9246438833384 37.71158556395041,55.6128623006488,433.9246438833384 37.71182334022181,55.612864798280775,434.9525979849009 37.712061116530535,55.61286729545193,434.9525979849009 37.71229889287656,55.61286979216225,437.4109262319712 37.7125366692599,55.61287228841174,437.4109262319712 37.71277444568052,55.6128747842004,434.38396395169775 37.71301222213844,55.61287727952823,434.38396395169775 37.713249998633636,55.61287977439524,432.63062227689306 37.71348777516611,55.612882268801414,432.63062227689306 37.71372555173584,55.61288476274676,429.6385721059946 37.71396332834284,55.612887256231275,429.6385721059946 37.7142011049871,55.61288974925496,430.8872751089243 37.7144388816686,55.6128922418178,430.8872751089243 37.71467665838734,55.612894733919845,431.57512606107275 37.71491443514331,55.61289722556104,431.57512606107275 37.715152211936505,55.6128997167414,429.4796518179087 37.71538998876693,55.612902207460934,429.4796518179087 37.71562776563456,55.61290469771964,427.29798067533056 37.71586554253939,55.612907187517514,427.29798067533056 37.716103319481434,55.61290967685456,425.67456758939306 37.71634109646065,55.61291216573077,425.67456758939306 37.71657887347707,55.612914654146145,426.23979891263525 37.71681665053066,55.6129171421007,426.23979891263525 37.71705442762142,55.61291962959441,428.0207742544321 37.71729220474935,55.612922116627296,428.0207742544321 37.71752998191443,55.612924603199346,432.6705240102915 37.71776775911666,55.612927089310574,432.6705240102915 37.71800553635604,55.61292957496096,432.6705240102915 37.718243313632556,55.61293206015051,430.392081627479 37.7184810909462,55.61293454487923,430.392081627479 37.71871886829696,55.612937029147126,425.6924661489634 37.718956645684855,55.612939512954185,425.6924661489634 37.71919442310985,55.61294199630041,426.39340914212744 37.71943220057194,55.6129444791858,426.39340914212744 37.71966997807113,55.612946961610355,426.2046274038462 37.71990775560741,55.61294944357408,426.2046274038462 37.72014553318077,55.61295192507698,430.1634744497446 37.72038331079121,55.61295440611903,430.1634744497446 37.72062108843871,55.61295688670025,427.1457895132212 37.72085886612328,55.61295936682064,427.1457895132212 37.721096643844895,55.6129618464802,424.2826608511118 37.721334421603565,55.61296432567891,424.2826608511118 37.721572199399276,55.61296680441681,424.64951265775244 37.72180997723201,55.61296928269385,424.64951265775244 37.722047755101784,55.61297176051007,425.7114480825571 37.722285533008574,55.612974237865444,425.7114480825571 37.72252331095237,55.612976714759995,426.9164651724009 37.722761088933176,55.6129791911937,426.9164651724009 37.72299886695099,55.61298166716658,423.32150972806494 37.72323664500579,55.61298414267862,423.32150972806494 37.72347442309757,55.61298661772982,422.12403048001806 37.723712201226334,55.612989092320184,422.12403048001806 37.72394997939207,55.61299156644972,423.65662325345556 37.72418775759476,55.612994040118416,423.65662325345556 37.72442553583443,55.61299651332627,423.55359590970556 37.72466331411104,55.61299898607329,423.55359590970556 37.72490109242459,55.61300145835948,423.93836153470556 37.725138870775076,55.613003930184824,423.93836153470556 37.7253766491625,55.613006401549335,423.82585848294775 37.72561442758684,55.613008872453015,423.82585848294775 37.7258522060481,55.61301134289584,423.8279031606821 37.72608998454628,55.613013812877846,423.8279031606821 37.72632776308135,55.61301628239901,423.16289461576025 37.72656554165332,55.61301875145933,423.16289461576025 37.72680332026218,55.61302122005881,421.70000399076025 37.72704109890792,55.61302368819746,421.70000399076025 37.72727887759054,55.61302615587527,423.19446505033056 37.72751665631003,55.613028623092234,423.19446505033056 37.72775443506637,55.61303108984837,423.96945894681494 37.72799221385958,55.61303355614366,423.96945894681494 37.72822999268963,55.61303602197812,423.7173074575571 37.72846777155652,55.61303848735174,423.7173074575571 37.72870555046025,55.613040952264505,425.24130953275244 37.7289433294008,55.61304341671644,425.24130953275244 37.72918110837817,55.613045880707546,424.4872201772837 37.729418887392356,55.6130483442378,424.4872201772837 37.729656666443354,55.61305080730721,421.2937692495493 37.729894445531144,55.61305326991579,421.2937692495493 37.73013222465573,55.61305573206352,418.75530184232275 37.73037000381711,55.61305819375042,418.75530184232275 37.73060778301526,55.61306065497648,418.2137369009165 37.73084556225018,55.613063115741696,418.2137369009165 37.731083341521874,55.61306557604607,418.0890268179087 37.73132112083032,55.613068035889604,418.0890268179087 37.73155890017552,55.6130704952723,418.53806246243994 37.73179667955746,55.61307295419415,418.53806246243994 37.732034458976145,55.61307541265516,419.1691354604868 37.73227223843156,55.613077870655324,419.1691354604868 37.7325100179237,55.613080328194656,418.3416208120493 37.732747797452554,55.613082785273136,418.3416208120493 37.73298557701812,55.61308524189077,417.65032137357275 37.73322335662039,55.61308769804758,417.65032137357275 37.73346113625935,55.61309015374354,417.6904672475962 37.73369891593501,55.613092608978654,417.6904672475962 37.73393669564735,55.61309506375293,416.9664529653696 37.73417447539636,55.61309751806636,416.9664529653696 37.73441225518204,55.61309997191895,415.8552926870493 37.73465003500439,55.61310242531069,415.8552926870493 37.73488781486339,55.61310487824159,415.06450594388525 37.73512559475904,55.61310733071165,415.06450594388525 37.73536337469133,55.61310978272087,414.7544320913462 37.73560115466026,55.61311223426924,414.7544320913462 37.735838934665814,55.61311468535676,414.3615945669321 37.73607671470799,55.61311713598345,414.3615945669321 37.736314494786775,55.61311958614929,413.49716890775244 37.736552274902174,55.61312203585428,413.49716890775244 37.736790055054165,55.61312448509843,412.83444918118994 37.737027835242756,55.61312693388174,412.83444918118994 37.73726561546793,55.6131293822042,413.0701516958384 37.73750339572969,55.61313183006581,413.0701516958384 37.73774117602802,55.61313427746658,412.751456627479 37.737978956362916,55.613136724406516,412.751456627479 37.738216736734365,55.61313917088559,412.46530855618994 37.738212409257436,55.61327392088299,413.8230527731089 37.73820808174386,55.61340867087716,415.18079699002783 37.73820375419365,55.61354342086815,416.5385412069468 37.73819942660678,55.61367817085593,417.8962854238657 37.738195098983276,55.61381292084051,419.25402964078467 37.738190771323126,55.61394767082187,420.6117738577036 37.738186443626326,55.61408242080004,421.96951807462256 37.738182115892876,55.614217170775,423.3272622915415 37.73817778812278,55.61435192074677,423.3272622915415 37.73817346031605,55.614486670715316,422.6100763174204 37.738169132472656,55.61462142068066,421.8928903432993 37.73816480459262,55.61475617064281,420.2344583364634 37.737927014441,55.61475372401645,421.63172090970556 37.73768922432593,55.61475127692922,421.63172090970556 37.737451434247454,55.614748829381114,422.300773033729 37.73721364420553,55.61474638137214,422.300773033729 37.73697585420021,55.61474393290228,421.2193063589243 37.736738064231474,55.614741483971564,421.2193063589243 37.73650027429934,55.61473903457997,419.9856790395884 37.73626248440381,55.614736584727495,419.9856790395884 37.736024694544895,55.61473413441415,421.9261087270884 37.735786904722595,55.61473168363995,421.9261087270884 37.73554911493692,55.61472923240486,419.9455942007212 37.73531132518788,55.614726780708914,419.9455942007212 37.73507353547548,55.61472432855208,419.75217379056494 37.73483574579973,55.614721875934386,419.75217379056494 37.73459795616063,55.61471942285581,421.2334817739634 37.73436016655819,55.614716969316376,421.2334817739634 37.73412237699242,55.61471451531607,424.23499239408056 37.733884587463315,55.61471206085488,424.23499239408056 37.7336467979709,55.61470960593283,422.94658602201025 37.733409008515174,55.61470715054991,422.94658602201025 37.733171219096135,55.61470469470612,422.2743753286509 37.7329334297138,55.614702238401456,422.2743753286509 37.73269564036818,55.61469978163592,423.30225313626806 37.73245785105927,55.61469732440951,423.30225313626806 37.73222006178708,55.614694866722246,424.68369234525244 37.731982272551626,55.6146924085741,424.68369234525244 37.73174448335291,55.6146899499651,425.52886141263525 37.731506694190934,55.61468749089521,425.52886141263525 37.731268905065704,55.614685031364466,425.7201150747446 37.73103111597723,55.61468257137285,425.7201150747446 37.73079332692553,55.61468011092037,425.0003122182993 37.73055553791059,55.61467765000701,425.0003122182993 37.73031774893243,55.61467518863278,424.78276766263525 37.73007995999106,55.6146727267977,424.78276766263525 37.729842171086474,55.61467026450174,424.5305856557993 37.72960438221869,55.61466780174491,424.5305856557993 37.72936659338771,55.61466533852722,427.1907113882212 37.729128804593536,55.61466287484865,427.1907113882212 37.72889101583619,55.61466041070922,428.49394930326025 37.72865322711566,55.61465794610893,428.49394930326025 37.728415438431966,55.61465548104776,426.8529733511118 37.72817764978512,55.61465301552573,426.8529733511118 37.727939861175116,55.61465054954284,423.7129739614634 37.72770207260196,55.61464808309907,423.7129739614634 37.72746428406567,55.614645616194444,424.22026766263525 37.727226495566235,55.61464314882895,424.22026766263525 37.726988707103686,55.61464068100257,425.8620981069712 37.72675091867801,55.61463821271535,425.8620981069712 37.72651313028923,55.614635743967256,426.08054293118994 37.72627534193734,55.61463327475829,426.08054293118994 37.72603755362235,55.61463080508847,426.66626680814306 37.72579976534427,55.61462833495778,426.66626680814306 37.7255619771031,55.61462586436622,424.647452721229 37.72532418889886,55.6146233933138,424.647452721229 37.72508640073154,55.614620921800515,424.79827059232275 37.72484861260116,55.61461844982635,424.79827059232275 37.72461082450773,55.614615977391345,427.9131234975962 37.72437303645123,55.61461350449545,427.9131234975962 37.7241352484317,55.61461103113871,429.5916208120493 37.72389746044913,55.614608557321105,429.5916208120493 37.72365967250354,55.61460608304263,428.35491121732275 37.72342188459491,55.61460360830329,428.35491121732275 37.72318409672328,55.61460113310309,427.31633699857275 37.72294630888863,55.61459865744204,427.31633699857275 37.72270852109098,55.614596181320096,425.7460397573618 37.72247073333033,55.6145937047373,425.7460397573618 37.7222329456067,55.61459122769366,427.4049447866587 37.721995157920084,55.614588750189135,427.4049447866587 37.72175737027049,55.614586272223754,426.7599710317759 37.72151958265793,55.614583793797514,426.7599710317759 37.72128179508242,55.6145813149104,425.50017488919775 37.72104400754394,55.61457883556244,425.50017488919775 37.72080622004252,55.614576355753606,424.45915926419775 37.720568432578155,55.61457387548392,424.45915926419775 37.72033064515086,55.61457139475336,421.5250619741587 37.72009285776064,55.614568913561946,421.5250619741587 37.71985507040749,55.61456643190967,428.46237886868994 37.71961728309144,55.61456394979653,428.46237886868994 37.719379495812476,55.61456146722253,434.7014840932993 37.71914170857062,55.61455898418767,434.7014840932993 37.71890392136586,55.614556500691954,430.4876626821665 37.718666134198216,55.614554016735376,430.4876626821665 37.71842834706771,55.614551532317925,425.1778482290415 37.71819055997432,55.61454904743961,425.1778482290415 37.71795277291805,55.61454656210046,423.92148531400244 37.717714985898944,55.61454407630043,423.92148531400244 37.71747719891698,55.61454159003955,423.92148531400244 37.71723941197218,55.61453910331781,426.96420992337744 37.71700162506453,55.6145366161352,426.96420992337744 37.716763838194055,55.614534128491734,426.7370981069712 37.71652605136076,55.61453164038741,426.7370981069712 37.71628826456464,55.61452915182223,424.8816293569712 37.716050477805716,55.614526662796195,424.8816293569712 37.71581269108399,55.6145241733093,425.4496682974009 37.71557490439946,55.61452168336153,425.4496682974009 37.71533711775215,55.61451919295292,423.98496187650244 37.71509933114205,55.61451670208344,423.98496187650244 37.714861544569175,55.61451421075311,425.2511209341196 37.71462375803354,55.614511718961914,425.2511209341196 37.71438597153513,55.61450922670987,425.94992769681494 37.71414818507398,55.61450673399695,425.94992769681494 37.71391039865007,55.61450424082319,428.1698831411509 37.71367261226343,55.61450174718857,428.1698831411509 37.71343482591405,55.614499253093086,429.19414461576025 37.713197039601944,55.614496758536745,429.19414461576025 37.712959253327114,55.61449426351955,429.05957735501806 37.712721467089565,55.6144917680415,429.05957735501806 37.71248368088932,55.6144892721026,428.4571451040415 37.71224589472637,55.61448677570283,428.4571451040415 37.71200810860073,55.614484278842205,429.24732149564306 37.7117703225124,55.61448178152073,429.24732149564306 37.7115325364614,55.6144792837384,429.45505464993994 37.71129475044772,55.61447678549521,429.45505464993994 37.711056964471375,55.61447428679116,428.07007540189306 37.710819178532375,55.61447178762626,428.07007540189306 37.71058139263072,55.61446928800051,426.9596170278696 37.710343606766415,55.6144667879139,426.9596170278696 37.71010582093949,55.61446428736642,426.4071267934946 37.70986803514992,55.614461786358106,426.4071267934946 37.70963024939772,55.61445928488893,425.8846811147837 37.70939246368292,55.6144567829589,425.8846811147837 37.7091546780055,55.61445428056801,426.5438455434946 37.70891689236547,55.61445177771627,426.5438455434946 37.70867910676285,55.61444927440367,426.7834848257212 37.70844132119764,55.61444677063023,426.7834848257212 37.708203535669846,55.61444426639592,427.1292184682993 37.70796575017948,55.61444176170077,427.1292184682993 37.707727964726544,55.61443925654475,426.21704805814306 37.707490179311044,55.614436750927894,426.21704805814306 37.70725239393299,55.61443424485017,423.5245584341196 37.70701460859238,55.61443173831161,423.5245584341196 37.70677682328924,55.61442923131218,422.82260836087744 37.706539038023564,55.6144267238519,422.82260836087744 37.70630125279535,55.614424215930775,423.4656595083384 37.70606346760463,55.6144217075488,423.4656595083384 37.70582568245138,55.61441919870595,426.0215982290415 37.70558789733563,55.61441668940228,426.0215982290415 37.705350112257385,55.614414179637734,425.0173715444712 37.70511232721664,55.614411669412355,425.0173715444712 37.70487454221341,55.61440915872611,423.3950876089243 37.7046367572477,55.61440664757902,423.3950876089243 37.70439897231952,55.61440413597107,425.95935762845556 37.70416118742887,55.614401623902275,425.95935762845556 37.70392340257576,55.614399111372634,429.77983797513525 37.7036856177602,55.61439659838213,429.77983797513525 37.70344783298219,55.61439408493077,426.15044344388525 37.70321004824176,55.61439157101858,426.15044344388525 37.702972263538875,55.614389056645535,425.9009012075571 37.70273447887358,55.614386541811626,425.9009012075571 37.70249669424586,55.61438402651688,424.5738748403696 37.70225890965573,55.61438151076128,424.5738748403696 37.702021125103194,55.61437899454483,428.2157815786509 37.70178334058827,55.61437647786754,428.2157815786509 37.70154555611095,55.614373960729395,428.4789041372446 37.701307771671246,55.61437144313038,428.4789041372446 37.701069987269165,55.614368925070536,426.1026986929087 37.700832202904714,55.614366406549834,426.1026986929087 37.70059441857791,55.6143638875683,424.22368563138525 37.70035663428874,55.6143613681259,424.22368563138525 37.70011885003722,55.61435884822265,422.03024996243994 37.69988106582336,55.614356327858566,422.03024996243994 37.69964328164716,55.61435380703362,420.9075540395884 37.69940549750864,55.614351285747844,420.9075540395884 37.6991677134078,55.6143487640012,419.832999596229 37.698929929344644,55.61434624179372,419.832999596229 37.69869214531918,55.614343719125394,416.77381075345556 37.69845436133141,55.61434119599621,416.77381075345556 37.698216577381345,55.61433867240618,417.1050180288462 37.697978793469,55.61433614835531,417.1050180288462 37.69774100959437,55.61433362384359,416.0234598013071 37.697503225757465,55.61433109887102,416.0234598013071 37.697265441958294,55.614328573437604,419.8828805776743 37.697027658196866,55.614326047543344,419.8828805776743 37.69678987447319,55.61432352118823,422.96274507962744 37.696552090787264,55.614320994372285,422.96274507962744 37.69631430713909,55.61431846709549,422.6615213247446 37.696076523528696,55.61431593935784,422.6615213247446 37.69583873995607,55.61431341115935,422.11423433743994 37.69560095642124,55.61431088250002,422.11423433743994 37.69536317292418,55.61430835337983,420.1379770132212 37.69512538946493,55.61430582379881,420.1379770132212 37.694887606043466,55.614303293756926,418.542716393104 37.69464982265983,55.614300763254214,418.542716393104 37.694412039313995,55.61429823229065,417.3367532583384 37.69417425600599,55.61429570086624,417.3367532583384 37.69393647273581,55.61429316898101,417.3561624380259 37.69369868950347,55.6142906366349,417.3561624380259 37.69346090630897,55.614288103827974,418.5193551870493 37.69322312315233,55.61428557056018,418.5193551870493 37.69298534003354,55.61428303683155,418.0268930288462 37.69274755695262,55.614280502642075,418.0268930288462 37.69250977390956,55.61427796799177,416.7930826040415 37.69227199090439,55.61427543288061,416.7930826040415 37.69203420793709,55.6142728973086,418.5423044057993 37.6917964250077,55.614270361275764,418.5423044057993 37.6915586421162,55.614267824782075,425.2140573354868 37.6913208592626,55.61426528782754,425.2140573354868 37.69108307644692,55.61426275041216,427.9079965444712 37.690845293669156,55.61426021253595,427.9079965444712 37.69060751092932,55.6142576741989,428.2876199575571 37.69036972822741,55.614255135401,428.2876199575571 37.69013194556345,55.61425259614226,425.59522188626806 37.689894162937435,55.61425005642267,425.59522188626806 37.68965638034937,55.61424751624225,422.5907358022837 37.68941859779926,55.614244975600975,422.5907358022837 37.68918081528713,55.61424243449887,421.2469705434946 37.68894303281297,55.61423989293593,421.2469705434946 37.688705250376785,55.61423735091213,421.82529390775244 37.6884674679786,55.614234808427504,421.82529390775244 37.688229685618396,55.61423226548203,423.74610079251806 37.6879919032962,55.61422972207572,423.74610079251806 37.68775412101202,55.614227178208566,423.66721285306494 37.687516338765846,55.614224633880575,423.66721285306494 37.68727855655769,55.61422208909174,423.6987527700571 37.687040774387576,55.61421954384207,423.6987527700571 37.686802992255494,55.61421699813155,428.24431551419775 37.68656521016145,55.61421445196021,428.24431551419775 37.686327428105464,55.61421190532802,430.6146463247446 37.686089646087524,55.61420935823498,430.6146463247446 37.685851864107654,55.61420681068111,432.86601961576025 37.685614082165856,55.6142042626664,432.86601961576025 37.68537630026213,55.614201714190855,433.0194467397837 37.6851385183965,55.614199165254476,433.0194467397837 37.68490073656895,55.61419661585725,433.10703218900244 37.6846629547795,55.61419406599918,433.10703218900244 37.68442517302815,55.614191515680275,431.3487466665415 37.68418739131492,55.61418896490054,431.3487466665415 37.68394960963981,55.61418641365996,424.6670602651743 37.68371182800282,55.61418386195855,424.6670602651743 37.683474046403965,55.614181309796294,416.3679879995493 37.68323626484325,55.614178757173214,416.3679879995493 37.68299848332068,55.61417620408928,409.96372164212744 37.682760701836266,55.614173650544515,409.96372164212744 37.68252292039001,55.61417109653892,408.20415438138525 37.68228513898192,55.614168542072484,408.20415438138525 37.682047357612,55.614165987145206,409.89084566556494 37.681809576280266,55.61416343175709,409.89084566556494 37.681571794986716,55.61416087590815,416.8612741323618 37.681334013731366,55.61415831959837,416.8612741323618 37.681096232514214,55.61415576282774,419.3161996694712 37.68085845133527,55.61415320559629,419.3161996694712 37.68062067019454,55.614150647904005,420.6754068227915 37.68038288909203,55.61414808975088,420.6754068227915 37.68014510802775,55.61414553113693,419.9557260366587 37.679907327001715,55.614142972062126,419.9557260366587 37.67966954601391,55.614140412526496,414.435050377479 37.679431765064365,55.61413785253003,414.435050377479 37.67919398415306,55.61413529207273,386.95244539701025 37.67895620328003,55.61413273115459,386.95244539701025 37.67871842244527,55.614130169775635,384.6538461538462 37.67848064164879,55.61412760793583,384.6538461538462 37.678242860890585,55.614125045635184,384.6538461538462 37.67800508017067,55.61412248287372,384.6538461538462 37.67776729948906,55.614119919651415,384.6538461538462 37.67752951884575,55.614117355968276,384.6538461538462 37.677291738240754,55.614114791824306,384.6538461538462 37.677053957674076,55.6141122272195,384.6538461538462 37.676816177145724,55.61410966215386,384.6538461538462 37.6765783966557,55.61410709662739,384.6538461538462 37.676340616204016,55.614104530640084,384.6538461538462 37.67610283579068,55.61410196419195,384.6538461538462 37.67586505541569,55.614099397282985,385.0174478384165 37.675627275079066,55.61409682991319,385.0174478384165 37.67538949478081,55.61409426208256,390.1499399038462 37.67515171452092,55.61409169379108,390.1499399038462 37.67491393429942,55.614089125038795,400.5913766714243 37.6746761541163,55.61408655582566,400.5913766714243 37.674671608594146,55.614221302425456,400.5913766714243 37.6746670630335,55.614356049022014,399.1696625822908 37.67466251743437,55.614490795615346,397.74794849315725 37.67465797179674,55.61462554220545,396.32623440402375 37.674653426120635,55.61476028879233,394.90452031489025 37.674648880406025,55.61489503537598,393.4828062257567 37.674644334652925,55.615029781956416,392.0610921366232 37.674639788861334,55.615164528533604,390.63937804748963 37.67463524303125,55.61529927510758,389.2176639583561 37.67463069716266,55.61543402167833,387.7959498692226 37.674626151255595,55.61556876824584,386.37423578008907 37.674621605310016,55.615703514810136,384.95252169095556 37.67485939527292,55.61570608417793,384.95252169095556 37.675097185274204,55.615708653084866,384.6538461538462 37.67533497531388,55.61571122153094,384.6538461538462 37.675572765391934,55.61571378951614,384.6538461538462 37.67581055550836,55.615716357040505,384.6538461538462 37.67604834566315,55.615718924104,384.6538461538462 37.676286135856294,55.61572149070663,384.6538461538462 37.676523926087796,55.61572405684841,384.6538461538462 37.67676171635764,55.61572662252933,384.6538461538462 37.676999506665815,55.61572918774939,384.6538461538462 37.677237297012326,55.61573175250857,384.6538461538462 37.677475087397156,55.61573431680691,384.6538461538462 37.677712877820305,55.61573688064438,384.6538461538462 37.677950668281774,55.61573944402099,384.6538461538462 37.67818845878153,55.615742006936735,384.6538461538462 37.67842624931959,55.61574456939162,384.6538461538462 37.678664039895935,55.61574713138566,384.6538461538462 37.67890183051057,55.61574969291882,384.6538461538462 37.67913962116347,55.61575225399112,384.6538461538462 37.679377411854645,55.61575481460256,389.4490579458384 37.67961520258408,55.61575737475314,389.4490579458384 37.67985299335177,55.615759934442856,402.022941002479 37.68009078415771,55.615762493671696,402.022941002479 37.68032857500189,55.61576505243969,403.90747774564306 37.6805663658843,55.61576761074682,403.90747774564306 37.68080415680494,55.61577016859308,403.1329568716196 37.6810419477638,55.615772725978466,403.1329568716196 37.68127973876087,55.61577528290301,402.3081430288462 37.68151752979615,55.615777839366686,402.3081430288462 37.68175532086964,55.61578039536949,401.9791482778696 37.681993111981306,55.61578295091144,401.9791482778696 37.68223090313116,55.61578550599251,402.3897622915415 37.682468694319205,55.615788060612736,402.3897622915415 37.68270648554542,55.61579061477209,404.044425377479 37.68294427680979,55.61579316847058,404.044425377479 37.68318206811232,55.615795721708196,404.6738504263071 37.68341985945301,55.61579827448496,404.6738504263071 37.68365765083184,55.61580082680085,406.89804781400244 37.683895442248804,55.615803378655876,406.89804781400244 37.6841332337039,55.61580593005004,409.510245689979 37.68437102519713,55.615808480983326,409.510245689979 37.68460881672846,55.61581103145576,409.8037790151743 37.68484660829791,55.61581358146732,409.8037790151743 37.68508439990547,55.61581613101802,406.28105867826025 37.685322191551116,55.61581868010786,406.28105867826025 37.68555998323485,55.61582122873683,403.5513833852915 37.685797774956676,55.61582377690492,403.5513833852915 37.686035566716576,55.61582632461215,405.7374185415415 37.68627335851454,55.615828871858525,405.7374185415415 37.68651115035057,55.61583141864402,404.26013887845556 37.68674894222465,55.61583396496865,404.26013887845556 37.68698673413679,55.615836510832416,405.2116922231821 37.687224526086965,55.61583905623532,405.2116922231821 37.68746231807517,55.615841601177344,406.947745689979 37.6877001101014,55.61584414565851,406.947745689979 37.68793790216566,55.615846689678804,408.60137117826025 37.68817569426793,55.61584923323823,408.60137117826025 37.688413486408216,55.61585177633678,410.20801485501806 37.68865127858649,55.61585431897447,410.20801485501806 37.68888907080276,55.615856861151286,411.5392679067759 37.68912686305702,55.61585940286725,411.5392679067759 37.68936465534925,55.61586194412232,412.1627572866587 37.68960244767946,55.61586448491654,412.1627572866587 37.68984024004764,55.615867025249884,412.6177896352915 37.690078032453776,55.61586956512236,412.6177896352915 37.690315824897866,55.61587210453397,413.35132540189306 37.69055361737989,55.6158746434847,413.35132540189306 37.690791409899866,55.615877181974575,414.4458841177134 37.69102920245776,55.61587972000356,414.4458841177134 37.69126699505359,55.61588225757169,414.9288705679087 37.691504787687336,55.61588479467895,414.9288705679087 37.69174258035899,55.61588733132534,415.75403536283056 37.691980373068546,55.61588986751085,415.75403536283056 37.692218165816,55.61589240323549,415.9756082388071 37.69245595860135,55.61589493849927,415.9756082388071 37.69269375142458,55.61589747330217,415.5427621694712 37.69293154428568,55.6159000076442,415.5427621694712 37.693169337184656,55.61590254152536,415.9354928823618 37.69340713012149,55.615905074945644,415.9354928823618 37.69364492309619,55.61590760790506,416.63587130033056 37.693882716108725,55.6159101404036,416.63587130033056 37.69412050915911,55.61591267244128,415.6592019888071 37.69435830224733,55.61591520401807,415.6592019888071 37.69459609537338,55.615917735134005,414.7558969350962 37.69483388853725,55.61592026578906,414.7558969350962 37.69507168173893,55.61592279598323,413.6325143667368 37.695309474978416,55.61592532571654,413.6325143667368 37.69554726825571,55.61592785498899,413.8164285513071 37.69578506157079,55.61593038380055,413.8164285513071 37.69602285492366,55.615932912151244,418.2400735708384 37.696260648314315,55.61593544004105,418.2400735708384 37.69649844174274,55.615937967469996,418.8617776724009 37.69673623520893,55.615940494438064,418.8617776724009 37.69697402871288,55.61594302094526,418.0042184682993 37.69721182225458,55.61594554699158,418.0042184682993 37.69744961583403,55.61594807257703,416.0138315054087 37.69768740945123,55.615950597701605,416.0138315054087 37.697925203106145,55.61595312236529,414.4185403677134 37.698162996798786,55.61595564656812,414.4185403677134 37.69840079052915,55.615958170310066,415.2033304067759 37.69863858429722,55.61596069359114,415.2033304067759 37.698876378103,55.61596321641133,417.4699319692759 37.699114171946476,55.61596573877067,417.4699319692759 37.69935196582764,55.61596826066911,419.9291604849009 37.699589759746495,55.61597078210668,419.9291604849009 37.69982755370302,55.61597330308338,422.90325106107275 37.70006534769722,55.61597582359919,422.90325106107275 37.70030314172908,55.615978343654135,420.60246981107275 37.70054093579859,55.615980863248204,420.60246981107275 37.700778729905764,55.6159833823814,422.65605867826025 37.701016524050566,55.615985901053705,422.65605867826025 37.70125431823301,55.61598841926514,427.00241793118994 37.70149211245308,55.6159909370157,427.00241793118994 37.70172990671078,55.61599345430539,425.8231881948618 37.70196770100609,55.61599597113419,425.8231881948618 37.70220549533901,55.61599848750212,422.70395601712744 37.70244328970952,55.61600100340916,422.70395601712744 37.702681084117636,55.616003518855344,419.9767679067759 37.70291887856334,55.616006033840634,419.9767679067759 37.703156673046614,55.616008548365045,420.5733255239634 37.70339446756747,55.61601106242859,420.5733255239634 37.70363226212589,55.61601357603125,423.68689669095556 37.703870056721875,55.61601608917303,423.68689669095556 37.70410785135541,55.61601860185394,425.9021371694712 37.70434564602649,55.61602111407396,425.9021371694712 37.704583440735114,55.61602362583311,424.4631570669321 37.70482123548126,55.61602613713137,424.4631570669321 37.70505903026494,55.616028647968754,424.3660806509165 37.70529682508614,55.61603115834527,424.3660806509165 37.70553461994485,55.6160336682609,426.6124490591196 37.70577241484106,55.616036177715635,426.6124490591196 37.70601020977477,55.61603868670951,432.46619356595556 37.70624800474597,55.616041195242495,432.46619356595556 37.70648579975466,55.61604370331461,429.53227938138525 37.70672359480082,55.61604621092584,429.53227938138525 37.706961389884455,55.61604871807618,427.2482370229868 37.70719918500555,55.616051224765634,427.2482370229868 37.70743698016411,55.616053730994224,426.12627352201025 37.70767477536011,55.616056236761935,426.12627352201025 37.707912570593564,55.61605874206876,428.39636934720556 37.70815036586444,55.616061246914704,428.39636934720556 37.708388161172756,55.61606375129976,432.7799905630259 37.70862595651849,55.61606625522394,432.7799905630259 37.70886375190164,55.616068758687234,433.97246492826025 37.7091015473222,55.616071261689655,433.97246492826025 37.70933934278016,55.61607376423118,430.68808687650244 37.70957713827552,55.61607626631183,430.68808687650244 37.70981493380826,55.616078767931604,428.9682229849009 37.71005272937838,55.61608126909049,428.9682229849009 37.710290524985886,55.61608376978849,426.903312096229 37.71052832063075,55.616086270025605,426.903312096229 37.71076611631298,55.61608876980184,426.19194735013525 37.71100391203256,55.6160912691172,426.19194735013525 37.71124170778948,55.61609376797166,426.86467684232275 37.71147950358375,55.616096266365254,426.86467684232275 37.711717299415355,55.61609876429796,427.80437410794775 37.711955095284274,55.61610126176977,427.80437410794775 37.712192891190526,55.61610375878071,428.16513765775244 37.71243068713408,55.616106255330756,428.16513765775244 37.712668483114946,55.61610875141993,431.87171114408056 37.7129062791331,55.61611124704821,431.87171114408056 37.71314407518856,55.61611374221561,429.8374856802134 37.71338187128129,55.616116236922124,429.8374856802134 37.71361966741131,55.616118731167745,426.6062234731821 37.7138574635786,55.616121224952494,426.6062234731821 37.71409525978314,55.61612371827635,422.1048806997446 37.714333056024955,55.616126211139324,422.1048806997446 37.71457085230401,55.616128703541406,421.6803811880259 37.71480864862031,55.6161311954826,421.6803811880259 37.71504644497385,55.61613368696292,422.9502176138071 37.715284241364614,55.61613617798235,422.9502176138071 37.71552203779261,55.61613866854089,429.4202493520884 37.71575983425782,55.61614115863855,429.4202493520884 37.71599763076023,55.61614364827532,438.43540132962744 37.71623542729984,55.616146137451196,438.43540132962744 37.71647322387666,55.6161486261662,437.93625582181494 37.716711020490656,55.6161511144203,437.93625582181494 37.71694881714184,55.61615360221353,436.8011850210337 37.7171866138302,55.61615608954587,436.8011850210337 37.71742441055572,55.61615857641731,427.67546785794775 37.71766220731841,55.61616106282788,427.67546785794775 37.71790000411825,55.61616354877754,427.67546785794775 37.71813780095524,55.616166034266335,423.684562096229 37.718375597829365,55.61616851929423,423.684562096229 37.71861339474063,55.61617100386123,425.6811746450571 37.71885119168901,55.61617348796735,425.6811746450571 37.71908898867452,55.61617597161259,424.55551851712744 37.71932678569714,55.61617845479692,424.55551851712744 37.719564582756874,55.61618093752038,424.25559175931494 37.7198023798537,55.61618341978295,424.25559175931494 37.72004017698762,55.61618590158463,426.78887117826025 37.72027797415862,55.6161883829254,426.78887117826025 37.7205157713667,55.61619086380531,428.7405465932993 37.72075356861185,55.61619334422432,428.7405465932993 37.720991365894065,55.61619582418243,429.356925377479 37.72122916321334,55.61619830367967,429.356925377479 37.721466960569664,55.61620078271599,430.36064852201025 37.72170475796303,55.61620326129144,430.36064852201025 37.72194255539344,55.616205739406,428.92803133451025 37.722180352860875,55.616208217059665,428.92803133451025 37.722418150365336,55.61621069425245,426.9564431997446 37.722655947906816,55.61621317098433,426.9564431997446 37.722893745485294,55.61621564725532,423.3954538198618 37.72313154310079,55.61621812306543,423.3954538198618 37.72336934075327,55.616220598414635,425.4554818960337 37.723607138442745,55.61622307330296,425.4554818960337 37.7238449361692,55.61622554773039,427.395987877479 37.72408273393263,55.61622802169692,427.395987877479 37.72432053173303,55.61623049520257,428.81389559232275 37.72455832957039,55.616232968247324,428.81389559232275 37.724796127444705,55.61623544083118,429.32378328763525 37.725033925355966,55.616237912954155,429.32378328763525 37.72527172330417,55.616240384616226,426.9521097036509 37.72550952128931,55.61624285581741,426.9521097036509 37.72574731931137,55.6162453265577,424.34062899076025 37.72598511737035,55.616247796837094,424.34062899076025 37.72622291546625,55.6162502666556,424.6795877309946 37.72646071359905,55.616252736013216,424.6795877309946 37.72669851176876,55.61625520490994,426.6346811147837 37.72693630997536,55.61625767334576,426.6346811147837 37.72717410821883,55.61626014132068,425.4299692007212 37.72741190649919,55.61626260883472,425.4299692007212 37.72764970481643,55.61626507588787,423.40215242826025 37.72788750317053,55.6162675424801,423.40215242826025 37.728125301561484,55.61627000861148,423.3792184682993 37.72836309998929,55.61627247428193,423.3792184682993 37.72860089845394,55.61627493949148,421.57102144681494 37.72883869695543,55.61627740424016,421.57102144681494 37.72907649549375,55.61627986852793,421.3817056509165 37.72931429406889,55.616282332354814,421.3817056509165 37.729552092680855,55.616284795720794,423.7107309194712 37.729789891329624,55.61628725862589,423.7107309194712 37.7300276900152,55.61628972107008,425.48352755033056 37.730265488737565,55.61629218305338,425.48352755033056 37.73050328749673,55.616294644575774,428.14629305326025 37.73074108629267,55.61629710563728,428.14629305326025 37.73097888512539,55.616299566237885,424.84404695951025 37.73121668399487,55.61630202637761,424.84404695951025 37.73145448290112,55.616304486056414,423.8111184927134 37.73169228184412,55.616306945274346,423.8111184927134 37.73193008082387,55.61630940403136,423.32285250150244 37.73216787984037,55.61631186232749,423.32285250150244 37.73240567889359,55.61631432016272,422.3127054067759 37.732643477983544,55.61631677753705,422.3127054067759 37.73288127711022,55.616319234450486,424.3575662466196 37.73311907627361,55.61632169090302,424.3575662466196 37.7333568754737,55.616324146894655,425.3559030386118 37.7335946747105,55.616326602425396,425.3559030386118 37.733832473983995,55.616329057495236,425.0651315542368 37.734070273294165,55.61633151210418,425.0651315542368 37.73430807264102,55.61633396625223,424.480216393104 37.73454587202455,55.61633641993937,424.480216393104 37.73478367144474,55.616338873165624,425.2848733755259 37.73502147090159,55.616341325930975,425.2848733755259 37.73525927039509,55.61634377823542,424.79138887845556 37.73549706992524,55.616346230078975,424.79138887845556 37.73573486949203,55.61634868146163,424.89055574857275 37.73597266909544,55.616351132383386,424.89055574857275 37.73621046873548,55.616353582844226,423.0932840200571 37.73644826841215,55.61635603284419,423.0932840200571 37.73668606812541,55.61635848238325,421.9935983511118 37.736923867875284,55.616360931461394,421.9935983511118 37.73716166766175,55.61636338007865,423.17392672025244 37.73739946748481,55.616365828235004,423.17392672025244 37.737637267344454,55.616368275930455,423.79822481595556 37.73787506724067,55.616370723165005,423.79822481595556 37.738112867173456,55.61637316993866,424.8416360708384 37.73810853881695,55.616507919859146,424.8416360708384 37.7381042104238,55.61664266977645,424.5665448995737 37.73809988199398,55.616777419690536,424.2914537283091 37.73809555352752,55.61691216960142,424.01636255704443 37.7380912250244,55.61704691950909,423.7412713857798 37.73808689648462,55.617181669413576,423.46618021451513 37.73808256790818,55.61731641931485,423.1910890432505 37.73807823929509,55.61745116921292,422.91599787198584 37.73807391064534,55.61758591910778,422.6409067007212 37.73806958195894,55.617720668999446,422.2571583283254 37.738065253235874,55.617855418887885,421.8734099559295 37.73806092447615,55.61799016877314,421.4896615835337 37.737823114761206,55.617987721852195,421.6843484731821 37.73758530508283,55.61798527447031,421.6843484731821 37.73734749544104,55.617982826627504,420.6736215444712 37.73710968583584,55.61798037832375,420.6736215444712 37.736871876267244,55.617977929559096,420.2845681997446 37.736634066735235,55.61797548033349,420.2845681997446 37.73639625723984,55.61797303064697,422.89514864408056 37.736158447781065,55.61797058049952,422.89514864408056 37.7359206383589,55.61796812989114,421.4988168569712 37.73568282897338,55.61796567882184,421.4988168569712 37.735445019624485,55.6179632272916,419.6746438833384 37.73520721031224,55.617960775300446,419.6746438833384 37.73496940103664,55.61795832284835,420.73332918607275 37.7347315917977,55.617955869935344,420.73332918607275 37.73449378259542,55.6179534165614,421.1326516958384 37.73425597342982,55.61795096272653,421.1326516958384 37.734018164300885,55.61794850843074,421.7502664419321 37.73378035520864,55.61794605367402,421.7502664419321 37.73354254615309,55.61794359845638,419.5461038442759 37.73330473713423,55.6179411427778,419.5461038442759 37.733066928152084,55.61793868663831,420.54924715482275 37.73282911920664,55.617936230037884,420.54924715482275 37.73259131029792,55.61793377297654,422.3966287466196 37.73235350142593,55.617931315454264,422.3966287466196 37.73211569259067,55.61792885747107,421.53781832181494 37.731877883792144,55.61792639902695,421.53781832181494 37.73164007503037,55.6179239401219,421.6581186147837 37.731402266305345,55.617921480755925,421.6581186147837 37.73116445761708,55.61791902092903,422.1279672475962 37.73092664896559,55.61791656064121,422.1279672475962 37.73068884035087,55.61791409989247,421.2375711294321 37.73045103177293,55.61791163868279,421.2375711294321 37.73021322323177,55.6179091770122,422.45256746732275 37.72997541472742,55.61790671488069,422.45256746732275 37.72973760625986,55.61790425228825,420.38103426419775 37.729499797829114,55.617901789234885,420.38103426419775 37.72926198943518,55.61789932572059,418.7500680776743 37.72902418107807,55.61789686174539,418.7500680776743 37.72878637275779,55.617894397309264,418.5943826528696 37.72854856447434,55.617891932412206,418.5943826528696 37.728310756227735,55.617889467054226,417.2040628286509 37.72807294801798,55.61788700123533,417.2040628286509 37.727835139845084,55.617884534955515,415.9195169302134 37.72759733170905,55.61788206821477,415.9195169302134 37.727359523609884,55.6178796010131,416.71420992337744 37.7271217155476,55.61787713335051,416.71420992337744 37.72688390752219,55.617874665227006,417.716544518104 37.72664609953368,55.617872196642566,417.716544518104 37.72640829158207,55.61786972759722,421.3351053091196 37.72617048366735,55.617867258090946,421.3351053091196 37.72593267578956,55.617864788123754,421.9478219839243 37.725694867948675,55.61786231769563,421.9478219839243 37.72545706014472,55.617859846806596,421.3438180776743 37.725219252377705,55.61785737545664,421.3438180776743 37.72498144464762,55.61785490364578,423.8962015005259 37.72474363695448,55.617852431373976,423.8962015005259 37.724505829298295,55.61784995864125,426.35227144681494 37.724268021679066,55.61784748544761,426.35227144681494 37.72403021409681,55.617845011793065,427.7036355825571 37.723792406551524,55.61784253767759,427.7036355825571 37.72355459904322,55.61784006310118,424.7984536977915 37.7233167915719,55.617837588063864,424.7984536977915 37.72307898413757,55.617835112565636,425.7300485464243 37.72284117674025,55.61783263660648,425.7300485464243 37.72260336937994,55.61783016018641,426.35718477689306 37.72236556205664,55.617827683305414,426.35718477689306 37.72212775477036,55.617825205963506,425.2604440542368 37.721889947521106,55.61782272816068,425.2604440542368 37.72165214030889,55.61782024989693,426.18103731595556 37.72141433313372,55.61781777117226,426.18103731595556 37.721176525995595,55.61781529198669,426.0682748647837 37.72093871889453,55.61781281234018,426.0682748647837 37.72070091183053,55.61781033223277,424.27503145658056 37.72046310480359,55.61780785166443,424.27503145658056 37.720225297813734,55.61780537063518,424.3042367788462 37.71998749086095,55.617802889145004,424.3042367788462 37.719749683945274,55.61780040719392,424.5767282339243 37.71951187706668,55.617797924781925,424.5767282339243 37.719274070225204,55.617795441908996,424.1010354849009 37.719036263420826,55.617792958575166,424.1010354849009 37.71879845665357,55.617790474780406,422.6737741323618 37.71856064992345,55.61778799052475,422.6737741323618 37.718322843230446,55.61778550580816,423.5907815786509 37.71808503657459,55.617783020630654,423.5907815786509 37.71784722995587,55.617780534992235,422.682364830604 37.71760942337431,55.6177780488929,422.682364830604 37.71737161682991,55.61777556233265,422.682364830604 37.71713381032267,55.61777307531149,420.2137063833384 37.71689600385261,55.61777058782941,420.2137063833384 37.716658197419726,55.61776809988642,423.3384164663462 37.71642039102403,55.617765611482504,423.3384164663462 37.716182584665525,55.61776312261769,420.8312143179087 37.71594477834423,55.61776063329194,420.8312143179087 37.715706972060126,55.61775814350529,418.49243868314306 37.715469165813246,55.61775565325773,418.49243868314306 37.715231359603585,55.617753162549256,418.028067955604 37.71499355343116,55.61775067137985,418.028067955604 37.71475574729596,55.61774817974955,418.3200906606821 37.714517941198004,55.617745687658314,418.3200906606821 37.7142801351373,55.61774319510619,418.3481057974009 37.714042329113845,55.61774070209314,418.3481057974009 37.713804523127656,55.61773820861919,417.67888582669775 37.713566717178736,55.6177357146843,417.67888582669775 37.7133289112671,55.61773322028852,419.8499673696665 37.71309110539274,55.61773072543181,419.8499673696665 37.71285329955567,55.61772823011421,421.4813913198618 37.7126154937559,55.617725734335686,421.4813913198618 37.71237768799343,55.61772323809625,417.90659273587744 37.71213988226827,55.61772074139589,417.90659273587744 37.71190207658042,55.61771824423463,418.06247652493994 37.71166427092991,55.617715746612454,418.06247652493994 37.71142646531672,55.61771324852938,419.1261667104868 37.71118865974087,55.617710749985385,419.1261667104868 37.71095085420237,55.61770825098047,419.85520113431494 37.71071304870122,55.61770575151466,419.85520113431494 37.710475243237426,55.61770325158793,420.1032937856821 37.710237437811,55.61770075120028,420.1032937856821 37.70999963242195,55.61769825035174,419.44861544095556 37.709761827070274,55.61769574904228,419.44861544095556 37.70952402175598,55.61769324727191,423.64731539212744 37.709286216479086,55.617690745040626,423.64731539212744 37.70904841123959,55.617688242348436,425.93621004544775 37.7088106060375,55.61768573919533,425.93621004544775 37.70857280087283,55.61768323558133,426.65727938138525 37.70833499574558,55.617680731506404,426.65727938138525 37.70809719065575,55.617678226970575,425.0768503042368 37.707859385603356,55.617675721973825,425.0768503042368 37.7076215805884,55.61767321651619,423.41826570951025 37.7073837756109,55.61767071059762,423.41826570951025 37.70714597067085,55.61766820421816,424.5834115835337 37.706908165768276,55.61766569737779,424.5834115835337 37.70667036090315,55.617663190076506,424.6439126821665 37.70643255607551,55.617660682314316,424.6439126821665 37.70619475128535,55.617658174091225,422.2075418325571 37.70595694653268,55.61765566540721,422.2075418325571 37.70571914181751,55.6176531562623,421.119620689979 37.705481337139844,55.61765064665647,421.119620689979 37.70524353249968,55.61764813658974,419.0098031850962 37.70500572789704,55.6176456260621,419.0098031850962 37.70476792333192,55.61764311507356,420.0182260366587 37.704530118804335,55.61764060362411,420.0182260366587 37.70429231431429,55.61763809171376,421.3762430044321 37.70405450986178,55.61763557934249,421.3762430044321 37.703816705446826,55.61763306651032,420.98345125638525 37.70357890106943,55.61763055321724,420.98345125638525 37.7033410967296,55.617628039463256,421.62900484525244 37.703103292427336,55.617625525248364,421.62900484525244 37.70286548816266,55.617623010572565,421.5548013540415 37.70262768393557,55.617620495435865,421.5548013540415 37.702389879746065,55.617617979838265,420.71521700345556 37.70215207559416,55.61761546377974,420.71521700345556 37.701914271479865,55.61761294726032,419.98670137845556 37.70167646740318,55.61761043028,419.98670137845556 37.701438663364115,55.61760791283877,419.0198129507212 37.701200859362686,55.61760539493664,419.0198129507212 37.70096305539889,55.6176028765736,419.1767801138071 37.700725251472726,55.61760035774966,419.1767801138071 37.700487447584216,55.61759783846482,418.67053926908056 37.70024964373335,55.617595318719054,418.67053926908056 37.70001183992016,55.6175927985124,417.08354891263525 37.69977403614463,55.61759027784484,417.08354891263525 37.69953623240678,55.61758775671638,415.08574617826025 37.69929842870661,55.61758523512701,415.08574617826025 37.699060625044126,55.61758271307675,416.15296114408056 37.69882282141934,55.617580190565576,416.15296114408056 37.69858501783226,55.6175776675935,415.9176858755259 37.69834721428288,55.617575144160526,415.9176858755259 37.698109410771224,55.617572620266635,413.37534273587744 37.697871607297294,55.61757009591185,413.37534273587744 37.69763380386109,55.61756757109616,410.6644967886118 37.697396000462625,55.61756504581957,410.6644967886118 37.6971581971019,55.61756252008209,409.909903893104 37.696920393778925,55.617559993883695,409.909903893104 37.696682590493715,55.617557467224394,409.71948946439306 37.69644478724627,55.6175549401042,409.71948946439306 37.69620698403659,55.617552412523104,409.26926363431494 37.69596918086469,55.6175498844811,409.26926363431494 37.69573137773058,55.6175473559782,413.975821861854 37.695493574634256,55.61754482701439,413.975821861854 37.69525577157573,55.61754229758969,416.1477731557993 37.695017968555014,55.617539767704095,416.1477731557993 37.69478016557211,55.61753723735759,415.28321016751806 37.694542362627026,55.617534706550174,415.28321016751806 37.694304559719775,55.61753217528187,414.06455172025244 37.69406675685035,55.617529643552665,414.06455172025244 37.69382895401877,55.61752711136257,416.6187204214243 37.69359115122503,55.61752457871156,416.6187204214243 37.69335334846915,55.61752204559966,417.11260164701025 37.69311554575113,55.61751951202685,417.11260164701025 37.69287774307097,55.61751697799315,415.1764291616587 37.6926399404287,55.61751444349855,415.1764291616587 37.692402137824295,55.617511908543044,414.7085183950571 37.692164335257786,55.61750937312665,414.7085183950571 37.69192653272918,55.61750683724935,413.94556368314306 37.69168873023846,55.61750430091115,413.94556368314306 37.69145092778567,55.617501764112056,413.8612436147837 37.69121312537078,55.61749922685205,413.8612436147837 37.690975322993815,55.617496689131166,413.5817483755259 37.690737520654785,55.617494150949376,413.5817483755259 37.69049971835369,55.617491612306694,413.7223733755259 37.69026191609054,55.6174890732031,413.7223733755259 37.690024113865334,55.61748653363862,412.9103616567759 37.68978631167809,55.61748399361324,412.9103616567759 37.689548509528805,55.61748145312696,412.42017305814306 37.6893107074175,55.617478912179784,412.42017305814306 37.68907290534417,55.61747637077172,412.2764810415415 37.68883510330882,55.61747382890275,412.2764810415415 37.68859730131147,55.617471286572886,411.78223360501806 37.68835949935211,55.617468743782126,411.78223360501806 37.68812169743076,55.617466200530465,410.8118509145884 37.687883895547415,55.617463656817925,410.8118509145884 37.6876460937021,55.61746111264448,410.0760110708384 37.68740829189481,55.61745856801013,410.0760110708384 37.687170490125546,55.61745602291489,412.0927957388071 37.68693268839433,55.61745347735876,412.0927957388071 37.68669488670115,55.61745093134173,411.0818551870493 37.68645708504603,55.6174483848638,411.0818551870493 37.686219283428976,55.61744583792499,408.6612161489634 37.68598148184998,55.617443290525266,408.6612161489634 37.685743680309066,55.617440742664655,407.9685434194712 37.685505878806225,55.61743819434315,407.9685434194712 37.685268077341476,55.61743564556076,404.90647066556494 37.685030275914826,55.61743309631746,404.90647066556494 37.684792474526276,55.617430546613285,400.4445413442759 37.684554673175825,55.6174279964482,400.4445413442759 37.6843168718635,55.61742544582223,396.3543161245493 37.68407907058929,55.617422894735355,396.3543161245493 37.683841269353216,55.617420343187604,392.5882181020884 37.683603468155276,55.617417791178944,392.5882181020884 37.68336566699548,55.617415238709405,392.78052462064306 37.683127865873836,55.617412685778966,392.78052462064306 37.68289006479034,55.61741013238764,392.52983797513525 37.68265226374502,55.617407578535406,392.52983797513525 37.68241446273786,55.61740502422229,392.44780672513525 37.68217666176888,55.61740246944829,392.44780672513525 37.68193886083809,55.617399914213394,393.9303354116587 37.68170105994548,55.61739735851759,393.9303354116587 37.68146325909108,55.61739480236092,395.8791726919321 37.68122545827488,55.61739224574334,395.8791726919321 37.68098765749689,55.61738968866488,396.5928872915415 37.680749856757124,55.61738713112552,396.5928872915415 37.680512056055576,55.617384573125264,393.74060762845556 37.68027425539227,55.61738201466412,393.74060762845556 37.6800364547672,55.617379455742096,392.1878579946665 37.679798654180374,55.61737689635918,392.1878579946665 37.6795608536318,55.617374336515375,390.7804330679087 37.679323053121486,55.61737177621067,390.7804330679087 37.67908525264944,55.61736921544507,386.3126443716196 37.67884745221567,55.61736665421859,386.3126443716196 37.67860965182018,55.617364092531226,383.278067955604 37.67837185146297,55.617361530382965,383.278067955604 37.67813405114407,55.61735896777381,380.967276939979 37.677896250863455,55.61735640470378,380.967276939979 37.67765845062116,55.617353841172836,379.8650583120493 37.67742065041717,55.61735127718102,379.8650583120493 37.67718285025151,55.61734871272832,379.7112039419321 37.676945050124175,55.61734614781472,379.7112039419321 37.67670725003518,55.617343582440235,378.7322915884165 37.67646944998452,55.61734101660487,378.7322915884165 37.676231649972216,55.61733845030861,379.65061129056494 37.67599384999827,55.61733588355146,379.65061129056494 37.67575605006268,55.617333316333436,379.6538461538462 37.67551825016546,55.617330748654496,379.6538461538462 37.67528045030662,55.61732818051469,379.799552330604 37.67504265048617,55.61732561191399,379.799552330604 37.674804850704106,55.617323042852405,381.23076570951025 37.674567050960434,55.61732047332993,381.23076570951025 37.67456250451439,55.617455219852275,381.80836046659033 37.67455795802985,55.61758996637139,382.3859552236704 37.67455341150681,55.617724712887274,382.9635499807505 37.67454886494526,55.61785945939994,383.54114473783056 37.67454431834521,55.617994205909376,383.87175692044775 37.67453977170666,55.61812895241558,384.20236910306494 37.6745352250296,55.61826369891857,384.5329812856821 37.67453067831405,55.618398445418315,384.8635934682993 37.674526131559986,55.61853319191485,385.1942056509165 37.67452158476742,55.618667938408144,385.5248178335337 37.67451703793635,55.61880268489822,385.8554300161509 37.67451249106677,55.61893743138505,386.18604219876806 37.6747503005922,55.61894000106223,386.18604219876806 37.674988110156036,55.61894257027848,386.0398172231821 37.67522591975827,55.61894513903381,386.0398172231821 37.675463729398885,55.61894770732823,384.7825540395884 37.67570153907789,55.61895027516174,384.7825540395884 37.67593934879526,55.61895284253433,383.42656649076025 37.676177158551006,55.618955409445995,383.42656649076025 37.676414968345114,55.61895797589674,382.7219613882212 37.676652778177576,55.618960541886594,382.7219613882212 37.67689058804839,55.618963107415524,382.3546518179087 37.67712839795754,55.61896567248353,382.3546518179087 37.677366207905024,55.61896823709063,380.6661294790415 37.677604017890836,55.6189708012368,380.6661294790415 37.67784182791497,55.61897336492206,379.6538461538462 37.67807963797742,55.6189759281464,379.6538461538462 37.67831744807817,55.61897849090983,379.6538461538462 37.67855525821722,55.61898105321234,379.6538461538462 37.67879306839457,55.61898361505392,379.6538461538462 37.67903087861019,55.6189861764346,379.6538461538462 37.67926868886411,55.61898873735435,382.09514559232275 37.67950649915629,55.618991297813196,382.09514559232275 37.679744309486736,55.61899385781112,389.2035287710337 37.679982119855445,55.618996417348114,389.2035287710337 37.6802199302624,55.61899897642421,391.9636606069712 37.6804577407076,55.61900153503937,391.9636606069712 37.68069555119104,55.61900409319362,393.71428621732275 37.68093336171272,55.619006650886945,393.71428621732275 37.68117117227261,55.619009208119344,397.38172090970556 37.68140898287072,55.61901176489084,397.38172090970556 37.68164679350705,55.61901432120141,400.205802330604 37.681884604181576,55.61901687705107,400.205802330604 37.682122414894295,55.6190194324398,399.4465707632212 37.68236022564521,55.6190219873676,399.4465707632212 37.68259803643431,55.6190245418345,397.44629610501806 37.68283584726158,55.61902709584047,397.44629610501806 37.683073658127014,55.619029649385524,396.93662203275244 37.68331146903062,55.619032202469654,396.93662203275244 37.683549279972375,55.61903475509286,398.2451852651743 37.683787090952286,55.61903730725516,398.2451852651743 37.68402490197033,55.61903985895653,399.5222543569712 37.68426271302651,55.61904241019698,399.5222543569712 37.68450052412082,55.6190449609765,400.91773165189306 37.68473833525325,55.61904751129511,400.91773165189306 37.6849761464238,55.619050061152805,402.1917337270884 37.68521395763244,55.61905261054956,402.1917337270884 37.685451768879204,55.6190551594854,403.8119729849009 37.685689580164045,55.61905770796032,403.8119729849009 37.68592739148698,55.61906025597431,405.155021080604 37.68616520284799,55.6190628035274,405.155021080604 37.68640301424707,55.61906535061955,406.508536705604 37.68664082568422,55.61906789725077,406.508536705604 37.68687863715943,55.61907044342108,407.5376657339243 37.68711644867269,55.619072989130466,407.5376657339243 37.68735426022399,55.61907553437893,407.68543184720556 37.68759207181334,55.619078079166464,407.68543184720556 37.68782988344071,55.619080623493076,410.0171121450571 37.68806769510611,55.61908316735877,410.0171121450571 37.68830550680953,55.619085710763535,411.4579690786509 37.68854331855096,55.619088253707375,411.4579690786509 37.68878113033039,55.6190907961903,413.3182596059946 37.68901894214782,55.619093338212295,413.3182596059946 37.68925675400324,55.61909587977336,414.29270113431494 37.689494565896645,55.61909842087351,414.29270113431494 37.68973237782802,55.61910096151274,413.2112954946665 37.689970189797364,55.61910350169103,413.2112954946665 37.690208001804685,55.6191060414084,412.3198617788462 37.69044581384994,55.61910858066485,412.3198617788462 37.69068362593316,55.61911111946037,413.4913553091196 37.69092143805432,55.61911365779497,413.4913553091196 37.69115925021341,55.61911619566864,412.9157174917368 37.69139706241043,55.619118733081386,412.9157174917368 37.69163487464537,55.6191212700332,412.390128502479 37.69187268691823,55.61912380652409,412.390128502479 37.69211049922899,55.61912634255406,413.5965188833384 37.69234831157766,55.6191288781231,413.5965188833384 37.69258612396422,55.619131413231216,413.8056863638071 37.69282393638866,55.619133947878396,413.8056863638071 37.69306174885099,55.61913648206466,418.32007540189306 37.69329956135118,55.61913901579,418.32007540189306 37.69353737388925,55.6191415490544,420.3730691763071 37.69377518646517,55.619144081857876,420.3730691763071 37.69401299907895,55.619146614200424,416.7327493520884 37.69425081173057,55.61914914608205,416.7327493520884 37.69448862442003,55.61915167750274,414.8191293569712 37.694726437147324,55.61915420846251,414.8191293569712 37.69496424991244,55.61915673896136,411.0768197866587 37.69520206271538,55.61915926899927,411.0768197866587 37.69543987555612,55.61916179857624,411.38489473783056 37.69567768843468,55.6191643276923,411.38489473783056 37.69591550135102,55.61916685634743,409.9143442007212 37.696153314305164,55.61916938454162,409.9143442007212 37.69639112729708,55.61917191227489,408.1726297231821 37.69662894032678,55.61917443954722,408.1726297231821 37.696866753394254,55.61917696635864,407.7342447134165 37.69710456649948,55.61917949270911,407.7342447134165 37.69734237964248,55.61918201859866,410.12358797513525 37.69758019282322,55.61918454402728,410.12358797513525 37.69781800604169,55.61918706899497,412.50742281400244 37.69805581929791,55.61918959350173,412.50742281400244 37.69829363259185,55.619192117547556,416.5248178335337 37.69853144592352,55.61919464113245,416.5248178335337 37.6987692592929,55.61919716425643,416.1179574819712 37.699007072699985,55.61919968691946,416.1179574819712 37.69924488614478,55.61920220912156,412.6626809927134 37.69948269962727,55.619204730862734,412.6626809927134 37.69972051314744,55.619207252142985,415.6208108755259 37.699958326705286,55.61920977296229,415.6208108755259 37.70019614030081,55.61921229332067,417.74932039701025 37.700433953934,55.619214813218115,417.74932039701025 37.70067176760486,55.61921733265463,415.5229867788462 37.70090958131337,55.61921985163022,415.5229867788462 37.701147395059515,55.619222370144875,414.5938180776743 37.701385208843305,55.619224888198595,414.5938180776743 37.70162302266473,55.61922740579138,414.6373971792368 37.70186083652378,55.61922992292323,414.6373971792368 37.702098650420446,55.619232439594164,416.3240426870493 37.70233646435472,55.61923495580414,416.3240426870493 37.70257427832661,55.61923747155319,417.05896700345556 37.70281209233609,55.619239986841315,417.05896700345556 37.70304990638316,55.61924250166851,418.3157113882212 37.70328772046782,55.61924501603477,418.3157113882212 37.70352553459005,55.61924752994008,417.9882272573618 37.70376334874985,55.619250043384476,417.9882272573618 37.70400116294722,55.61925255636792,420.11328829251806 37.70423897718214,55.61925506889043,420.11328829251806 37.70447679145462,55.61925758095202,420.98821199857275 37.704714605764636,55.61926009255268,420.98821199857275 37.704952420112186,55.619262603692384,418.52063692533056 37.705190234497266,55.61926511437117,418.52063692533056 37.70542804891987,55.619267624589014,416.6357797475962 37.70566586337999,55.619270134345925,416.6357797475962 37.70590367787762,55.61927264364189,417.65927828275244 37.70614149241275,55.61927515247693,417.65927828275244 37.706379306985376,55.61927766085104,419.1709665151743 37.706617121595485,55.61928016876421,419.1709665151743 37.706854936243076,55.619282676216436,417.55530489408056 37.70709275092815,55.61928518320774,417.55530489408056 37.70733056565067,55.619287689738094,417.50395906888525 37.70756838041067,55.61929019580751,417.50395906888525 37.70780619520812,55.619292701416,416.09099520169775 37.70804401004301,55.61929520656356,416.09099520169775 37.708281824915346,55.61929771125016,413.5246805044321 37.70851963982511,55.61930021547583,413.5246805044321 37.708757454772304,55.61930271924057,411.8945688100962 37.70899526975692,55.61930522254437,411.8945688100962 37.70923308477894,55.61930772538723,411.6411355825571 37.709470899838365,55.61931022776916,411.6411355825571 37.709708714935196,55.619312729690144,411.670646080604 37.70994653006941,55.61931523115019,411.670646080604 37.71018434524102,55.619317732149305,411.08750093900244 37.710422160449994,55.61932023268748,411.08750093900244 37.710659975696345,55.619322732764715,411.2662271352915 37.71089779098006,55.61932523238101,411.2662271352915 37.71113560630113,55.61932773153636,411.7786477895884 37.71137342165955,55.61933023023078,411.7786477895884 37.71161123705532,55.61933272846425,413.99314058743994 37.711849052488425,55.61933522623679,413.99314058743994 37.71208686795885,55.619337723548384,415.5728372427134 37.712324683466605,55.619340220399046,415.5728372427134 37.712562499011675,55.619342716788765,415.8355325552134 37.712800314594055,55.619345212717555,415.8355325552134 37.71303813021374,55.61934770818539,416.64340914212744 37.71327594587071,55.61935020319229,416.64340914212744 37.713513761564975,55.61935269773826,416.0019143911509 37.71375157729653,55.61935519182327,416.0019143911509 37.71398939306535,55.61935768544735,416.374015221229 37.714227208871435,55.61936017861048,416.374015221229 37.71446502471478,55.619362671312686,417.72644747220556 37.71470284059538,55.61936516355393,417.72644747220556 37.714940656513235,55.61936765533426,416.95452059232275 37.71517847246832,55.619370146653615,416.95452059232275 37.71541628846064,55.61937263751206,416.0218881460337 37.71565410449019,55.61937512790954,416.0218881460337 37.71589192055696,55.619377617846084,417.39865816556494 37.71612973666094,55.61938010732169,417.39865816556494 37.716367552802126,55.61938259633635,417.6207956167368 37.71660536898051,55.61938508489008,417.6207956167368 37.71684318519609,55.61938757298285,417.8382791372446 37.71708100144885,55.61939006061469,417.8382791372446 37.717318817738786,55.61939254778558,418.4468149038462 37.7175566340659,55.61939503449553,418.4468149038462 37.717794450430176,55.61939752074453,418.4468149038462 37.71803226683161,55.6194000065326,420.8616403432993 37.7182700832702,55.6194024918597,420.8616403432993 37.718507899745916,55.61940497672589,424.78247774564306 37.71874571625878,55.61940746113111,424.78247774564306 37.71898353280878,55.61940994507541,424.3795083852915 37.719221349395895,55.619412428558746,424.3795083852915 37.71945916602013,55.61941491158115,420.5884469839243 37.71969698268147,55.6194173941426,420.5884469839243 37.71993479937992,55.619419876243114,418.37598360501806 37.720172616115455,55.61942235788268,418.37598360501806 37.720410432888094,55.619424839061296,420.13135469876806 37.7206482496978,55.61942731977897,420.13135469876806 37.72088606654459,55.619429800035704,419.6850198599009 37.72112388342844,55.61943227983149,419.6850198599009 37.721361700349355,55.619434759166325,419.3753122182993 37.721599517307325,55.61943723804023,419.3753122182993 37.72183733430234,55.61943971645317,418.9328073354868 37.7220751513344,55.619442194405174,418.9328073354868 37.72231296840349,55.61944467189623,420.4491647573618 37.72255078550961,55.61944714892634,420.4491647573618 37.72278860265275,55.6194496254955,422.79025972806494 37.7230264198329,55.61945210160372,422.79025972806494 37.72326423705005,55.61945457725098,422.37924898587744 37.72350205430421,55.619457052437305,422.37924898587744 37.723739871595356,55.61945952716269,421.6519235464243 37.7239776889235,55.61946200142712,421.6519235464243 37.72421550628861,55.61946447523059,423.31511629544775 37.724453323690696,55.61946694857313,423.31511629544775 37.72469114112974,55.61946942145471,421.6704477163462 37.72492895860575,55.61947189387535,421.6704477163462 37.725166776118705,55.619474365835046,419.08293856107275 37.72540459366861,55.61947683733378,419.08293856107275 37.72564241125545,55.61947930837158,416.20850313626806 37.72588022887922,55.619481778948426,416.20850313626806 37.72611804653991,55.61948424906432,415.180899986854 37.72635586423752,55.619486718719266,415.180899986854 37.726593681972034,55.61948918791326,414.630118736854 37.72683149974346,55.619491656646304,414.630118736854 37.72706931755178,55.619494124918425,414.71965731107275 37.727307135396984,55.61949659272957,414.71965731107275 37.72754495327908,55.61949906007977,411.9992288442759 37.72778277119804,55.61950152696902,411.9992288442759 37.72802058915387,55.61950399339732,410.55522860013525 37.72825840714657,55.61950645936468,410.55522860013525 37.728496225176116,55.61950892487108,412.00334871732275 37.72873404324252,55.619511389916525,412.00334871732275 37.728971861345755,55.61951385450103,412.3390268179087 37.72920967948583,55.619516318624584,412.3390268179087 37.729447497662726,55.61951878228718,412.3213723989634 37.729685315876445,55.61952124548883,412.3213723989634 37.729923134126985,55.61952370822953,412.6780465932993 37.73016095241432,55.619526170509275,412.6780465932993 37.73039877073846,55.61952863232807,416.318351158729 37.7306365890994,55.619531093685914,416.318351158729 37.730874407497105,55.619533554582794,419.4504770132212 37.731112225931604,55.619536015018745,419.4504770132212 37.73135004440288,55.61953847499374,418.0316995474009 37.731587862910914,55.619540934507775,418.0316995474009 37.7318256814557,55.61954339356085,420.3522104116587 37.73206350003725,55.61954585215299,420.3522104116587 37.73230131865554,55.619548310284166,421.2636178823618 37.73253913731057,55.61955076795439,421.2636178823618 37.73277695600232,55.619553225163656,418.70288790189306 37.733014774730805,55.61955568191198,418.70288790189306 37.733252593496,55.61955813819935,415.47063387357275 37.73349041229791,55.61956059402576,415.47063387357275 37.733728231136524,55.619563049391225,414.3791116567759 37.73396605001183,55.61956550429573,414.3791116567759 37.73420386892383,55.61956795873928,416.4723275991587 37.73444168787251,55.61957041272188,416.4723275991587 37.734679506857866,55.61957286624352,416.6260446401743 37.73491732587989,55.61957531930421,416.6260446401743 37.73515514493858,55.61957777190394,414.7954324575571 37.73539296403392,55.619580224042735,414.7954324575571 37.73563078316591,55.61958267572056,413.47608126126806 37.735868602334534,55.61958512693743,413.47608126126806 37.7361064215398,55.619587577693345,414.95061434232275 37.7363442407817,55.6195900279883,414.95061434232275 37.736582060060215,55.619592477822316,416.116202721229 37.73681987937534,55.61959492719537,416.116202721229 37.73705769872708,55.61959737610746,419.5881723257212 37.73729551811542,55.6195998245586,419.5881723257212 37.73753333754034,55.61960227254878,417.3365701528696 37.73777115700186,55.61960472007801,417.3365701528696 37.738008976499955,55.61960716714628,417.1796335073618 37.73800464726363,55.61974191698988,417.4625619741587 37.73800031799064,55.61987666683028,417.74549044095556 37.737995988680986,55.62001141666747,417.74549044095556 37.737991659334675,55.62014616650146,417.2213052602915 37.737987329951686,55.620280916332256,416.69712007962744 37.73798300053204,55.62041566615983,415.70141215900804 37.73797867107572,55.62055041598422,414.7057042383886 37.73797434158274,55.62068516580539,413.7099963177692 37.7379700120531,55.62081991562336,412.71428839714974 37.737965682486774,55.62095466543813,411.71858047653035 37.737961352883794,55.62108941524969,410.7228725559109 37.737957023244135,55.62122416505806,409.7271646352915 37.7377191939619,55.62122171784245,407.7195962759165 37.737481364716245,55.62121927016588,407.7195962759165 37.73724353550718,55.621216822028316,407.6925271841196 37.73700570633471,55.621214373429765,407.6925271841196 37.73676787719886,55.62121192437023,408.69727266751806 37.73653004809961,55.621209474849714,408.69727266751806 37.73629221903698,55.62120702486821,408.8167337270884 37.736054390010985,55.62120457442573,408.8167337270884 37.735816561021615,55.621202123522266,409.2474588247446 37.73557873206888,55.62119967215782,409.2474588247446 37.7353409031528,55.62119722033238,408.70105684720556 37.735103074273376,55.62119476804597,408.70105684720556 37.734865245430605,55.62119231529857,407.1514047475962 37.734627416624505,55.6211898620902,407.1514047475962 37.73438958785507,55.62118740842084,410.4037240835337 37.73415175912233,55.6211849542905,410.4037240835337 37.73391393042627,55.621182499699174,414.0646585317759 37.7336761017669,55.62118004464686,414.0646585317759 37.73343827314424,55.62117758913357,412.7870706411509 37.733200444558285,55.62117513315931,412.7870706411509 37.73296261600904,55.62117267672406,412.7040017934946 37.73272478749652,55.62117021982783,412.7040017934946 37.73248695902073,55.62116776247062,411.8936685415415 37.732249130581685,55.62116530465243,411.8936685415415 37.73201130217937,55.62116284637325,411.9956430288462 37.73177347381382,55.62116038763309,411.9956430288462 37.73153564548501,55.62115792843197,412.07854402982275 37.73129781719297,55.62115546876985,412.07854402982275 37.7310599889377,55.621153008646765,410.4639352651743 37.73082216071921,55.621150548062694,410.4639352651743 37.730584332537504,55.621148087017644,409.9625467153696 37.73034650439258,55.62114562551161,409.9625467153696 37.73010867628446,55.621143163544595,408.4408181997446 37.729870848213146,55.62114070111661,408.4408181997446 37.72963302017864,55.62113823822763,408.3739236684946 37.72939519218096,55.621135774877686,408.3739236684946 37.7291573642201,55.62113331106676,408.3698190542368 37.728919536296075,55.621130846794856,408.3698190542368 37.728681708408885,55.621128382061976,409.0920633169321 37.728443880558544,55.62112591686812,409.0920633169321 37.72820605274505,55.62112345121328,408.4251626821665 37.72796822496842,55.62112098509746,408.4251626821665 37.72773039722866,55.621118518520674,409.4614480825571 37.72749256952577,55.621116051482886,409.4614480825571 37.72725474185976,55.62111358398415,411.1813424917368 37.727016914230646,55.621111116024416,411.1813424917368 37.72677908663841,55.62110864760372,410.66785372220556 37.726541259083085,55.62110617872202,410.66785372220556 37.726303431564666,55.621103709379376,410.98584688626806 37.72606560408317,55.62110123957574,410.98584688626806 37.72582777663859,55.621098769311125,413.2933725210337 37.72558994923094,55.621096298585535,413.2933725210337 37.72535212186022,55.62109382739898,416.01612032376806 37.72511429452644,55.62109135575144,416.01612032376806 37.72487646722961,55.621088883642926,417.19560945951025 37.724638639969754,55.62108641107343,417.19560945951025 37.72440081274684,55.621083938042965,416.6805032583384 37.7241629855609,55.62108146455152,416.6805032583384 37.723925158411944,55.62107899059911,415.8391336294321 37.72368733129997,55.62107651618572,415.8391336294321 37.72344950422499,55.62107404131135,416.781974205604 37.723211677187,55.621071565976,416.781974205604 37.722973850186015,55.62106909017969,419.4192117544321 37.72273602322204,55.6210666139224,419.4192117544321 37.722498196295085,55.62106413720413,419.3592752309946 37.72226036940516,55.62106166002489,419.3592752309946 37.72202254255226,55.62105918238467,418.8723825307993 37.721784715736405,55.6210567042835,418.8723825307993 37.72154688895759,55.62105422572133,418.0793069692759 37.72130906221584,55.62105174669819,418.0793069692759 37.72107123551113,55.62104926721408,416.0978463979868 37.7208334088435,55.62104678726901,416.0978463979868 37.72059558221294,55.62104430686294,418.4494088979868 37.72035775561946,55.62104182599592,418.4494088979868 37.72011992906306,55.62103934466791,418.3929818960337 37.71988210254376,55.62103686287895,418.3929818960337 37.71964427606156,55.621034380629006,419.0053933950571 37.71940644961647,55.62103189791809,419.0053933950571 37.719168623208496,55.6210294147462,419.25940645658056 37.71893079683763,55.62102693111333,419.25940645658056 37.71869297050391,55.621024447019494,416.60608614408056 37.71845514420731,55.621021962464695,416.60608614408056 37.71821731794786,55.62101947744892,416.38945711576025 37.717979491725565,55.62101699197217,416.38945711576025 37.717741665540416,55.62101450603445,415.5864938589243 37.71750383939243,55.62101201963576,415.5864938589243 37.717266013281616,55.6210095327761,415.5864938589243 37.71702818720798,55.621007045455464,414.8230203481821 37.71679036117153,55.62100455767386,414.8230203481821 37.71655253517227,55.621002069431285,415.8588022085337 37.716314709210195,55.62099958072774,415.8588022085337 37.71607688328533,55.62099709156323,416.5882181020884 37.71583905739768,55.620994601937745,416.5882181020884 37.71560123154725,55.62099211185129,413.79209078275244 37.71536340573404,55.62098962130388,413.79209078275244 37.715125579958055,55.62098713029547,414.004142174354 37.71488775421932,55.6209846388261,414.004142174354 37.71464992851783,55.620982146895784,420.1680520864634 37.714412102853586,55.620979654504474,420.1680520864634 37.7141742772266,55.62097716165221,424.3404001089243 37.71393645163688,55.620974668338974,424.3404001089243 37.71369862608444,55.62097217456477,421.03565157376806 37.71346080056927,55.62096968032959,421.03565157376806 37.71322297509139,55.620967185633454,417.3319925161509 37.712985149650805,55.620964690476335,417.3319925161509 37.71274732424752,55.62096219485826,414.4173959585337 37.71250949888154,55.6209596987792,414.4173959585337 37.71227167355288,55.620957202239204,413.2876199575571 37.712033848261534,55.62095470523822,413.2876199575571 37.71179602300752,55.62095220777627,413.77585543118994 37.71155819779084,55.62094970985334,413.77585543118994 37.7113203726115,55.620947211469456,413.1550668569712 37.71108254746951,55.62094471262461,413.1550668569712 37.710844722364875,55.62094221331879,413.209952721229 37.7106068972976,55.620939713552005,413.209952721229 37.7103690722677,55.620937213324254,413.8378518911509 37.71013124727517,55.62093471263554,413.8378518911509 37.70989342232003,55.62093221148585,414.0115426870493 37.709655597402275,55.62092970987521,414.0115426870493 37.70941777252192,55.620927207803604,410.2937692495493 37.70917994767896,55.620924705271015,410.2937692495493 37.70894212287342,55.62092220227746,406.1462777944712 37.70870429810529,55.62091969882295,406.1462777944712 37.708466473374585,55.620917194907484,404.8805765005259 37.70822864868131,55.62091469053104,404.8805765005259 37.70799082402548,55.62091218569363,406.1930765005259 37.70775299940709,55.62090968039527,406.1930765005259 37.707515174826156,55.62090717463593,408.4343637319712 37.70727735028268,55.620904668415626,408.4343637319712 37.707039525776665,55.620902161734364,407.8243631216196 37.70680170130812,55.62089965459214,407.8243631216196 37.70656387687706,55.620897146988945,407.48279512845556 37.70632605248349,55.62089463892479,407.48279512845556 37.7060882281274,55.620892130399675,406.3233102651743 37.70585040380882,55.62088962141358,406.3233102651743 37.705612579527745,55.62088711196654,409.49851168118994 37.70537475528418,55.62088460205854,409.49851168118994 37.70513693107814,55.62088209168956,412.3855203481821 37.70489910690963,55.62087958085963,412.3855203481821 37.70466128277865,55.62087706956873,412.18364656888525 37.70442345868521,55.62087455781687,412.18364656888525 37.70418563462932,55.620872045604045,413.7045511099009 37.70394781061098,55.620869532930264,413.7045511099009 37.70370998663021,55.620867019795526,412.2274087759165 37.70347216268701,55.62086450619981,412.2274087759165 37.70323433878137,55.62086199214314,414.116202721229 37.70299651491333,55.620859477625515,414.116202721229 37.70275869108286,55.62085696264692,413.67729891263525 37.70252086729001,55.620854447207364,413.67729891263525 37.70228304353475,55.620851931306845,412.55962313138525 37.7020452198171,55.62084941494537,412.55962313138525 37.70180739613707,55.620846898122934,411.34912813626806 37.70156957249466,55.620844380839536,411.34912813626806 37.701331748889885,55.62084186309518,408.85694063626806 37.701093925322745,55.62083934488986,408.85694063626806 37.70085610179325,55.62083682622358,405.3987192007212 37.700618278301405,55.620834307096345,405.3987192007212 37.70038045484722,55.620831787508145,406.92859590970556 37.700142631430694,55.62082926745899,406.92859590970556 37.699904808051855,55.62082674694887,408.632560143104 37.69966698471068,55.62082422597779,408.632560143104 37.699429161407195,55.620821704545754,411.5750345083384 37.699191338141404,55.62081918265276,411.5750345083384 37.69895351491331,55.62081666029881,409.6349557729868 37.698715691722924,55.6208141374839,409.6349557729868 37.69847786857026,55.62081161420803,406.66574800931494 37.69824004545531,55.620809090471205,406.66574800931494 37.69800222237808,55.62080656627341,406.073478111854 37.69776439933859,55.620804041614655,406.073478111854 37.697526576336834,55.62080151649497,405.4531473013071 37.69728875337283,55.6207989909143,405.4531473013071 37.69705093044658,55.620796464872676,407.4867166372446 37.6968131075581,55.620793938370106,407.4867166372446 37.69657528470738,55.62079141140656,405.266349205604 37.69633746189444,55.62078888398209,405.266349205604 37.696099639119275,55.62078635609663,404.65024507962744 37.6958618163819,55.62078382775023,404.65024507962744 37.695623993682325,55.62078129894287,405.9223092886118 37.69538617102055,55.620778769674544,405.9223092886118 37.69514834839658,55.62077623994527,407.6533883901743 37.694910525810435,55.620773709755035,407.6533883901743 37.694672703262114,55.620771179103855,410.22124422513525 37.694434880751615,55.620768647991724,410.22124422513525 37.69419705827896,55.62076611641861,415.6587137075571 37.69395923584415,55.62076358438457,415.6587137075571 37.69372141344718,55.62076105188955,415.68555391751806 37.69348359108808,55.620758518933584,415.68555391751806 37.693245768766836,55.620755985516666,411.8928903432993 37.693007946483476,55.6207534516388,411.8928903432993 37.69277012423798,55.62075091729997,413.66416109525244 37.69253230203037,55.62074838250018,413.66416109525244 37.692294479860664,55.62074584723945,416.8689340444712 37.69205665772885,55.62074331151776,416.8689340444712 37.69181883563494,55.62074077533511,417.65769136868994 37.69158101357895,55.62073823869151,417.65769136868994 37.691343191560875,55.62073570158695,417.94409883939306 37.691105369580725,55.62073316402145,417.94409883939306 37.690867547638504,55.62073062599498,416.2432321401743 37.69062972573423,55.62072808750757,416.2432321401743 37.6903919038679,55.62072554855919,415.2077249380259 37.69015408203953,55.62072300914988,415.2077249380259 37.68991626024912,55.620720469279604,412.7007974477915 37.68967843849667,55.62071792894837,412.7007974477915 37.6894406167822,55.6207153881562,409.37207735501806 37.689202795105714,55.62071284690307,409.37207735501806 37.688964973467215,55.620710305188986,407.77146089993994 37.68872715186671,55.62070776301395,407.77146089993994 37.68848933030421,55.620705220377964,407.9363473745493 37.688251508779715,55.62070267728102,407.9363473745493 37.688013687293235,55.62070013372312,405.8257974477915 37.687775865844785,55.62069758970429,405.8257974477915 37.68753804443436,55.6206950452245,402.6639322134165 37.68730022306197,55.620692500283745,402.6639322134165 37.68706240172762,55.62068995488206,402.05884493314306 37.686824580431335,55.62068740901941,402.05884493314306 37.686586759173096,55.62068486269582,403.2541116567759 37.68634893795293,55.62068231591127,403.2541116567759 37.686111116770824,55.62067976866577,403.5089792104868 37.6858732956268,55.620677220959315,403.5089792104868 37.68563547452086,55.62067467279192,403.3473581167368 37.685397653453016,55.620672124163576,403.3473581167368 37.68515983242327,55.620669575074274,402.1553872915415 37.684922011431624,55.62066702552403,402.1553872915415 37.684684190478094,55.62066447551283,399.76824129544775 37.68444636956268,55.620661925040686,399.76824129544775 37.6842085486854,55.62065937410758,398.6771921011118 37.683970727846244,55.62065682271355,398.6771921011118 37.68373290704523,55.620654270858545,398.7728647085337 37.68349508628237,55.62065171854261,398.7728647085337 37.68325726555766,55.62064916576573,397.7964547964243 37.68301944487111,55.62064661252788,397.7964547964243 37.68278162422273,55.62064405882909,396.183097252479 37.68254380361252,55.62064150466937,396.183097252479 37.682305983040486,55.62063895004868,395.80075777493994 37.68206816250665,55.62063639496706,395.80075777493994 37.681830342011004,55.62063383942448,396.6823953481821 37.68159252155356,55.62063128342096,396.6823953481821 37.681354701134325,55.62062872695649,391.85340059720556 37.68111688075331,55.62062617003106,391.85340059720556 37.68087906041051,55.62062361264469,384.2105172964243 37.68064124010594,55.6206210547974,384.2105172964243 37.680403419839614,55.620618496489136,379.7010415884165 37.68016559961153,55.620615937719926,379.7010415884165 37.67992777942169,55.62061337848977,379.6538461538462 37.67968995927011,55.620610818798674,379.6538461538462 37.679452139156794,55.62060825864664,379.6538461538462 37.679214319081744,55.62060569803365,379.6538461538462 37.67897649904498,55.620603136959716,379.6538461538462 37.67873867904649,55.62060057542483,379.6538461538462 37.6785008590863,55.62059801342902,379.6538461538462 37.678263039164406,55.62059545097224,379.6538461538462 37.67802521928082,55.62059288805452,379.6538461538462 37.67778739943554,55.62059032467587,379.6538461538462 37.67754957962858,55.62058776083626,379.9011911245493 37.67731175985995,55.620585196535714,379.9011911245493 37.677073940129645,55.62058263177423,382.35027254544775 37.676836120437684,55.62058006655179,382.35027254544775 37.67659830078407,55.6205775008684,385.5340799184946 37.67636048116881,55.62057493472409,385.5340799184946 37.676122661591904,55.62057236811882,389.0163949819712 37.67588484205337,55.6205698010526,389.0163949819712 37.67564702255321,55.620567233525456,390.8676217886118 37.675409203091434,55.62056466553735,390.8676217886118 37.67517138366804,55.62056209708832,388.84600008451025 37.67493356428304,55.620559528178326,388.84600008451025 37.67469574493644,55.620556958807406,386.4411233755259 37.67445792562825,55.62055438897553,386.4411233755259 37.674453378258065,55.620689135420434,386.6973680349497 37.67444883084937,55.62082388186211,386.95361269437353 37.67444428340215,55.62095862830054,387.20985735379736 37.67443973591643,55.621093374735764,387.4661020132212 37.67443518839219,55.621228121167746,387.722346672645 37.674430640829435,55.621362867596524,387.97859133206885 37.67442609322818,55.62149761402206,388.2348359914927 37.674421545588395,55.62163236044438,388.4910806509165 37.6744169979101,55.621767106863444,388.74732531034033 37.67441245019329,55.62190185327931,389.00356996976416 37.67440790243796,55.622036599691945,389.259814629188 37.67440335464412,55.62217134610134,389.5160592886118 37.674641183736064,55.62217391608793,389.5160592886118 37.674879012866406,55.622176485613544,386.43054903470556 37.67511684203517,55.62217905467819,386.43054903470556 37.67535467124233,55.62218162328186,385.37297762357275 37.67559250048788,55.622184191424566,385.37297762357275 37.67583032977182,55.6221867591063,385.10886324368994 37.676068159094136,55.62218932632707,385.10886324368994 37.67630598845482,55.62219189308685,385.81516207181494 37.676543817853876,55.62219445938568,385.81516207181494 37.67678164729129,55.62219702522353,387.1326059194712 37.67701947676706,55.622199590600395,387.1326059194712 37.67725730628116,55.62220215551629,383.93816317044775 37.67749513583361,55.62220471997123,383.93816317044775 37.67773296542439,55.622207283965196,381.04697359525244 37.67797079505349,55.622209847498176,381.04697359525244 37.67820862472092,55.62221241057019,379.3178171011118 37.67844645442665,55.62221497318124,379.3178171011118 37.67868428417068,55.6222175353313,378.6538461538462 37.67892211395301,55.6222200970204,378.6538461538462 37.67915994377363,55.62222265824853,378.6538461538462 37.67939777363254,55.62222521901568,378.6538461538462 37.67963560352971,55.622227779321854,378.6538461538462 37.67987343346516,55.622230339167054,378.6538461538462 37.680111263438874,55.62223289855129,378.6538461538462 37.68034909345083,55.62223545747455,378.6538461538462 37.680586923501046,55.62223801593682,378.77007235013525 37.680824753589505,55.622240573938136,378.77007235013525 37.68106258371619,55.622243131478456,384.3869241567759 37.68130041388111,55.622245688557825,384.3869241567759 37.68153824408425,55.62224824517621,389.7564615102915 37.681776074325604,55.62225080133362,389.7564615102915 37.682013904605164,55.622253357030054,392.18845308743994 37.68225173492293,55.622255912265516,392.18845308743994 37.68248956527888,55.62225846703999,393.3740915151743 37.68272739567302,55.622261021353495,393.3740915151743 37.68296522610534,55.622263575206034,394.7379831167368 37.68320305657583,55.62226612859759,394.7379831167368 37.683440887084494,55.62226868152817,394.98247469388525 37.6836787176313,55.62227123399778,394.98247469388525 37.68391654821628,55.6222737860064,394.3198922964243 37.68415437883939,55.622276337554055,394.3198922964243 37.68439220950065,55.62227888864073,393.2130502554087 37.684630040200034,55.62228143926642,393.2130502554087 37.68486787093754,55.622283989431146,393.3136667104868 37.68510570171316,55.622286539134905,393.3136667104868 37.6853435325269,55.62228908837766,393.93157137357275 37.685581363378745,55.62229163715945,393.93157137357275 37.68581919426868,55.622294185480264,395.1857065054087 37.68605702519671,55.62229673334009,395.1857065054087 37.686294856162824,55.62229928073896,396.9917367788462 37.68653268716701,55.62230182767683,396.9917367788462 37.68677051820927,55.62230437415373,401.57834566556494 37.68700834928959,55.62230692016965,401.57834566556494 37.68724618040797,55.62230946572459,404.9298318716196 37.68748401156439,55.622312010818554,404.9298318716196 37.687721842758855,55.622314555451545,403.3568338247446 37.68795967399136,55.62231709962355,403.3568338247446 37.68819750526189,55.622319643334585,403.8454049917368 37.68843533657044,55.622322186584626,403.8454049917368 37.68867316791701,55.622324729373695,406.7691110464243 37.688910999301584,55.622327271701785,406.7691110464243 37.68914883072416,55.62232981356889,407.61760652982275 37.68938666218473,55.62233235497503,407.61760652982275 37.689624493683276,55.62233489592017,404.722648033729 37.68986232521982,55.62233743640434,404.722648033729 37.69010015679432,55.622339976427526,404.02622164212744 37.690337988406796,55.62234251598973,404.02622164212744 37.690575820057234,55.62234505509097,405.70337618314306 37.69081365174562,55.622347593731206,405.70337618314306 37.69105148347195,55.62235013191048,406.2776101919321 37.691289315236226,55.622352669628754,406.2776101919321 37.69152714703842,55.62235520688606,405.74297274076025 37.69176497887855,55.62235774368238,405.74297274076025 37.69200281075659,55.62236028001771,407.96533907376806 37.69224064267255,55.622362815892075,407.96533907376806 37.69247847462641,55.62236535130545,406.99997652493994 37.69271630661817,55.62236788625784,406.99997652493994 37.69295413864782,55.622370420749256,408.0367654653696 37.693191970715354,55.62237295477968,408.0367654653696 37.693429802820766,55.62237548834913,410.1854165884165 37.69366763496404,55.62237802145759,410.1854165884165 37.693905467145186,55.622380554105064,409.73947847806494 37.694143299364185,55.62238308629157,409.73947847806494 37.69438113162103,55.622385618017084,405.4822152944712 37.69461896391572,55.62238814928161,405.4822152944712 37.694856796248246,55.622390680085154,404.6394876333384 37.6950946286186,55.62239321042771,404.6394876333384 37.69533246102677,55.622395740309294,404.6055368276743 37.69557029347277,55.62239826972989,404.6055368276743 37.69580812595657,55.6224007986895,405.0155710073618 37.696045958478166,55.62240332718813,405.0155710073618 37.69628379103756,55.62240585522576,405.2008279653696 37.69652162363474,55.622408382802426,405.2008279653696 37.6967594562697,55.62241090991809,405.359610924354 37.696997288942434,55.622413436572785,405.359610924354 37.69723512165294,55.62241596276649,406.1989969106821 37.6974729544012,55.6224184884992,406.1989969106821 37.69771078718721,55.62242101377094,405.62549532376806 37.697948620010976,55.62242353858168,405.62549532376806 37.69818645287248,55.62242606293143,401.5607065054087 37.69842428577171,55.622428586820206,401.5607065054087 37.69866211870867,55.622431110247994,398.45423067533056 37.69889995168334,55.62243363321479,398.45423067533056 37.69913778469573,55.6224361557206,399.6973337026743 37.69937561774582,55.62243867776544,399.6973337026743 37.69961345083361,55.622441199349275,404.4383462759165 37.69985128395909,55.622443720472134,404.4383462759165 37.70008911712226,55.62244624113399,404.22937715970556 37.700326950323095,55.62244876133488,404.22937715970556 37.70056478356161,55.622451281074774,402.98398531400244 37.700802616837784,55.622453800353675,402.98398531400244 37.701040450151616,55.62245631917159,402.9213327261118 37.7012782835031,55.62245883752853,402.9213327261118 37.70151611689223,55.62246135542446,402.8111947866587 37.70175395031898,55.62246387285941,402.8111947866587 37.70199178378338,55.62246638983338,402.8645700307993 37.70222961728538,55.622468906346356,402.8645700307993 37.70246745082501,55.62247142239835,403.23267305814306 37.70270528440225,55.62247393798934,403.23267305814306 37.70294311801709,55.622476453119354,402.87229097806494 37.703180951669516,55.62247896778838,402.87229097806494 37.70341878535954,55.6224814819964,402.1077340932993 37.703656619087134,55.62248399574345,402.1077340932993 37.70389445285231,55.62248650902949,401.30884493314306 37.70413228665505,55.62248902185456,401.30884493314306 37.70437012049535,55.62249153421863,401.7607644888071 37.7046079543732,55.622494046121716,401.7607644888071 37.70484578828861,55.62249655756381,401.6277688833384 37.705083622241546,55.6224990685449,401.6277688833384 37.70532145623202,55.62250157906502,400.64108980618994 37.70555929026002,55.62250408912414,400.64108980618994 37.705797124325535,55.622506598722275,396.91394747220556 37.70603495842857,55.62250910785941,396.91394747220556 37.7062727925691,55.62251161653557,396.19699800931494 37.70651062674713,55.62251412475071,396.19699800931494 37.70674846096266,55.622516632504876,399.9092935415415 37.70698629521567,55.62251913979806,399.9092935415415 37.70722412950615,55.62252164663023,404.1599954458384 37.707461963834106,55.622524153001415,404.1599954458384 37.70769979819953,55.62252665891162,408.37045992337744 37.70793763260241,55.62252916436083,408.37045992337744 37.708175467042736,55.62253166934902,410.0786966177134 37.70841330152051,55.622534173876254,410.0786966177134 37.70865113603571,55.62253667794249,407.7588723989634 37.70888897058835,55.62253918154772,407.7588723989634 37.70912680517841,55.62254168469196,407.50269258939306 37.709364639805884,55.62254418737521,407.50269258939306 37.70960247447076,55.62254668959746,409.99797762357275 37.709840309173046,55.62254919135872,409.99797762357275 37.71007814391273,55.622551692658995,414.6088022085337 37.7103159786898,55.622554193498274,414.6088022085337 37.71055381350425,55.62255669387655,413.2072213979868 37.71079164835607,55.622559193793826,413.2072213979868 37.71102948324526,55.62256169325013,409.7434915395884 37.711267318171814,55.62256419224542,409.7434915395884 37.711505153135725,55.62256669077972,409.3217996450571 37.711742988136976,55.62256918885303,409.3217996450571 37.711980823175566,55.62257168646534,409.821769127479 37.71221865825149,55.62257418361666,409.821769127479 37.71245649336474,55.62257668030698,410.680411705604 37.71269432851531,55.62257917653631,410.680411705604 37.712932163703194,55.62258167230465,410.69446505033056 37.71316999892838,55.62258416761198,410.69446505033056 37.71340783419087,55.622586662458325,411.2676004263071 37.713645669490646,55.62258915684366,411.2676004263071 37.71388350482771,55.62259165076801,410.86247957669775 37.71412134020205,55.62259414423136,410.86247957669775 37.714359175613666,55.62259663723371,410.3773111196665 37.71459701106254,55.622599129775075,410.3773111196665 37.714834846548676,55.622601621855445,411.1325906606821 37.71507268207206,55.62260411347481,411.1325906606821 37.715310517632695,55.62260660463317,411.1953805776743 37.71554835323055,55.62260909533054,411.1953805776743 37.71578618886565,55.622611585566915,411.02642000638525 37.716024024537965,55.6226140753423,411.02642000638525 37.7162618602475,55.62261656465667,411.28862703763525 37.716499695994244,55.62261905351005,411.28862703763525 37.716737531778186,55.622621541902426,412.63957918607275 37.716975367599325,55.622624029833815,412.63957918607275 37.71721320345765,55.62262651730419,414.1198953481821 37.71745103935316,55.62262900431359,414.1198953481821 37.71768887528585,55.62263149086197,414.1198953481821 37.7179267112557,55.622633976949366,412.4752115102915 37.71816454726272,55.62263646257574,412.4752115102915 37.71840238330688,55.62263894774115,412.8644174429087 37.7186402193882,55.62264143244554,412.8644174429087 37.71887805550665,55.62264391668893,412.8100046011118 37.71911589166224,55.62264640047131,412.8100046011118 37.71935372785495,55.622648883792706,414.5042184682993 37.71959156408479,55.6226513666531,414.5042184682993 37.719829400351735,55.622653849052504,414.4803689809946 37.720067236655794,55.62265633099089,414.4803689809946 37.72030507299694,55.62265881246829,414.1477426382212 37.72054290937519,55.622661293484676,414.1477426382212 37.72078074579051,55.62266377404008,412.34448946439306 37.72101858224293,55.62266625413446,412.34448946439306 37.7212564187324,55.62266873376785,411.0066751333384 37.721494255258946,55.62267121294024,411.0066751333384 37.721732091822545,55.62267369165163,412.795646080604 37.7219699284232,55.62267616990201,412.795646080604 37.722207765060894,55.622678647691394,413.4329751821665 37.72244560173563,55.62268112501978,413.4329751821665 37.7226834384474,55.62268360188716,412.5934671255259 37.722921275196185,55.62268607829354,412.5934671255259 37.723159111981985,55.62268855423892,414.36565340482275 37.7233969488048,55.62269102972329,414.36565340482275 37.723634785664615,55.622693504746664,413.8279641958384 37.72387262256142,55.622695979309036,413.8279641958384 37.72411045949522,55.622698453410386,411.65024507962744 37.724348296466005,55.62270092705075,411.65024507962744 37.724586133473764,55.62270340023012,412.00400484525244 37.724823970518486,55.62270587294847,412.00400484525244 37.72506180760017,55.62270834520583,407.9459451528696 37.72529964471882,55.62271081700218,407.9459451528696 37.725537481874404,55.622713288337515,407.5887063833384 37.725775319066926,55.622715759211864,407.5887063833384 37.726013156296396,55.6227182296252,408.4853128286509 37.726250993562786,55.622720699577535,408.4853128286509 37.726488830866096,55.622723169068855,408.2167123647837 37.72672666820631,55.62272563809918,408.2167123647837 37.726964505583446,55.622728106668504,410.6542581411509 37.72720234299747,55.622730574776824,410.6542581411509 37.72744018044839,55.62273304242413,407.26567781888525 37.7276780179362,55.62273550961043,407.26567781888525 37.727915855460886,55.622737976335735,402.9632181020884 37.72815369302244,55.622740442600026,402.9632181020884 37.72839153062086,55.622742908403325,398.17185152493994 37.72862936825614,55.6227453737456,398.17185152493994 37.728867205928275,55.62274783862688,396.3224252554087 37.729105043637254,55.622750303047155,396.3224252554087 37.72934288138306,55.62275276700642,400.6406473013071 37.72958071916571,55.622755230504666,400.6406473013071 37.72981855698517,55.62275769354192,404.9391702505259 37.730056394841455,55.62276015611817,404.9391702505259 37.73029423273455,55.622762618233395,405.47519625150244 37.73053207066445,55.622765079887635,405.47519625150244 37.73076990863114,55.62276754108086,405.6220163198618 37.731007746634624,55.62277000181307,405.6220163198618 37.73124558467489,55.622772462084285,407.92522371732275 37.73148342275193,55.62277492189448,407.92522371732275 37.73172126086573,55.62277738124368,407.12232149564306 37.73195909901631,55.62277984013186,407.12232149564306 37.73219693720363,55.62278229855904,405.426505455604 37.732434775427706,55.62278475652521,405.426505455604 37.732672613688514,55.622787214030375,406.0456765981821 37.732910451986065,55.62278967107452,406.0456765981821 37.73314829032034,55.622792127657675,406.0656961294321 37.733386128691336,55.622794583779815,406.0656961294321 37.73362396709904,55.62279703944093,405.26177156888525 37.73386180554346,55.62279949464105,405.26177156888525 37.734099644024575,55.62280194938017,406.42119539701025 37.73433748254238,55.62280440365826,406.42119539701025 37.73457532109688,55.62280685747535,405.36370027982275 37.734813159688045,55.62280931083142,405.36370027982275 37.73505099831589,55.62281176372649,404.4964517446665 37.73528883698041,55.62281421616055,404.4964517446665 37.73552667568158,55.622816668133595,405.4219583364634 37.735764514419394,55.62281911964564,405.4219583364634 37.73600235319386,55.62282157069666,405.89511812650244 37.73624019200496,55.62282402128668,405.89511812650244 37.7364780308527,55.62282647141569,404.5633004995493 37.73671586973706,55.62282892108369,404.5633004995493 37.736953708658035,55.62283137029066,403.2390359731821 37.737191547615616,55.62283381903664,403.2390359731821 37.737429386609804,55.622836267321595,403.61817110501806 37.73766722564059,55.622838715145555,403.61817110501806 37.73790506470797,55.622841162508486,404.4959329458384 37.737900734591584,55.622975912275194,404.4959329458384 37.73789640443852,55.62311066203871,404.3672479482798 37.73789207424879,55.62324541179902,404.2385629507212 37.73788774402237,55.62338016155611,404.1098779531626 37.737883413759285,55.623514911310004,403.981192955604 37.73787908345952,55.623649661060696,403.8525079580454 37.73787475312308,55.62378441080819,403.7238229604868 37.737870422749964,55.62391916055247,402.3420137258677 37.73786609234017,55.62405391029356,400.96020449124853 37.7378617618937,55.62418866003143,399.5783952566294 37.737857431410546,55.624323409766106,398.19658602201025 37.73785310089072,55.62445815949757,395.66587007962744 37.73761525203721,55.62445571198728,395.75620211087744 37.73737740322029,55.624453264015955,395.75620211087744 37.73713955443999,55.624450815583586,396.1041177602915 37.73690170569628,55.624448366690174,396.1041177602915 37.736663856989196,55.624445917335734,396.4402536245493 37.73642600831874,55.62444346752024,396.4402536245493 37.7361881596849,55.62444101724372,397.5760415884165 37.735950311087706,55.62443856650616,397.5760415884165 37.73571246252715,55.62443611530755,399.81018770658056 37.735474614003245,55.62443366364791,399.81018770658056 37.73523676551599,55.624431211527245,400.7774881216196 37.73499891706541,55.62442875894552,400.7774881216196 37.734761068651494,55.62442630590277,400.5371774526743 37.734523220274255,55.624423852398984,400.5371774526743 37.7342853719337,55.62442139843415,399.9147104116587 37.73404752362983,55.62441894400829,399.9147104116587 37.73380967536267,55.62441648912138,399.8667825552134 37.73357182713221,55.62441403377344,399.8667825552134 37.73333397893847,55.624411577964466,398.71765840970556 37.73309613078143,55.62440912169445,398.71765840970556 37.732858282661134,55.6244066649634,400.188224205604 37.73262043457756,55.624404207771306,400.188224205604 37.732382586530726,55.62440175011819,400.364249596229 37.73214473852064,55.62439929200403,400.364249596229 37.73190689054731,55.62439683342883,398.7350076528696 37.73166904261073,55.6243943743926,398.7350076528696 37.73143119471093,55.624391914895334,398.8580697866587 37.731193346847895,55.624389454937024,398.8580697866587 37.73095549902164,55.6243869945177,398.6583627554087 37.730717651232176,55.624384533637325,398.6583627554087 37.73047980347951,55.624382072295916,398.3778756948618 37.73024195576364,55.62437961049348,398.3778756948618 37.73000410808458,55.624377148229996,398.8564828725962 37.72976626044233,55.624374685505494,398.8564828725962 37.729528412836906,55.624372222319934,400.5801614614634 37.72929056526831,55.62436975867336,400.5801614614634 37.72905271773655,55.62436729456574,401.405021080604 37.72881487024163,55.62436482999709,401.405021080604 37.72857702278356,55.6243623649674,403.5477975698618 37.72833917536236,55.62435989947669,403.5477975698618 37.728101327978,55.624357433524935,404.33920992337744 37.727863480630525,55.624354967112154,404.33920992337744 37.727625633319924,55.62435250023834,409.2053903432993 37.72738778604621,55.62435003290349,409.2053903432993 37.72714993880938,55.62434756510761,413.65125215970556 37.72691209160945,55.624345096850696,413.65125215970556 37.72667424444643,55.624342628132744,414.1008676382212 37.726436397320306,55.62434015895376,414.1008676382212 37.72619855023112,55.62433768931375,414.2714456411509 37.72596070317885,55.6243352192127,414.2714456411509 37.72572285616351,55.62433274865063,411.69016207181494 37.72548500918511,55.62433027762753,411.69016207181494 37.725247162243654,55.62432780614339,413.55771578275244 37.72500931533915,55.62432533419822,413.55771578275244 37.724771468471616,55.62432286179201,413.2772897573618 37.72453362164104,55.62432038892478,413.2772897573618 37.724295774847434,55.62431791559651,412.5476297231821 37.724057928090815,55.62431544180721,412.5476297231821 37.72382008137118,55.62431296755688,412.66123140775244 37.72358223468854,55.62431049284553,412.66123140775244 37.723344388042904,55.624308017673144,412.5928109975962 37.72310654143427,55.62430554203972,412.5928109975962 37.722868694862655,55.624303065945284,408.1425241323618 37.72263084832806,55.6243005893898,408.1425241323618 37.72239300183049,55.62429811237329,406.1845315786509 37.72215515536996,55.62429563489575,406.1845315786509 37.72191730894647,55.62429315695719,406.0868142934946 37.72167946256003,55.624290678557585,406.0868142934946 37.72144161621064,55.62428819969696,407.3403695913462 37.72120376989833,55.62428572037532,407.3403695913462 37.720965923623076,55.62428324059263,411.95163668118994 37.7207280773849,55.624280760348924,411.95163668118994 37.7204902311838,55.62427827964417,412.7798074575571 37.720252385019805,55.6242757984784,412.7798074575571 37.7200145388929,55.62427331685161,411.6284860464243 37.7197766928031,55.624270834763784,411.6284860464243 37.71953884675042,55.62426835221493,411.767081627479 37.71930100073484,55.62426586920505,411.767081627479 37.71906315475639,55.62426338573414,409.46640718900244 37.718825308815084,55.6242609018022,409.46640718900244 37.718587462910904,55.624258417409244,407.28699434720556 37.71834961704387,55.62425593255525,407.28699434720556 37.718111771214,55.624253447240235,407.21448458158056 37.71787392542128,55.62425096146419,407.21448458158056 37.71763607966572,55.62424847522713,409.51319063626806 37.71739823394734,55.62424598852902,409.51319063626806 37.71716038826615,55.6242435013699,409.51319063626806 37.71692254262213,55.624241013749746,411.2349771352915 37.71668469701532,55.62423852566857,411.2349771352915 37.716446851445696,55.62423603712637,409.4904397817759 37.716209005913285,55.62423354812313,409.4904397817759 37.715971160418086,55.62423105865888,408.44304598294775 37.715733314960104,55.62422856873361,408.44304598294775 37.715495469539356,55.624226078347306,405.8376077505259 37.715257624155846,55.62422358749998,405.8376077505259 37.71501977880958,55.62422109619161,405.1808694692759 37.714781933500554,55.62421860442224,405.1808694692759 37.71454408822879,55.62421611219183,404.3584207388071 37.71430624299428,55.62421361950041,404.3584207388071 37.71406839779705,55.62421112634796,405.1110452505259 37.713830552637084,55.62420863273447,405.1110452505259 37.713592707514415,55.62420613865998,406.289786705604 37.71335486242903,55.62420364412444,406.289786705604 37.71311701738094,55.6242011491279,406.7724069448618 37.71287917237015,55.62419865367033,406.7724069448618 37.71264132739668,55.624196157751726,407.3423684927134 37.71240348246052,55.62419366137212,407.3423684927134 37.71216563756169,55.62419116453147,405.74924410306494 37.71192779270019,55.6241886672298,405.74924410306494 37.711689947876025,55.62418616946711,403.7198861929087 37.711452103089215,55.6241836712434,403.7198861929087 37.711214258339744,55.62418117255867,402.4270852895884 37.710976413627634,55.62417867341292,402.4270852895884 37.71073856895289,55.62417617380613,403.1988443227915 37.71050072431553,55.62417367373833,403.1988443227915 37.710262879715536,55.62417117320951,403.1691507192759 37.71002503515293,55.624168672219675,403.1691507192759 37.70978719062773,55.62416617076882,402.83843172513525 37.709549346139916,55.62416366885692,402.83843172513525 37.70931150168951,55.62416116648402,404.70635164701025 37.70907365727653,55.624158663650086,404.70635164701025 37.708835812900965,55.624156160355135,406.732413658729 37.70859796856282,55.62415365659916,406.732413658729 37.708360124262114,55.624151152382176,404.75232637845556 37.708122279998854,55.62414864770416,404.75232637845556 37.70788443577304,55.624146142565124,400.49204195462744 37.70764659158468,55.62414363696508,400.49204195462744 37.70740874743378,55.62414113090401,397.05254305326025 37.70717090332035,55.62413862438192,397.05254305326025 37.7069330592444,55.624136117398805,403.67314852201025 37.706695215205926,55.624133609954676,403.67314852201025 37.70645737120495,55.624131102049525,409.95459688626806 37.706219527241466,55.62412859368335,409.95459688626806 37.705981683315485,55.624126084856165,409.3110727163462 37.70574383942701,55.62412357556796,409.3110727163462 37.70550599557606,55.624121065818734,404.21929110013525 37.70526815176263,55.62411855560848,404.21929110013525 37.70503030798673,55.624116044937225,398.99765718900244 37.70479246424837,55.62411353380493,398.99765718900244 37.70455462054756,55.62411102221164,398.27222383939306 37.7043167768843,55.62410851015732,398.27222383939306 37.70407893325859,55.62410599764198,396.5255044790415 37.703841089670455,55.62410348466563,396.5255044790415 37.70360324611988,55.62410097122826,395.82712496243994 37.70336540260689,55.62409845732987,395.82712496243994 37.703127559131495,55.62409594297047,395.2670358511118 37.70288971569368,55.624093428150054,395.2670358511118 37.70265187229348,55.62409091286861,398.2434457632212 37.702414028930875,55.62408839712616,398.2434457632212 37.70217618560588,55.62408588092268,398.7321390005259 37.70193834231851,55.62408336425819,398.7321390005259 37.70170049906877,55.624080847132696,398.2826761099009 37.701462655856666,55.624078329546165,398.2826761099009 37.7012248126822,55.62407581149863,397.02226961576025 37.70098696954538,55.624073292990076,397.02226961576025 37.70074912644622,55.62407077402051,397.02642000638525 37.70051128338472,55.624068254589936,397.02642000638525 37.70027344036088,55.62406573469832,398.2261117788462 37.70003559737473,55.62406321434571,398.2261117788462 37.69979775442626,55.62406069353209,398.657706627479 37.699559911515465,55.62405817225744,398.657706627479 37.699322068642374,55.62405565052178,399.4945291372446 37.69908422580699,55.62405312832511,399.4945291372446 37.69884638300932,55.62405060566742,397.2589486929087 37.69860854024935,55.624048082548725,397.2589486929087 37.69837069752712,55.62404555896901,398.7729104849009 37.69813285484261,55.62404303492828,398.7729104849009 37.69789501219585,55.62404051042654,398.36142672025244 37.697657169586826,55.62403798546377,398.36142672025244 37.697419327015545,55.624035460040005,399.3775247427134 37.69718148448204,55.62403293415523,399.3775247427134 37.69694364198629,55.62403040780942,400.33399141751806 37.69670579952832,55.62402788100262,400.33399141751806 37.69646795710811,55.624025353734794,400.1327737661509 37.6962301147257,55.62402282600596,400.1327737661509 37.69599227238108,55.624020297816124,399.3992837759165 37.69575443007426,55.62401776916525,399.3992837759165 37.695516587805244,55.62401524005339,399.0141214224009 37.69527874557404,55.6240127104805,399.0141214224009 37.695040903380665,55.624010180446604,398.9326852651743 37.69480306122511,55.62400764995171,398.9326852651743 37.69456521910739,55.624005118995775,401.1246255727915 37.69432737702751,55.62400258757885,401.1246255727915 37.69408953498548,55.62400005570091,404.4800943227915 37.693851692981305,55.62399752336196,404.4800943227915 37.69361385101499,55.623994990562,405.3426736684946 37.69337600908654,55.62399245730102,405.3426736684946 37.69313816719597,55.62398992357904,403.7788766714243 37.692900325343274,55.62398738939604,403.7788766714243 37.69266248352847,55.62398485475203,400.5474008413462 37.69242464175157,55.62398231964702,400.5474008413462 37.692186800012564,55.623979784080994,399.6085580679087 37.69194895831148,55.62397724805396,399.6085580679087 37.6917111166483,55.623974711565914,402.5464242788462 37.69147327502305,55.62397217461687,402.5464242788462 37.69123543343572,55.623969637206805,402.4299539419321 37.69099759188634,55.62396709933573,402.4299539419321 37.690759750374895,55.62396456100365,400.51767672025244 37.6905219089014,55.623962022210556,400.51767672025244 37.69028406746587,55.62395948295646,400.0337137075571 37.6900462260683,55.62395694324135,400.0337137075571 37.689808384708705,55.623954403065234,399.5509713979868 37.689570543387084,55.623951862428115,399.5509713979868 37.68933270210345,55.623949321329974,398.3712381216196 37.689094860857814,55.62394677977085,398.3712381216196 37.688857019650165,55.6239442377507,398.30832613431494 37.688619178480536,55.62394169526955,398.30832613431494 37.68838133734891,55.62393915232738,397.8770364614634 37.68814349625531,55.62393660892421,397.8770364614634 37.68790565519973,55.623934065060034,398.28423250638525 37.687667814182184,55.62393152073484,398.28423250638525 37.68742997320268,55.62392897594866,397.87183321439306 37.687192132261224,55.62392643070147,397.87183321439306 37.68695429135782,55.62392388499327,395.7968210073618 37.68671645049248,55.62392133882406,395.7968210073618 37.68647860966521,55.623918792193834,391.1988748403696 37.68624076887601,55.62391624510262,391.1988748403696 37.6860029281249,55.623913697550385,388.4111703725962 37.685765087411866,55.623911149537165,388.4111703725962 37.68552724673694,55.62390860106292,388.8582223745493 37.685289406100104,55.62390605212768,388.8582223745493 37.68505156550138,55.62390350273142,388.0216287466196 37.68481372494078,55.62390095287418,388.0216287466196 37.6845758844183,55.623898402555916,384.16550386868994 37.68433804393394,55.62389585177665,384.16550386868994 37.68410020348773,55.62389330053639,378.6538461538462 37.68386236307966,55.623890748835116,378.6538461538462 37.683624522709735,55.62388819667284,378.6538461538462 37.68338668237798,55.62388564404956,378.6538461538462 37.68314884208438,55.62388309096527,378.6538461538462 37.68291100182895,55.62388053741999,378.6538461538462 37.6826731616117,55.6238779834137,378.6538461538462 37.682435321432635,55.623875428946405,378.6538461538462 37.68219748129176,55.623872874018105,378.6538461538462 37.68195964118908,55.623870318628796,378.6538461538462 37.68172180112462,55.623867762778495,378.6538461538462 37.68148396109836,55.623865206467194,378.6538461538462 37.68124612111032,55.62386264969488,378.6538461538462 37.681008281160516,55.62386009246157,378.6538461538462 37.68077044124893,55.623857534767254,378.6538461538462 37.680532601375596,55.62385497661193,378.6538461538462 37.6802947615405,55.623852417995614,378.6538461538462 37.68005692174367,55.6238498589183,378.6538461538462 37.67981908198509,55.62384729937998,378.6538461538462 37.67958124226478,55.62384473938066,378.6538461538462 37.679343402582745,55.623842178920334,378.6538461538462 37.679105562938986,55.62383961799901,378.6538461538462 37.678867723333525,55.62383705661668,378.6538461538462 37.678629883766355,55.623834494773355,378.6538461538462 37.67839204423749,55.623831932469024,378.6538461538462 37.67815420474693,55.62382936970369,378.6538461538462 37.677916365294685,55.62382680647737,378.664542564979 37.677678525880765,55.623824242790036,378.664542564979 37.67744068650517,55.62382167864171,380.7845834585337 37.67720284716792,55.62381911403238,380.7845834585337 37.676965007869,55.623816548962054,386.47959078275244 37.676727168608444,55.62381398343073,386.47959078275244 37.67648932938624,55.6238114174384,387.9670785757212 37.6762514902024,55.62380885098507,387.9670785757212 37.67601365105693,55.623806284070746,385.85483492337744 37.67577581194983,55.62380371669541,385.85483492337744 37.67553797288113,55.623801148859094,386.8335336538462 37.675300133850804,55.62379858056177,386.8335336538462 37.67506229485889,55.62379601180345,387.01135958158056 37.67482445590538,55.62379344258413,387.01135958158056 37.674586616990275,55.62379087290382,387.5489419790415 37.6743487781136,55.6237883027625,387.5489419790415 37.67427035620759,55.6236610844106,387.7400568308847 37.674191934803915,55.62353386600855,387.9311716827282 37.67411351390256,55.62340664755636,388.1222865345714 37.67403509350353,55.623279429054,388.3134013864146 37.673956673606796,55.62315221050152,388.5045162382581 37.67387825421238,55.62302499189888,388.6956310901013 37.67379983532026,55.62289777324611,388.8867459419445 37.673721416930434,55.6227705545432,389.077860793788 37.67364299904289,55.62264333579013,389.2689756456312 37.67356458165763,55.62251611698693,389.46009049747465 37.673486164774644,55.62238889813358,389.6512053493179 37.67340774839393,55.62226167923009,389.8423202011611 37.67332933251548,55.62213446027647,390.03343505300455 37.67325091713929,55.62200724127271,390.2245499048478 37.673172502265345,55.62188002221881,390.27732394291803 37.67309408789365,55.62175280311475,390.33009798098834 37.6730156740242,55.621625583960586,390.3828720190586 37.67293726065699,55.62149836475626,390.43564605712885 37.672858847792,55.621371145501826,390.4884200951992 37.67278043542923,55.62124392619723,390.54119413326947 37.67270202356868,55.62111670684252,390.5939681713397 37.672623612210344,55.62098948743767,390.64674220941004 37.67254520135422,55.62086226798268,390.6951590457678 37.67246679100029,55.62073504847757,390.74357588212564 37.67238838114855,55.62060782892231,390.79199271848347 37.672309971799,55.62048060931695,390.8404095548413 37.672231562951644,55.62035338966143,390.88882639119913 37.67215315460645,55.6202261699558,390.93724322755696 37.672074746763435,55.620098950200045,390.98566006391474 37.671996339422584,55.61997173039414,391.03407690027257 37.671917932583895,55.619844510538115,391.0824937366304 37.671839526247346,55.61971729063197,391.13091057298817 37.67176112041296,55.619590070675706,391.17932740934606 37.67168271508071,55.61946285066931,391.22774424570383 37.67160431025059,55.61933563061279,391.2761610820616 37.671525905922614,55.619208410506154,391.3245779184195 37.67144750209676,55.619081190349384,391.3088373926692 37.67136909877301,55.61895397014249,391.2930968669189 37.67129069595139,55.618826749885486,391.2773563411686 37.67121229363187,55.61869952957835,391.26161581541834 37.67113389181445,55.6185723092211,391.245875289668 37.67105549049912,55.61844508881374,391.23013476391776 37.67097708968589,55.61831786835625,391.2143942381675 37.67089868937474,55.61819064784864,391.1986537124171 37.67082028956566,55.61806342729093,391.18291318666684 37.67074189025867,55.61793620668308,391.16717266091655 37.67066349145373,55.617808986025125,391.15143213516626 37.67058509315086,55.61768176531706,390.36997829339475 37.67050669535004,55.61755454455888,389.5885244516233 37.67042829805126,55.617427323750576,388.80707060985077 37.67034990125454,55.61730010289218,388.02561676807926 37.67027150495985,55.617172881983656,387.2441629263078 37.67019310916719,55.61704566102502,386.4627090845353 37.67011471387656,55.61691844001627,385.33922040331396 37.67003631908794,55.61679121895743,384.2157317220926 37.66995792480134,55.61666399784846,383.0922430408698 37.66987953101675,55.6165367766894,381.9687543596484 37.66980113773416,55.61640955548021,380.8452656784256 37.66972274495357,55.616282334220934,379.72177699720424 37.669644352674965,55.616155112911535,378.5982883159829 37.669565960898346,55.61602789155204,377.4747996347601 37.669487569623705,55.61590067014244,376.35131095353876 37.66940917885104,55.615773448682724,375.22782227231744 37.66933078858034,55.61564622717292,374.1043335910946 37.66925239881161,55.615519005612995,372.98084490987327 37.669174009544825,55.61539178400299,371.8573562286519 37.66909562078,55.61526456234287,370.7338675474291 37.669017232517106,55.61513734063266,369.6103788662077 37.66893884475616,55.61501011887234,368.4868901849864 37.668860457497146,55.61488289706192,367.36340150376355 37.66878207074006,55.6147556752014,366.23991282254224 37.66870368448489,55.6146284532908,365.1164241413194 37.668625298731634,55.614501231330095,363.9929354601635 37.66854691348029,55.614374009319285,362.8694467789422 37.66846852873085,55.614246787258374,361.7459580977193 37.668390144483304,55.61411956514738,360.622469416498 37.66831176073766,55.613992342986286,359.4989807352767 37.668233377493884,55.6138651207751,358.37549205405384 37.668154994752,55.613737898513826,357.2520033728325 37.668076612511996,55.61361067620246,356.1285146916112 37.66799823077385,55.61348345384099,355.00502601038835 37.66791984953757,55.61335623142944,353.88153732916703 37.66784146880315,55.6132290089678,352.7580486479457 37.667763088570574,55.61310178645606,351.63455996672286 37.66768470883985,55.61297456389425,350.51107128550154 37.66760632961096,55.612847341282325,349.3875826042802 37.66752795088391,55.61272011862034,348.2640939230574 37.66744957265868,55.61259289590825,347.14060524183606 37.667371194935285,55.6124656731461,346.0171165606132 37.667292817713694,55.61233845033383,344.8936278793919 37.66721444099392,55.612211227471484,343.77013919817057 37.667136064775946,55.61208400455907,342.6466505169477 37.667057689059774,55.61195678159656,341.5231618357264 37.666979313845395,55.611829558583985,340.3996731545051 37.6669009391328,55.61170233552131,339.2761844732822 37.666822564921986,55.611575112408566,337.9620819091797 37.666822564921986,55.611575112408566,157.9620819091797</coordinates></LineString></Placemark></Document></kml>