<?xml version='1.0' encoding='utf-8'?>
<kml xmlns="http://www.opengis.net/kml/2.2"><Document><Placemark><name>U01_S1</name><LineString><altitudeMode>absolute</altitudeMode><coordinates>37.502960686986135,55.699673307785076,160.0 37.502960686986135,55.699673307785076,283.0769230769231 37.50327879330801,55.699677185821706,283.0769230769231 37.50359689970757,55.69968106303457,283.0769230769231 37.50391500618476,55.699684939423655,283.0769230769231 37.504233112739605,55.69968881498899,283.0769230769231 37.50455121937206,55.699692689730526,283.0769230769231 37.50486932608212,55.69969656364831,283.0769230769231 37.505187432869775,55.69970043674231,283.0769230769231 37.505505539735,55.69970430901255,283.0769230769231 37.50582364667777,55.69970818045902,283.0769230769231 37.50614175369809,55.699712051081704,283.0769230769231 37.506459860795914,55.69971592088062,283.0769230769231 37.50677796797127,55.69971978985577,283.0769230769231 37.50709607522409,55.699723658007144,283.0769230769231 37.50741418255439,55.69972752533474,283.0769230769231 37.50773228996215,55.69973139183856,283.0769230769231 37.50805039744734,55.699735257518604,283.0769230769231 37.50836850500997,55.69973912237488,283.0769230769231 37.50868661264999,55.69974298640738,283.0769230769231 37.50900472036741,55.69974684961609,283.0769230769231 37.50932282816219,55.69975071200104,283.0769230769231 37.50964093603434,55.6997545735622,283.0769230769231 37.50995904398383,55.69975843429959,283.0769230769231 37.51027715201063,55.69976229421319,283.0769230769231 37.51059526011475,55.699766153303024,283.0769230769231 37.51091336829616,55.699770011569065,283.0769230769231 37.51122884756065,55.69977383713503,283.0769230769231 37.51154432690113,55.699777661890764,283.0769230769231 37.51185980631758,55.69978148583628,283.0769230769231 37.51217528580998,55.69978530897158,283.0769230769231 37.512490765378324,55.69978913129666,283.0769230769231 37.51280624502259,55.69979295281151,283.0769230769231 37.51312172474276,55.69979677351615,283.0769230769231 37.51343720453882,55.69980059341055,283.0769230769231 37.513752684410754,55.69980441249474,283.0769230769231 37.51406816435855,55.69980823076871,283.0769230769231 37.51438364438218,55.69981204823243,283.0769230769231 37.51469912448164,55.699815864885956,283.0769230769231 37.51501460465691,55.69981968072924,283.0769230769231 37.515330084907966,55.6998234957623,283.0769230769231 37.515645565234806,55.69982730998514,283.0769230769231 37.51596104563741,55.699831123397765,283.0769230769231 37.51627652611576,55.69983493600014,283.0769230769231 37.51659200666984,55.699838747792306,283.0769230769231 37.516907487299626,55.69984255877424,283.0769230769231 37.51722296800511,55.699846368945934,283.0769230769231 37.517538448786276,55.69985017830742,283.0769230769231 37.51785392964311,55.69985398685867,283.0769230769231 37.518169410575595,55.69985779459969,283.0769230769231 37.51848489158371,55.69986160153048,283.0769230769231 37.518800372667435,55.69986540765104,283.0769230769231 37.519115853826776,55.69986921296137,283.0769230769231 37.51943133506169,55.699873017461464,283.0769230769231 37.51974681637218,55.69987682115134,283.0769230769231 37.52006229775821,55.699880624030975,283.0769230769231 37.520377779219785,55.69988442610038,283.0769230769231 37.520693260756886,55.69988822735956,283.0769230769231 37.52100874236948,55.6998920278085,283.0769230769231 37.521324224057565,55.6998958274472,283.0769230769231 37.52163970582112,55.69989962627568,283.0769230769231 37.52195518766015,55.699903424293915,283.0769230769231 37.522270669574596,55.699907221501924,283.0769230769231 37.522586151564475,55.6999110178997,283.0769230769231 37.52290163362977,55.69991481348724,283.0769230769231 37.52321711577044,55.69991860826453,283.0769230769231 37.5235325979865,55.6999224022316,283.0769230769231 37.523848080277915,55.699926195388436,283.0769230769231 37.524163562644674,55.699929987735025,283.0769230769231 37.524479045086764,55.69993377927138,283.0769230769231 37.52479452760416,55.699937569997495,283.0769230769231 37.52511001019685,55.69994135991338,283.0769230769231 37.52542549286483,55.69994514901902,283.0769230769231 37.52574097560806,55.69994893731442,283.0769230769231 37.526056458426545,55.69995272479957,283.0769230769231 37.52637194132026,55.699956511474504,283.0769230769231 37.52668742428918,55.69996029733918,283.0769230769231 37.52700290733331,55.69996408239362,283.0769230769231 37.52731839045262,55.699967866637834,283.0769230769231 37.5276338736471,55.699971650071795,283.0769230769231 37.52794935691673,55.69997543269551,283.0769230769231 37.52826484026149,55.69997921450898,283.0769230769231 37.52858032368137,55.699982995512215,283.0769230769231 37.52889580717636,55.6999867757052,283.0769230769231 37.529211290746424,55.69999055508796,283.0769230769231 37.52952677439156,55.69999433366046,283.0769230769231 37.52984225811176,55.699998111422715,283.0769230769231 37.530157741907,55.70000188837473,283.0769230769231 37.53047322577725,55.7000056645165,283.0769230769231 37.530788709722515,55.700009439848024,283.0769230769231 37.53110419374276,55.7000132143693,283.0769230769231 37.53141967783799,55.70001698808033,283.0769230769231 37.531735162008175,55.70002076098111,283.0769230769231 37.5320506462533,55.70002453307165,283.0769230769231 37.53236613057335,55.700028304351946,283.0769230769231 37.53268161496831,55.70003207482198,283.0769230769231 37.53299709943816,55.70003584448177,283.0769230769231 37.533312583982905,55.70003961333132,283.0769230769231 37.53362806860249,55.70004338137061,283.0769230769231 37.53394355329693,55.700047148599666,283.0769230769231 37.5342590380662,55.70005091501845,283.0769230769231 37.53457452291028,55.700054680627005,283.0769230769231 37.53489000782916,55.70005844542529,283.0769230769231 37.53520549282282,55.70006220941333,283.0769230769231 37.53552097789125,55.70006597259112,283.0769230769231 37.53583646303442,55.70006973495867,283.0769230769231 37.53615194825233,55.70007349651595,283.0769230769231 37.53646743354495,55.70007725726299,283.0769230769231 37.53678291891227,55.70008101719977,283.0769230769231 37.53709840435429,55.700084776326285,283.0769230769231 37.53741388987096,55.700088534642575,283.0769230769231 37.53772937546229,55.70009229214858,283.0769230769231 37.53804486112826,55.70009604884434,283.0769230769231 37.53836034686885,55.700099804729845,283.0769230769231 37.53867583268404,55.70010355980509,283.0769230769231 37.53899131857382,55.700107314070095,283.0769230769231 37.53930680453817,55.70011106752482,283.0769230769231 37.53962229057708,55.70011482016931,283.0769230769231 37.53993777669053,55.70011857200354,283.0769230769231 37.5402532628785,55.7001223230275,283.0769230769231 37.54056874914098,55.70012607324121,283.0769230769231 37.540884235477954,55.70012982264465,283.0769230769231 37.541199721889406,55.70013357123785,283.0769230769231 37.54151520837531,55.70013731902077,283.0769230769231 37.54183069493566,55.70014106599344,283.0769230769231 37.54214618157044,55.700144812155855,283.0769230769231 37.54246166827963,55.700148557508,283.0769230769231 37.54277715506321,55.7001523020499,283.0769230769231 37.54309264192118,55.70015604578151,283.0769230769231 37.54340812885351,55.70015978870288,283.0769230769231 37.54372361586018,55.700163530813974,283.0769230769231 37.544039102941184,55.70016727211482,283.0769230769231 37.54435459009651,55.70017101260539,283.0769230769231 37.544670077326124,55.7001747522857,283.0769230769231 37.54498556463003,55.700178491155754,283.0769230769231 37.5453010520082,55.70018222921553,283.0769230769231 37.54561653946062,55.70018596646504,283.0769230769231 37.54593202698727,55.7001897029043,283.0769230769231 37.54624751458815,55.70019343853328,283.0769230769231 37.54656300226323,55.70019717335202,283.0769230769231 37.54687849001249,55.70020090736046,283.0769230769231 37.547193977835924,55.70020464055865,283.0769230769231 37.54750946573351,55.70020837294657,283.0769230769231 37.54782495370524,55.700212104524226,283.0769230769231 37.54814044175109,55.7002158352916,283.0769230769231 37.54845592987104,55.70021956524872,283.0769230769231 37.54877141806508,55.70022329439556,283.0769230769231 37.5490869063332,55.700227022732136,283.0769230769231 37.54909289696174,55.700065337686375,283.0769230769231 37.54909888752929,55.69990365263592,283.0769230769231 37.54910487803585,55.699741967580714,283.0769230769231 37.54878939367217,55.69973823931154,283.0769230769231 37.54847390938257,55.69973451023211,283.0769230769231 37.54815842516705,55.69973078034244,283.0769230769231 37.54784294102564,55.69972704964251,283.0769230769231 37.54752745695835,55.69972331813232,283.0769230769231 37.547211972965194,55.69971958581188,283.0769230769231 37.54689648904619,55.69971585268119,283.0769230769231 37.54658100520135,55.69971211874024,283.0769230769231 37.54626552143069,55.69970838398904,283.0769230769231 37.54595003773424,55.69970464842759,283.0769230769231 37.54563455411199,55.69970091205589,283.0769230769231 37.545319070563984,55.69969717487394,283.0769230769231 37.54500358709022,55.69969343688173,283.0769230769231 37.544688103690724,55.69968969807928,283.0769230769231 37.54437262036551,55.69968595846658,283.0769230769231 37.544057137114585,55.699682218043634,283.0769230769231 37.54374165393797,55.69967847681043,283.0769230769231 37.543426170835694,55.69967473476698,283.0769230769231 37.543110687807754,55.6996709919133,283.0769230769231 37.54279520485418,55.699667248249355,283.0769230769231 37.54247972197498,55.69966350377517,283.0769230769231 37.54216423917017,55.699659758490725,283.0769230769231 37.54184875643976,55.69965601239604,283.0769230769231 37.541533273783784,55.69965226549112,283.0769230769231 37.54121779120225,55.69964851777594,283.0769230769231 37.540902308695166,55.699644769250526,283.0769230769231 37.54058682626256,55.699641019914864,283.0769230769231 37.54027134390444,55.69963726976896,283.0769230769231 37.53995586162083,55.69963351881281,283.0769230769231 37.53964037941174,55.69962976704641,283.0769230769231 37.53932489727718,55.69962601446978,283.0769230769231 37.53900941521718,55.699622261082894,283.0769230769231 37.53869393323175,55.699618506885784,283.0769230769231 37.538378451320895,55.699614751878414,283.0769230769231 37.53806296948465,55.69961099606082,283.0769230769231 37.53774748772302,55.699607239432964,283.0769230769231 37.53743200603602,55.699603481994885,283.0769230769231 37.53711652442367,55.69959972374655,283.0769230769231 37.53680104288599,55.699595964687994,283.0769230769231 37.53648556142299,55.6995922048192,283.0769230769231 37.536170080034694,55.69958844414015,283.0769230769231 37.5358545987211,55.69958468265087,283.0769230769231 37.535539117482244,55.699580920351345,283.0769230769231 37.53522363631813,55.69957715724159,283.0769230769231 37.53490815522878,55.69957339332161,283.0769230769231 37.53459267421421,55.69956962859136,283.0769230769231 37.53427719327443,55.6995658630509,283.0769230769231 37.53396171240946,55.6995620967002,283.0769230769231 37.533646231619315,55.699558329539265,283.0769230769231 37.533330750904014,55.6995545615681,283.0769230769231 37.53301527026357,55.69955079278669,283.0769230769231 37.53269978969801,55.69954702319505,283.0769230769231 37.53238430920732,55.69954325279317,283.0769230769231 37.53206882879156,55.699539481581056,283.0769230769231 37.53175334845071,55.699535709558724,283.0769230769231 37.531437868184796,55.69953193672615,283.0769230769231 37.53112238799384,55.699528163083336,283.0769230769231 37.53080690787786,55.6995243886303,283.0769230769231 37.530491427836864,55.699520613367035,283.0769230769231 37.530175947870866,55.69951683729354,283.0769230769231 37.52986046797989,55.69951306040981,283.0769230769231 37.52954498816395,55.699509282715844,283.0769230769231 37.529229508423064,55.69950550421165,283.0769230769231 37.52891402875724,55.69950172489723,283.0769230769231 37.5285985491665,55.69949794477258,283.0769230769231 37.52828306965086,55.6994941638377,283.0769230769231 37.527967590210345,55.6994903820926,283.0769230769231 37.52765211084495,55.699486599537266,283.0769230769231 37.527336631554704,55.69948281617171,283.0769230769231 37.52702115233963,55.69947903199592,283.0769230769231 37.52670567319973,55.69947524700991,283.0769230769231 37.52639019413502,55.699471461213676,283.0769230769231 37.526074715145526,55.699467674607206,283.0769230769231 37.525759236231266,55.699463887190525,283.0769230769231 37.525443757392246,55.69946009896361,283.0769230769231 37.525128278628486,55.69945630992647,283.0769230769231 37.52481279994,55.69945252007911,283.0769230769231 37.524497321326805,55.699448729421526,283.0769230769231 37.52418184278892,55.699444937953714,283.0769230769231 37.52386636432636,55.699441145675685,283.0769230769231 37.523550885939144,55.69943735258743,283.0769230769231 37.52323540762728,55.69943355868896,283.0769230769231 37.52291992939079,55.69942976398026,283.0769230769231 37.52260445122969,55.69942596846134,283.0769230769231 37.52228897314399,55.69942217213221,283.0769230769231 37.521973495133714,55.69941837499285,283.0769230769231 37.521658017198874,55.69941457704327,283.0769230769231 37.52134253933949,55.69941077828348,283.0769230769231 37.52102706155557,55.69940697871347,283.0769230769231 37.52071158384714,55.699403178333235,283.0769230769231 37.520396106214214,55.69939937714279,283.0769230769231 37.5200806286568,55.69939557514211,283.0769230769231 37.51976515117492,55.699391772331225,283.0769230769231 37.519449673768584,55.69938796871011,283.0769230769231 37.51913419643782,55.699384164278804,283.0769230769231 37.51881871918264,55.699380359037264,283.0769230769231 37.51850324200306,55.69937655298552,283.0769230769231 37.518187764899075,55.69937274612355,283.0769230769231 37.51787228787074,55.69936893845138,283.0769230769231 37.51755681091804,55.69936512996898,283.0769230769231 37.517241334041,55.69936132067637,283.0769230769231 37.51692585723965,55.69935751057355,283.0769230769231 37.51661038051399,55.69935369966051,283.0769230769231 37.51629490386403,55.69934988793727,283.0769230769231 37.51597942728981,55.69934607540381,283.0769230769231 37.515663950791314,55.699342262060135,283.0769230769231 37.51534847436859,55.69933844790626,283.0769230769231 37.51503299802164,55.69933463294216,283.0769230769231 37.51471752175048,55.69933081716786,283.0769230769231 37.51440204555512,55.699327000583345,283.0769230769231 37.51408656943559,55.699323183188625,283.0769230769231 37.513771093391895,55.699319364983694,283.0769230769231 37.51345561742406,55.69931554596855,283.0769230769231 37.51314014153209,55.6993117261432,283.0769230769231 37.51282466571601,55.699307905507645,283.0769230769231 37.51250918997583,55.69930408406187,283.0769230769231 37.512193714311564,55.6993002618059,283.0769230769231 37.51187823872324,55.69929643873972,283.0769230769231 37.51156276321086,55.69929261486334,283.0769230769231 37.51124728777446,55.69928879017675,283.0769230769231 37.510931812414036,55.69928496467995,283.0769230769231 37.51093796032815,55.69912328237412,283.0769230769231 37.51094410817967,55.698961600063534,283.0769230769231 37.51095025596861,55.698799917748204,283.0769230769231 37.511265727425084,55.69880374317584,283.0769230769231 37.511581198957536,55.698807567793295,283.0769230769231 37.51189667056595,55.69881139160055,283.0769230769231 37.51221214225031,55.698815214597616,283.0769230769231 37.512527614010615,55.69881903678448,283.0769230769231 37.51284308584683,55.69882285816116,283.0769230769231 37.51315855775894,55.698826678727634,283.0769230769231 37.51347402974694,55.698830498483936,283.0769230769231 37.513789501810805,55.698834317430034,283.0769230769231 37.514104973950516,55.698838135565936,283.0769230769231 37.51442044616606,55.69884195289164,283.0769230769231 37.51473591845743,55.698845769407164,283.0769230769231 37.51505139082461,55.698849585112484,283.0769230769231 37.51536686326757,55.6988534000076,283.0769230769231 37.5156823357863,55.698857214092534,283.0769230769231 37.515997808380796,55.698861027367265,283.0769230769231 37.51631328105102,55.6988648398318,283.0769230769231 37.51662875379697,55.69886865148614,283.0769230769231 37.51694422661862,55.69887246233027,283.0769230769231 37.51725969951597,55.69887627236422,283.0769230769231 37.51757517248899,55.69888008158795,283.0769230769231 37.51789064553767,55.6988838900015,283.0769230769231 37.518206118662,55.69888769760483,283.0769230769231 37.51852159186195,55.69889150439798,283.0769230769231 37.518837065137504,55.69889531038092,283.0769230769231 37.519152538488655,55.69889911555366,283.0769230769231 37.51946801191539,55.6989029199162,283.0769230769231 37.51978348541769,55.698906723468546,283.0769230769231 37.52009895899553,55.69891052621068,283.0769230769231 37.520414432648906,55.6989143281426,283.0769230769231 37.52072990637779,55.698918129264335,283.0769230769231 37.52104538018217,55.69892192957587,283.0769230769231 37.52136085406204,55.69892572907719,283.0769230769231 37.521676328017364,55.69892952776831,283.0769230769231 37.52199180204815,55.69893332564922,283.0769230769231 37.522307276154365,55.698937122719926,283.0769230769231 37.522622750336,55.69894091898043,283.0769230769231 37.522938224593034,55.69894471443073,283.0769230769231 37.52325369892545,55.698948509070824,283.0769230769231 37.523569173333236,55.69895230290071,283.0769230769231 37.52388464781638,55.69895609592039,283.0769230769231 37.524200122374864,55.698959888129856,283.0769230769231 37.52451559700866,55.69896367952913,283.0769230769231 37.52483107171777,55.69896747011817,283.0769230769231 37.525146546502164,55.69897125989702,283.0769230769231 37.52546202136183,55.69897504886565,283.0769230769231 37.525777496296755,55.698978837024086,283.0769230769231 37.52609297130692,55.6989826243723,283.0769230769231 37.52640844639232,55.698986410910315,283.0769230769231 37.526723921552914,55.6989901966381,283.0769230769231 37.52703939678871,55.69899398155569,283.0769230769231 37.52735487209968,55.69899776566306,283.0769230769231 37.52767034748581,55.699001548960226,283.0769230769231 37.52798582294708,55.69900533144717,283.0769230769231 37.528301298483484,55.69900911312391,283.0769230769231 37.528616774095,55.699012893990414,283.0769230769231 37.528932249781604,55.69901667404673,283.0769230769231 37.5292477255433,55.69902045329282,283.0769230769231 37.52956320138005,55.6990242317287,283.0769230769231 37.52987867729186,55.69902800935437,283.0769230769231 37.53019415327869,55.69903178616982,283.0769230769231 37.53050962934055,55.69903556217505,283.0769230769231 37.5308251054774,55.699039337370074,283.0769230769231 37.53114058168923,55.69904311175486,283.0769230769231 37.53145605797604,55.699046885329444,283.0769230769231 37.53177153433779,55.69905065809381,283.0769230769231 37.53208701077448,55.699054430047966,283.0769230769231 37.53240248728609,55.69905820119189,283.0769230769231 37.53271796387261,55.6990619715256,283.0769230769231 37.533033440534005,55.69906574104908,283.0769230769231 37.533348917270274,55.69906950976235,283.0769230769231 37.533664394081406,55.699073277665406,283.0769230769231 37.53397987096737,55.69907704475825,283.0769230769231 37.53429534792816,55.69908081104086,283.0769230769231 37.53461082496375,55.69908457651324,283.0769230769231 37.53492630207414,55.699088341175404,283.0769230769231 37.5352417792593,55.699092105027354,283.0769230769231 37.535557256519226,55.69909586806908,283.0769230769231 37.535872733853886,55.69909963030058,283.0769230769231 37.53618821126328,55.699103391721856,283.0769230769231 37.53650368874737,55.699107152332914,283.0769230769231 37.536819166306174,55.69911091213373,283.0769230769231 37.537134643939645,55.699114671124335,283.0769230769231 37.53745012164778,55.69911842930472,283.0769230769231 37.537765599430564,55.699122186674884,283.0769230769231 37.53808107728798,55.69912594323481,283.0769230769231 37.538396555220004,55.699129698984514,283.0769230769231 37.53871203322662,55.69913345392399,283.0769230769231 37.539027511307836,55.69913720805324,283.0769230769231 37.539342989463606,55.69914096137226,283.0769230769231 37.539658467693926,55.699144713881054,283.0769230769231 37.53997394599879,55.69914846557961,283.0769230769231 37.54028942437816,55.69915221646795,283.0769230769231 37.54060490283204,55.699155966546066,283.0769230769231 37.540920381360394,55.699159715813934,283.0769230769231 37.54123585996322,55.69916346427158,283.0769230769231 37.54155133864052,55.699167211919004,283.0769230769231 37.54186681739223,55.69917095875619,283.0769230769231 37.54218229621838,55.69917470478315,283.0769230769231 37.542497775118925,55.69917844999987,283.0769230769231 37.54281325409386,55.69918219440637,283.0769230769231 37.54312873314317,55.69918593800263,283.0769230769231 37.54344421226684,55.699189680788656,283.0769230769231 37.54375969146485,55.69919342276445,283.0769230769231 37.54407517073718,55.69919716393001,283.0769230769231 37.54439065008383,55.699200904285334,283.0769230769231 37.54470612950476,55.69920464383043,283.0769230769231 37.54502160899997,55.69920838256529,283.0769230769231 37.54533708856944,55.69921212048991,283.0769230769231 37.545652568213164,55.69921585760429,283.0769230769231 37.54596804793111,55.69921959390844,283.0769230769231 37.54628352772326,55.69922332940235,283.0769230769231 37.54659900758961,55.69922706408603,283.0769230769231 37.54691448753015,55.69923079795948,283.0769230769231 37.54722996754485,55.69923453102267,283.0769230769231 37.5475454476337,55.699238263275625,283.0769230769231 37.54786092779668,55.69924199471836,283.0769230769231 37.548176408033775,55.699245725350856,283.0769230769231 37.54849188834496,55.6992494551731,283.0769230769231 37.548807368730245,55.69925318418511,283.0769230769231 37.54912284918959,55.69925691238687,283.0769230769231 37.5491288394522,55.69909522731284,283.0769230769231 37.54913482965382,55.69893354223409,283.0769230769231 37.54914081979447,55.69877185715062,283.0769230769231 37.54882534323932,55.698768129016244,283.0769230769231 37.54850986675825,55.69876440007165,283.0769230769231 37.548194390351256,55.69876067031685,283.0769230769231 37.54787891401836,55.69875693975181,283.0769230769231 37.54756343775958,55.69875320837654,283.0769230769231 37.547247961574925,55.69874947619104,283.0769230769231 37.54693248546442,55.69874574319534,283.0769230769231 37.54661700942807,55.698742009389406,283.0769230769231 37.5463015334659,55.69873827477324,283.0769230769231 37.54598605757792,55.69873453934686,283.0769230769231 37.54567058176414,55.698730803110266,283.0769230769231 37.5453551060246,55.69872706606344,283.0769230769231 37.545039630359305,55.6987233282064,283.0769230769231 37.544724154768254,55.69871958953913,283.0769230769231 37.54440867925148,55.698715850061646,283.0769230769231 37.544093203809005,55.69871210977394,283.0769230769231 37.54377772844083,55.698708368676016,283.0769230769231 37.54346225314698,55.698704626767864,283.0769230769231 37.54314677792746,55.69870088404951,283.0769230769231 37.5428313027823,55.69869714052092,283.0769230769231 37.542515827711505,55.69869339618213,283.0769230769231 37.54220035271509,55.69868965103312,283.0769230769231 37.541884877793095,55.69868590507389,283.0769230769231 37.54156940294551,55.69868215830443,283.0769230769231 37.54125392817236,55.698678410724774,283.0769230769231 37.54093845347365,55.69867466233489,283.0769230769231 37.54062297884942,55.69867091313479,283.0769230769231 37.54030750429966,55.698667163124476,283.0769230769231 37.53999202982442,55.69866341230396,283.0769230769231 37.539676555423675,55.69865966067322,283.0769230769231 37.53936108109746,55.69865590823227,283.0769230769231 37.539045606845804,55.698652154981104,283.0769230769231 37.538730132668704,55.69864840091972,283.0769230769231 37.53841465856619,55.69864464604813,283.0769230769231 37.53809918453826,55.69864089036632,283.0769230769231 37.53778371058495,55.698637133874314,283.0769230769231 37.53746823670626,55.69863337657209,283.0769230769231 37.53715276290222,55.69862961845965,283.0769230769231 37.53683728917283,55.698625859537,283.0769230769231 37.53652181551812,55.698622099804155,283.0769230769231 37.536206341938104,55.69861833926109,283.0769230769231 37.535890868432794,55.69861457790781,283.0769230769231 37.53557539500221,55.69861081574433,283.0769230769231 37.53525992164636,55.69860705277064,283.0769230769231 37.534944448365266,55.69860328898674,283.0769230769231 37.534628975158945,55.698599524392634,283.0769230769231 37.53431350202742,55.69859575898832,283.0769230769231 37.533998028970686,55.6985919927738,283.0769230769231 37.53368255598878,55.69858822574906,283.0769230769231 37.533367083081714,55.69858445791414,283.0769230769231 37.533051610249494,55.698580689269,283.0769230769231 37.53273613749214,55.698576919813654,283.0769230769231 37.53242066480968,55.6985731495481,283.0769230769231 37.5321051922021,55.698569378472364,283.0769230769231 37.531789719669455,55.698565606586406,283.0769230769231 37.53147424721174,55.698561833890246,283.0769230769231 37.53115877482897,55.69855806038388,283.0769230769231 37.53084330252116,55.69855428606732,283.0769230769231 37.530527830288335,55.69855051094055,283.0769230769231 37.530212358130505,55.69854673500358,283.0769230769231 37.52989688604769,55.69854295825642,283.0769230769231 37.5295814140399,55.69853918069905,283.0769230769231 37.52926594210716,55.69853540233148,283.0769230769231 37.528950470249484,55.698531623153706,283.0769230769231 37.52863499846688,55.69852784316574,283.0769230769231 37.52831952675937,55.69852406236758,283.0769230769231 37.528004055126964,55.698520280759205,283.0769230769231 37.52768858356969,55.69851649834065,283.0769230769231 37.52737311208756,55.698512715111875,283.0769230769231 37.527057640680574,55.698508931072915,283.0769230769231 37.52674216934878,55.69850514622376,283.0769230769231 37.526426698092166,55.698501360564414,283.0769230769231 37.52611122691076,55.69849757409485,283.0769230769231 37.525795755804566,55.69849378681511,283.0769230769231 37.52548028477362,55.698489998725165,283.0769230769231 37.52516481381792,55.698486209825035,283.0769230769231 37.52484934293749,55.6984824201147,283.0769230769231 37.52453387213236,55.69847862959418,283.0769230769231 37.52421840140252,55.69847483826346,283.0769230769231 37.523902930748,55.69847104612254,283.0769230769231 37.52358746016881,55.69846725317144,283.0769230769231 37.523271989664984,55.69846345941014,283.0769230769231 37.522956519236516,55.69845966483865,283.0769230769231 37.52264104888342,55.698455869456964,283.0769230769231 37.52232557860574,55.698452073265095,283.0769230769231 37.522010108403464,55.69844827626303,283.0769230769231 37.52169463827662,55.69844447845078,283.0769230769231 37.521379168225224,55.69844067982832,283.0769230769231 37.52106369824929,55.6984368803957,283.0769230769231 37.52074822834884,55.698433080152874,283.0769230769231 37.52043275852388,55.69842927909987,283.0769230769231 37.52011728877443,55.69842547723667,283.0769230769231 37.51980181910051,55.69842167456328,283.0769230769231 37.51948634950213,55.698417871079705,283.0769230769231 37.51917087997931,55.698414066785936,283.0769230769231 37.51885541053207,55.69841026168199,283.0769230769231 37.51853994116042,55.69840645576786,283.0769230769231 37.518224471864364,55.698402649043544,283.0769230769231 37.51790900264395,55.69839884150903,283.0769230769231 37.51759353349916,55.69839503316434,283.0769230769231 37.51727806443004,55.69839122400946,283.0769230769231 37.51696259543658,55.698387414044404,283.0769230769231 37.51664712651881,55.69838360326916,283.0769230769231 37.516331657676744,55.69837979168374,283.0769230769231 37.516016188910406,55.69837597928813,283.0769230769231 37.51570072021979,55.69837216608234,283.0769230769231 37.51538525160494,55.69836835206635,283.0769230769231 37.515069783065854,55.6983645372402,283.0769230769231 37.51475431460255,55.69836072160387,283.0769230769231 37.514438846215036,55.698356905157354,283.0769230769231 37.514123377903346,55.69835308790066,283.0769230769231 37.5138079096675,55.69834926983377,283.0769230769231 37.51349244150749,55.698345450956715,283.0769230769231 37.51317697342334,55.698341631269486,283.0769230769231 37.51286150541508,55.698337810772074,283.0769230769231 37.512546037482714,55.69833398946448,283.0769230769231 37.51223056962626,55.698330167346704,283.0769230769231 37.51191510184574,55.69832634441876,283.0769230769231 37.511599634141156,55.698322520680634,283.0769230769231 37.51128416651254,55.698318696132326,283.0769230769231 37.51096869895989,55.69831487077384,283.0769230769231 37.51067211568109,55.698365192630476,283.0769230769231 37.51037553165164,55.69841551376601,283.0769230769231 37.510078946871566,55.698465834180425,283.0769230769231 37.50978236134086,55.69851615387376,283.0769230769231 37.50948577505955,55.698566472845954,283.0769230769231 37.50918918802765,55.698616791097045,283.0769230769231 37.50889260024514,55.698667108627006,283.0769230769231 37.50859601171206,55.69871742543585,283.0769230769231 37.5082994224284,55.69876774152356,283.0769230769231 37.50800283239419,55.69881805689016,283.0769230769231 37.50770624160942,55.6988683715356,283.0769230769231 37.50740965007411,55.698918685459915,283.0769230769231 37.50711305778827,55.698968998663084,283.0769230769231 37.50681646475191,55.6990193111451,283.0769230769231 37.50651987096503,55.699069622905974,283.0769230769231 37.506223276427654,55.699119933945674,283.0769230769231 37.505926681139776,55.699170244264224,283.0769230769231 37.50563008510143,55.69922055386161,283.0769230769231 37.505333488312594,55.699270862737826,283.0769230769231 37.505036890773304,55.699321170892894,283.0769230769231 37.50474029248357,55.69937147832675,283.0769230769231 37.50444369344338,55.69942178503945,283.0769230769231 37.504147093652755,55.699472091030955,283.0769230769231 37.50385049311171,55.699522396301276,283.0769230769231 37.50355389182025,55.6995727008504,283.0769230769231 37.50325728977839,55.69962300467835,283.0769230769231 37.502960686986135,55.699673307785076,283.0769230769231 37.502960686986135,55.699673307785076,160.0</coordinates></LineString></Placemark><Placemark><name>U01_S2</name><LineString><altitudeMode>absolute</altitudeMode><coordinates>37.502960686986135,55.699673307785076,160.0 37.502960686986135,55.699673307785076,283.0769230769231 37.503247358949785,55.69960747818788,283.0769230769231 37.503534029959575,55.69954164791522,283.0769230769231 37.503820700015496,55.69947581696712,283.0769230769231 37.504107369117534,55.69940998534356,283.0769230769231 37.5043940372657,55.699344153044564,283.0769230769231 37.50468070445997,55.699278320070135,283.0769230769231 37.50496737070035,55.69921248642027,283.0769230769231 37.50525403598683,55.69914665209497,283.0769230769231 37.50554070031941,55.69908081709426,283.0769230769231 37.50582736369807,55.69901498141812,283.0769230769231 37.50611402612281,55.69894914506657,283.0769230769231 37.50640068759363,55.69888330803962,283.0769230769231 37.50668734811052,55.69881747033727,283.0769230769231 37.50697400767347,55.6987516319595,283.0769230769231 37.50726066628248,55.69868579290636,283.0769230769231 37.50754732393754,55.69861995317783,283.0769230769231 37.50783398063864,55.698554112773905,283.0769230769231 37.508120636385776,55.69848827169461,283.0769230769231 37.508407291178955,55.698422429939924,283.0769230769231 37.508693945018145,55.69835658750989,283.0769230769231 37.50898059790337,55.69829074440448,283.0769230769231 37.50926724983459,55.698224900623714,283.0769230769231 37.50955390081184,55.698159056167604,283.0769230769231 37.50984055083508,55.698093211036124,283.0769230769231 37.51012719990431,55.69802736522932,283.0769230769231 37.51041384801953,55.69796151874716,283.0769230769231 37.510700495180735,55.69789567158969,283.0769230769231 37.51098714138792,55.697829823756855,283.0769230769231 37.51130260503685,55.69783364904618,283.0769230769231 37.511618068761756,55.69783747352535,283.0769230769231 37.51193353256262,55.697841297194344,283.0769230769231 37.51224899643942,55.69784512005318,283.0769230769231 37.512564460392156,55.69784894210185,283.0769230769231 37.51287992442079,55.69785276334036,283.0769230769231 37.51319538852532,55.697856583768704,283.0769230769231 37.51351085270573,55.69786040338688,283.0769230769231 37.513826316962,55.6978642221949,283.0769230769231 37.51414178129412,55.697868040192766,283.0769230769231 37.514457245702054,55.69787185738045,283.0769230769231 37.51477271018582,55.69787567375796,283.0769230769231 37.51508817474537,55.69787948932533,283.0769230769231 37.51540363938071,55.69788330408252,283.0769230769231 37.51571910409181,55.697887118029534,283.0769230769231 37.51603456887866,55.69789093116639,283.0769230769231 37.51635003374124,55.69789474349308,283.0769230769231 37.51666549867954,55.6978985550096,283.0769230769231 37.51698096369354,55.69790236571595,283.0769230769231 37.517296428783226,55.69790617561213,283.0769230769231 37.517611893948576,55.69790998469814,283.0769230769231 37.51792735918958,55.697913792973985,283.0769230769231 37.518242824506224,55.69791760043965,283.0769230769231 37.51855828989848,55.69792140709515,283.0769230769231 37.51887375536635,55.69792521294048,283.0769230769231 37.5191892209098,55.697929017975646,283.0769230769231 37.519504686528826,55.69793282220063,283.0769230769231 37.51982015222341,55.69793662561544,283.0769230769231 37.520135617993525,55.697940428220086,283.0769230769231 37.52045108383917,55.697944230014556,283.0769230769231 37.520766549760324,55.697948030998845,283.0769230769231 37.52108201575697,55.697951831172965,283.0769230769231 37.52139748182909,55.69795563053691,283.0769230769231 37.521712947976674,55.69795942909068,283.0769230769231 37.52202841419969,55.697963226834275,283.0769230769231 37.52234388049815,55.697967023767696,283.0769230769231 37.522659346872004,55.69797081989094,283.0769230769231 37.52297481332126,55.697974615204,283.0769230769231 37.5232902798459,55.69797840970689,283.0769230769231 37.523605746445895,55.6979822033996,283.0769230769231 37.52392121312124,55.697985996282135,283.0769230769231 37.52423667987192,55.69798978835449,283.0769230769231 37.524552146697914,55.69799357961667,283.0769230769231 37.524867613599206,55.69799737006866,283.0769230769231 37.525183080575786,55.698001159710486,283.0769230769231 37.52549854762762,55.698004948542135,283.0769230769231 37.525814014754715,55.69800873656359,283.0769230769231 37.526129481957035,55.698012523774864,283.0769230769231 37.52644494923458,55.698016310175966,283.0769230769231 37.52676041658734,55.698020095766864,283.0769230769231 37.52707588401527,55.6980238805476,283.0769230769231 37.527391351518375,55.69802766451816,283.0769230769231 37.52770681909663,55.698031447678524,283.0769230769231 37.52802228675003,55.69803523002871,283.0769230769231 37.52833775447854,55.69803901156871,283.0769230769231 37.52865322228217,55.69804279229852,283.0769230769231 37.52896869016089,55.69804657221817,283.0769230769231 37.52928415811467,55.69805035132761,283.0769230769231 37.52959962614352,55.69805412962686,283.0769230769231 37.52991509424741,55.69805790711594,283.0769230769231 37.53023056242632,55.69806168379483,283.0769230769231 37.53054603068024,55.69806545966354,283.0769230769231 37.53086149900916,55.69806923472205,283.0769230769231 37.53117696741306,55.69807300897038,283.0769230769231 37.53149243589191,55.69807678240852,283.0769230769231 37.531807904445714,55.698080555036476,283.0769230769231 37.53212337307444,55.69808432685424,283.0769230769231 37.532438841778095,55.69808809786181,283.0769230769231 37.532754310556626,55.69809186805921,283.0769230769231 37.533069779410056,55.6980956374464,283.0769230769231 37.53338524833834,55.6980994060234,283.0769230769231 37.533700717341475,55.698103173790216,283.0769230769231 37.53401618641945,55.69810694074684,283.0769230769231 37.53433165557223,55.698110706893274,283.0769230769231 37.53464712479982,55.69811447222951,283.0769230769231 37.53496259410219,55.69811823675556,283.0769230769231 37.535278063479325,55.698122000471415,283.0769230769231 37.53559353293122,55.698125763377085,283.0769230769231 37.53590900245785,55.69812952547255,283.0769230769231 37.5362244720592,55.698133286757816,283.0769230769231 37.536539941735256,55.698137047232905,283.0769230769231 37.536855411486,55.69814080689779,283.0769230769231 37.53717088131142,55.69814456575248,283.0769230769231 37.53748635121148,55.69814832379697,283.0769230769231 37.53780182118619,55.69815208103126,283.0769230769231 37.53811729123553,55.69815583745537,283.0769230769231 37.53843276135947,55.69815959306926,283.0769230769231 37.538748231558,55.69816334787298,283.0769230769231 37.53906370183112,55.698167101866495,283.0769230769231 37.53937917217878,55.6981708550498,283.0769230769231 37.539694642601,55.698174607422914,283.0769230769231 37.540010113097736,55.698178358985835,283.0769230769231 37.54032558366899,55.698182109738546,283.0769230769231 37.54064105431474,55.698185859681054,283.0769230769231 37.54095652503497,55.69818960881337,283.0769230769231 37.54127199582966,55.69819335713549,283.0769230769231 37.54158746669879,55.6981971046474,283.0769230769231 37.54190293764236,55.698200851349114,283.0769230769231 37.54221840866035,55.69820459724062,283.0769230769231 37.54253387975273,55.69820834232193,283.0769230769231 37.5428493509195,55.69821208659303,283.0769230769231 37.54316482216063,55.69821583005394,283.0769230769231 37.543480293476115,55.69821957270464,283.0769230769231 37.54379576486593,55.698223314545125,283.0769230769231 37.54411123633007,55.69822705557542,283.0769230769231 37.54442670786851,55.6982307957955,283.0769230769231 37.54474217948123,55.69823453520539,283.0769230769231 37.54505765116823,55.69823827380506,283.0769230769231 37.54537312292948,55.69824201159452,283.0769230769231 37.545688594764975,55.6982457485738,283.0769230769231 37.54600406667468,55.698249484742846,283.0769230769231 37.54631953865861,55.69825322010169,283.0769230769231 37.54663501071671,55.69825695465034,283.0769230769231 37.54695048284899,55.698260688388764,283.0769230769231 37.54726595505544,55.698264421316985,283.0769230769231 37.54758142733601,55.69826815343501,283.0769230769231 37.54789689969072,55.698271884742816,283.0769230769231 37.54821237211954,55.698275615240405,283.0769230769231 37.548527844622456,55.6982793449278,283.0769230769231 37.54884331719944,55.698283073804966,283.0769230769231 37.549158789850495,55.69828680187194,283.0769230769231 37.5491647797472,55.69812511676962,283.0769230769231 37.549170769582936,55.69796343166259,283.0769230769231 37.54917675935769,55.69780174655084,283.0769230769231 37.54886129061061,55.69779801855126,283.0769230769231 37.54854582193759,55.6977942897415,283.0769230769231 37.548230353338646,55.69779056012155,283.0769230769231 37.54791488481378,55.69778682969139,283.0769230769231 37.547599416363035,55.69778309845104,283.0769230769231 37.5472839479864,55.697779366400496,283.0769230769231 37.54696847968392,55.697775633539756,283.0769230769231 37.546653011455575,55.69777189986883,283.0769230769231 37.54633754330141,55.697768165387714,283.0769230769231 37.546022075221444,55.697764430096385,283.0769230769231 37.545706607215664,55.69776069399488,283.0769230769231 37.545391139284106,55.69775695708317,283.0769230769231 37.54507567142679,55.697753219361275,283.0769230769231 37.544760203643726,55.697749480829195,283.0769230769231 37.544444735934924,55.69774574148692,283.0769230769231 37.54412926830041,55.697742001334454,283.0769230769231 37.54381380074019,55.69773826037179,283.0769230769231 37.543498333254284,55.697734518598956,283.0769230769231 37.54318286584272,55.69773077601591,283.0769230769231 37.54286739850549,55.697727032622694,283.0769230769231 37.54255193124263,55.697723288419276,283.0769230769231 37.542236464054156,55.69771954340567,283.0769230769231 37.54192099694007,55.697715797581886,283.0769230769231 37.5416055299004,55.6977120509479,283.0769230769231 37.541290062935154,55.69770830350374,283.0769230769231 37.54097459604436,55.697704555249395,283.0769230769231 37.54065912922802,55.69770080618486,283.0769230769231 37.54034366248616,55.69769705631014,283.0769230769231 37.540028195818785,55.697693305625236,283.0769230769231 37.539712729225926,55.69768955413014,283.0769230769231 37.53939726270758,55.69768580182487,283.0769230769231 37.53908179626379,55.69768204870941,283.0769230769231 37.53876632989455,55.69767829478376,283.0769230769231 37.53845086359988,55.69767454004795,283.0769230769231 37.5381353973798,55.69767078450193,283.0769230769231 37.537819931234324,55.697667028145744,283.0769230769231 37.53750446516347,55.697663270979376,283.0769230769231 37.537188999167256,55.69765951300282,283.0769230769231 37.53687353324569,55.69765575421608,283.0769230769231 37.5365580673988,55.69765199461917,283.0769230769231 37.53624260162659,55.69764823421207,283.0769230769231 37.535927135929086,55.697644472994796,283.0769230769231 37.535611670306295,55.697640710967335,283.0769230769231 37.53529620475823,55.697636948129706,283.0769230769231 37.534980739284926,55.69763318448189,283.0769230769231 37.53466527388638,55.697629420023894,283.0769230769231 37.534349808562624,55.69762565475573,283.0769230769231 37.534034343313664,55.697621888677396,283.0769230769231 37.53371887813951,55.69761812178887,283.0769230769231 37.53340341304019,55.69761435409017,283.0769230769231 37.53308794801572,55.69761058558129,283.0769230769231 37.532772483066104,55.69760681626224,283.0769230769231 37.532457018191366,55.697603046133004,283.0769230769231 37.53214155339153,55.69759927519361,283.0769230769231 37.5318260886666,55.697595503444035,283.0769230769231 37.5315106240166,55.69759173088429,283.0769230769231 37.53119515944154,55.69758795751436,283.0769230769231 37.53087969494143,55.69758418333427,283.0769230769231 37.530564230516305,55.697580408344,283.0769230769231 37.53024876616617,55.69757663254355,283.0769230769231 37.529933301891035,55.69757285593295,283.0769230769231 37.52961783769092,55.69756907851215,283.0769230769231 37.529302373565855,55.69756530028121,283.0769230769231 37.52898690951584,55.697561521240075,283.0769230769231 37.52867144554089,55.69755774138878,283.0769230769231 37.528355981641035,55.69755396072731,283.0769230769231 37.52804051781628,55.69755017925568,283.0769230769231 37.52772505406664,55.69754639697388,283.0769230769231 37.52740959039214,55.69754261388189,283.0769230769231 37.52709412679279,55.69753882997975,283.0769230769231 37.52677866326861,55.69753504526744,283.0769230769231 37.52646319981961,55.69753125974496,283.0769230769231 37.52614773644581,55.69752747341233,283.0769230769231 37.52583227314722,55.69752368626951,283.0769230769231 37.525516809923865,55.697519898316536,283.0769230769231 37.52520134677576,55.69751610955339,283.0769230769231 37.524885883702915,55.69751231998009,283.0769230769231 37.52457042070536,55.69750852959662,283.0769230769231 37.52425495778309,55.69750473840298,283.0769230769231 37.52393949493614,55.697500946399174,283.0769230769231 37.523624032164506,55.69749715358521,283.0769230769231 37.52330856946822,55.697493359961086,283.0769230769231 37.5229931068473,55.697489565526794,283.0769230769231 37.52267764430176,55.697485770282334,283.0769230769231 37.5223621818316,55.69748197422772,283.0769230769231 37.52204671943685,55.697478177362946,283.0769230769231 37.52173125711753,55.697474379688025,283.0769230769231 37.52141579487365,55.69747058120291,283.0769230769231 37.52110033270522,55.69746678190765,283.0769230769231 37.52078487061226,55.69746298180224,283.0769230769231 37.5204694085948,55.69745918088666,283.0769230769231 37.52015394665284,55.69745537916092,283.0769230769231 37.5198384847864,55.69745157662502,283.0769230769231 37.5195230229955,55.697447773278974,283.0769230769231 37.51920756128015,55.69744396912275,283.0769230769231 37.51889209964037,55.69744016415639,283.0769230769231 37.51857663807617,55.697436358379875,283.0769230769231 37.51826117658757,55.69743255179318,283.0769230769231 37.51794571517459,55.69742874439634,283.0769230769231 37.517630253837254,55.69742493618935,283.0769230769231 37.517314792575554,55.697421127172206,283.0769230769231 37.51699933138952,55.69741731734489,283.0769230769231 37.516683870279174,55.697413506707434,283.0769230769231 37.51636840924453,55.69740969525982,283.0769230769231 37.516052948285584,55.69740588300206,283.0769230769231 37.515737487402376,55.697402069934135,283.0769230769231 37.51542202659491,55.697398256056076,283.0769230769231 37.515106565863206,55.69739444136785,283.0769230769231 37.51479110520729,55.69739062586947,283.0769230769231 37.514475644627154,55.69738680956094,283.0769230769231 37.51416018412284,55.69738299244226,283.0769230769231 37.51384472369434,55.69737917451343,283.0769230769231 37.51352926334169,55.69737535577445,283.0769230769231 37.51321380306489,55.69737153622532,283.0769230769231 37.51289834286398,55.697367715866044,283.0769230769231 37.51258288273895,55.69736389469661,283.0769230769231 37.512267422689824,55.69736007271704,283.0769230769231 37.51195196271662,55.6973562499273,283.0769230769231 37.511636502819364,55.69735242632743,283.0769230769231 37.51132104299805,55.69734860191741,283.0769230769231 37.51100558325271,55.69734477669724,283.0769230769231 37.51101173041582,55.69718309433458,283.0769230769231 37.511017877516345,55.69702141196716,283.0769230769231 37.51102402455429,55.69685972959502,283.0769230769231 37.51133948039615,55.696863554746024,283.0769230769231 37.51165493631399,55.696867379086925,283.0769230769231 37.51197039230777,55.696871202617665,283.0769230769231 37.51228584837748,55.69687502533828,283.0769230769231 37.51260130452312,55.69687884724877,283.0769230769231 37.51291676074466,55.69688266834911,283.0769230769231 37.51323221704209,55.69688648863933,283.0769230769231 37.51354767341539,55.6968903081194,283.0769230769231 37.513863129864546,55.696894126789346,283.0769230769231 37.51417858638953,55.69689794464916,283.0769230769231 37.51449404299035,55.696901761698825,283.0769230769231 37.51480949966697,55.69690557793836,283.0769230769231 37.515124956419385,55.69690939336777,283.0769230769231 37.51544041324757,55.69691320798702,283.0769230769231 37.515755870151516,55.69691702179615,283.0769230769231 37.5160713271312,55.696920834795144,283.0769230769231 37.516386784186615,55.69692464698399,283.0769230769231 37.51670224131774,55.69692845836269,283.0769230769231 37.517017698524555,55.69693226893126,283.0769230769231 37.51733315580706,55.69693607868969,283.0769230769231 37.517648613165214,55.69693988763798,283.0769230769231 37.51796407059902,55.69694369577613,283.0769230769231 37.51827952810846,55.69694750310414,283.0769230769231 37.518594985693504,55.69695130962201,283.0769230769231 37.51891044335415,55.69695511532972,283.0769230769231 37.51922590109038,55.6969589202273,283.0769230769231 37.519541358902174,55.696962724314744,283.0769230769231 37.51985681678952,55.69696652759204,283.0769230769231 37.5201722747524,55.6969703300592,283.0769230769231 37.52048773279079,55.6969741317162,283.0769230769231 37.52080319090469,55.696977932563065,283.0769230769231 37.52111864909407,55.69698173259978,283.0769230769231 37.52143410735892,55.69698553182635,283.0769230769231 37.52174956569922,55.69698933024279,283.0769230769231 37.522065024114966,55.69699312784907,283.0769230769231 37.522380482606124,55.696996924645205,283.0769230769231 37.52269594117269,55.69700072063119,283.0769230769231 37.52301139981465,55.69700451580704,283.0769230769231 37.52332685853198,55.697008310172734,283.0769230769231 37.523642317324665,55.69701210372827,283.0769230769231 37.52395777619269,55.69701589647367,283.0769230769231 37.52427323513604,55.69701968840892,283.0769230769231 37.5245886941547,55.69702347953402,283.0769230769231 37.524904153248656,55.69702726984896,283.0769230769231 37.525219612417885,55.69703105935376,283.0769230769231 37.52553507166238,55.69703484804842,283.0769230769231 37.52585053098211,55.697038635932905,283.0769230769231 37.52616599037708,55.697042423007254,283.0769230769231 37.52648144984725,55.69704620927145,283.0769230769231 37.52679690939262,55.69704999472549,283.0769230769231 37.527112369013174,55.697053779369384,283.0769230769231 37.52742782870889,55.69705756320311,283.0769230769231 37.527743288479755,55.6970613462267,283.0769230769231 37.52805874832575,55.69706512844013,283.0769230769231 37.52837420824686,55.6970689098434,283.0769230769231 37.52868966824307,55.697072690436514,283.0769230769231 37.52900512831436,55.69707647021948,283.0769230769231 37.52932058846073,55.69708024919229,283.0769230769231 37.52963604868214,55.69708402735493,283.0769230769231 37.52995150897859,55.69708780470743,283.0769230769231 37.53026696935006,55.697091581249765,283.0769230769231 37.53058242979653,55.69709535698195,283.0769230769231 37.530897890317995,55.69709913190397,283.0769230769231 37.53121335091442,55.69710290601583,283.0769230769231 37.53152881158581,55.69710667931754,283.0769230769231 37.53184427233214,55.697110451809095,283.0769230769231 37.53215973315338,55.69711422349048,283.0769230769231 37.53247519404954,55.69711799436171,283.0769230769231 37.532790655020584,55.697121764422775,283.0769230769231 37.533106116066506,55.697125533673685,283.0769230769231 37.53342157718728,55.69712930211443,283.0769230769231 37.5337370383829,55.697133069745014,283.0769230769231 37.53405249965335,55.697136836565434,283.0769230769231 37.534367960998615,55.6971406025757,283.0769230769231 37.53468342241867,55.69714436777579,283.0769230769231 37.534998883913495,55.69714813216574,283.0769230769231 37.535314345483094,55.69715189574549,283.0769230769231 37.535629807127435,55.69715565851512,283.0769230769231 37.535945268846504,55.697159420474556,283.0769230769231 37.536260730640294,55.69716318162383,283.0769230769231 37.536576192508775,55.697166941962955,283.0769230769231 37.536891654451935,55.6971707014919,283.0769230769231 37.53720711646977,55.69717446021068,283.0769230769231 37.53752257856225,55.69717821811929,283.0769230769231 37.53783804072937,55.697181975217745,283.0769230769231 37.538153502971106,55.69718573150603,283.0769230769231 37.538468965287436,55.697189486984136,283.0769230769231 37.53878442767836,55.697193241652094,283.0769230769231 37.539099890143845,55.697196995509856,283.0769230769231 37.53941535268389,55.69720074855748,283.0769230769231 37.53973081529847,55.69720450079491,283.0769230769231 37.54004627798758,55.697208252222175,283.0769230769231 37.54036174075118,55.69721200283927,283.0769230769231 37.540677203589276,55.69721575264621,283.0769230769231 37.54099266650184,55.69721950164296,283.0769230769231 37.541308129488876,55.69722324982955,283.0769230769231 37.54162359255034,55.697226997205966,283.0769230769231 37.541939055686235,55.6972307437722,283.0769230769231 37.542254518896534,55.69723448952828,283.0769230769231 37.542569982181234,55.69723823447416,283.0769230769231 37.5428854455403,55.697241978609895,283.0769230769231 37.54320090897373,55.697245721935445,283.0769230769231 37.54351637248151,55.69724946445082,283.0769230769231 37.54383183606361,55.69725320615602,283.0769230769231 37.54414729972003,55.69725694705105,283.0769230769231 37.544462763450746,55.697260687135895,283.0769230769231 37.54477822725574,55.69726442641058,283.0769230769231 37.545093691134994,55.69726816487507,283.0769230769231 37.54540915508851,55.69727190252939,283.0769230769231 37.54572461911624,55.69727563937354,283.0769230769231 37.546040083218195,55.697279375407504,283.0769230769231 37.54635554739435,55.6972831106313,283.0769230769231 37.54667101164469,55.6972868450449,283.0769230769231 37.5469864759692,55.69729057864833,283.0769230769231 37.54730194036785,55.69729431144159,283.0769230769231 37.54761740484064,55.69729804342466,283.0769230769231 37.547932869387566,55.697301774597555,283.0769230769231 37.54824833400858,55.69730550496027,283.0769230769231 37.54856379870369,55.697309234512794,283.0769230769231 37.54887926347286,55.69731296325515,283.0769230769231 37.549194728316095,55.697316691187325,283.0769230769231 37.54920071784694,55.697155006056725,283.0769230769231 37.54920670731681,55.69699332092141,283.0769230769231 37.54921269672571,55.696831635781386,283.0769230769231 37.548897235786214,55.69682790791661,283.0769230769231 37.54858177492076,55.69682417924166,283.0769230769231 37.548266314129386,55.69682044975656,283.0769230769231 37.54795085341208,55.69681671946128,283.0769230769231 37.54763539276889,55.696812988355845,283.0769230769231 37.54731993219982,55.69680925644024,283.0769230769231 37.54700447170487,55.696805523714474,283.0769230769231 37.54668901128407,55.69680179017854,283.0769230769231 37.54637355093744,55.696798055832446,283.0769230769231 37.546058090664985,55.696794320676176,283.0769230769231 37.545742630466734,55.69679058470976,283.0769230769231 37.54542717034269,55.69678684793317,283.0769230769231 37.54511171029288,55.696783110346416,283.0769230769231 37.544796250317304,55.69677937194951,283.0769230769231 37.544480790416,55.69677563274243,283.0769230769231 37.54416533058897,55.696771892725195,283.0769230769231 37.54384987083624,55.6967681518978,283.0769230769231 37.54353441115781,55.69676441026023,283.0769230769231 37.543218951553705,55.696760667812526,283.0769230769231 37.542903492023946,55.69675692455464,283.0769230769231 37.542588032568545,55.69675318048661,283.0769230769231 37.54227257318752,55.69674943560842,283.0769230769231 37.541957113880876,55.696745689920064,283.0769230769231 37.54164165464864,55.69674194342155,283.0769230769231 37.54132619549083,55.69673819611288,283.0769230769231 37.541010736407465,55.696734447994054,283.0769230769231 37.54069527739854,55.69673069906507,283.0769230769231 37.54037981846409,55.696726949325935,283.0769230769231 37.54006435960413,55.696723198776645,283.0769230769231 37.53974890081867,55.696719447417195,283.0769230769231 37.53943344210773,55.69671569524759,283.0769230769231 37.539117983471314,55.69671194226783,283.0769230769231 37.53880252490946,55.69670818847792,283.0769230769231 37.538487066422164,55.69670443387785,283.0769230769231 37.538171608009456,55.69670067846762,283.0769230769231 37.53785614967134,55.69669692224725,283.0769230769231 37.53754069140785,55.696693165216736,283.0769230769231 37.53722523321898,55.696689407376056,283.0769230769231 37.53690977510477,55.696685648725214,283.0769230769231 37.53659431706521,55.69668188926423,283.0769230769231 37.536278859100335,55.696678128993106,283.0769230769231 37.535963401210154,55.69667436791182,283.0769230769231 37.53564794339468,55.69667060602039,283.0769230769231 37.53533248565393,55.69666684331881,283.0769230769231 37.535017027987934,55.696663079807074,283.0769230769231 37.53470157039669,55.6966593154852,283.0769230769231 37.53438611288023,55.696655550353164,283.0769230769231 37.53407065543855,55.69665178441098,283.0769230769231 37.53375519807168,55.696648017658646,283.0769230769231 37.53343974077964,55.69664425009619,283.0769230769231 37.53312428356244,55.69664048172356,283.0769230769231 37.53280882642009,55.69663671254081,283.0769230769231 37.53249336935261,55.696632942547886,283.0769230769231 37.53217791236003,55.69662917174483,283.0769230769231 37.53186245544234,55.69662540013163,283.0769230769231 37.53154699859957,55.69662162770828,283.0769230769231 37.53123154183174,55.69661785447479,283.0769230769231 37.53091608513886,55.69661408043116,283.0769230769231 37.53060062852096,55.69661030557738,283.0769230769231 37.53028517197803,55.69660652991346,283.0769230769231 37.529969715510106,55.69660275343939,283.0769230769231 37.529654259117194,55.69659897615518,283.0769230769231 37.529338802799316,55.69659519806083,283.0769230769231 37.52902334655649,55.69659141915635,283.0769230769231 37.52870789038873,55.69658763944172,283.0769230769231 37.528392434296045,55.69658385891694,283.0769230769231 37.528076978278456,55.69658007758203,283.0769230769231 37.527761522335986,55.69657629543697,283.0769230769231 37.52744606646864,55.69657251248179,283.0769230769231 37.527130610676444,55.69656872871646,283.0769230769231 37.52681515495941,55.69656494414099,283.0769230769231 37.52649969931754,55.69656115875538,283.0769230769231 37.526184243750876,55.696557372559646,283.0769230769231 37.525868788259416,55.69655358555375,283.0769230769231 37.525553332843174,55.69654979773774,283.0769230769231 37.525237877502185,55.69654600911158,283.0769230769231 37.52492242223645,55.696542219675294,283.0769230769231 37.52460696704598,55.69653842942886,283.0769230769231 37.52429151193081,55.696534638372306,283.0769230769231 37.523976056890945,55.6965308465056,283.0769230769231 37.5236606019264,55.696527053828774,283.0769230769231 37.52334514703719,55.696523260341806,283.0769230769231 37.52302969222334,55.69651946604471,283.0769230769231 37.52271423748485,55.69651567093748,283.0769230769231 37.52239878282175,55.69651187502012,283.0769230769231 37.522083328234054,55.696508078292624,283.0769230769231 37.52176787372178,55.696504280754986,283.0769230769231 37.521452419284934,55.69650048240723,283.0769230769231 37.521136964923535,55.69649668324934,283.0769230769231 37.5208215106376,55.696492883281316,283.0769230769231 37.52050605642716,55.69648908250317,283.0769230769231 37.52019060229221,55.696485280914885,283.0769230769231 37.51987514823278,55.696481478516475,283.0769230769231 37.519559694248876,55.69647767530793,283.0769230769231 37.51924424034052,55.696473871289264,283.0769230769231 37.51892878650772,55.69647006646047,283.0769230769231 37.518613332750505,55.69646626082155,283.0769230769231 37.51829787906888,55.696462454372494,283.0769230769231 37.517982425462876,55.69645864711332,283.0769230769231 37.51766697193249,55.69645483904401,283.0769230769231 37.51735151847775,55.69645103016459,283.0769230769231 37.51703606509867,55.69644722047502,283.0769230769231 37.51672061179526,55.696443409975345,283.0769230769231 37.516405158567544,55.69643959866554,283.0769230769231 37.51608970541554,55.69643578654561,283.0769230769231 37.51577425233925,55.69643197361556,283.0769230769231 37.5154587993387,55.69642815987538,283.0769230769231 37.515143346413915,55.69642434532508,283.0769230769231 37.51482789356489,55.696420529964655,283.0769230769231 37.51451244079166,55.696416713794115,283.0769230769231 37.51419698809423,55.69641289681344,283.0769230769231 37.51388153547262,55.69640907902266,283.0769230769231 37.51356608292685,55.69640526042174,283.0769230769231 37.51325063045693,55.696401441010714,283.0769230769231 37.512935178062875,55.69639762078956,283.0769230769231 37.512619725744706,55.6963937997583,283.0769230769231 37.51230427350243,55.6963899779169,283.0769230769231 37.511988821336075,55.696386155265394,283.0769230769231 37.511673369245656,55.69638233180377,283.0769230769231 37.51135791723119,55.69637850753202,283.0769230769231 37.511042465292675,55.696374682450156,283.0769230769231 37.510789930259634,55.696477772686286,283.0769230769231 37.51053739390153,55.6965808623938,283.0769230769231 37.51028485621838,55.69668395157269,283.0769230769231 37.51003231721016,55.696787040222965,283.0769230769231 37.509779776876876,55.696890128344606,283.0769230769231 37.50952723521852,55.69699321593761,283.0769230769231 37.50927469223509,55.69709630300198,283.0769230769231 37.50902214792658,55.69719938953769,283.0769230769231 37.50876960229298,55.69730247554475,283.0769230769231 37.50851705533429,55.69740556102315,283.0769230769231 37.508264507050505,55.69750864597288,283.0769230769231 37.508011957441624,55.697611730393945,283.0769230769231 37.50775940650764,55.697714814286336,283.0769230769231 37.50750685424854,55.69781789765004,283.0769230769231 37.50725430066433,55.69792098048506,283.0769230769231 37.507001745755005,55.698024062791376,283.0769230769231 37.50674918952056,55.698127144569,283.0769230769231 37.506496631960985,55.69823022581791,283.0769230769231 37.50624407307629,55.69833330653811,283.0769230769231 37.505991512866444,55.69843638672958,283.0769230769231 37.505738951331466,55.69853946639233,283.0769230769231 37.50548638847134,55.69864254552636,283.0769230769231 37.505233824286066,55.698745624131654,283.0769230769231 37.50498125877564,55.69884870220819,283.0769230769231 37.50472869194005,55.69895177975598,283.0769230769231 37.504476123779305,55.69905485677503,283.0769230769231 37.50422355429339,55.6991579332653,283.0769230769231 37.503970983482304,55.69926100922681,283.0769230769231 37.503718411346036,55.69936408465955,283.0769230769231 37.50346583788459,55.69946715956351,283.0769230769231 37.50321326309796,55.699570233938694,283.0769230769231 37.502960686986135,55.699673307785076,283.0769230769231 37.502960686986135,55.699673307785076,160.0</coordinates></LineString></Placemark><Placemark><name>U01_S3</name><LineString><altitudeMode>absolute</altitudeMode><coordinates>37.502960686986135,55.699673307785076,160.0 37.502960686986135,55.699673307785076,283.0769230769231 37.50319895100441,55.69956203108605,283.0769230769231 37.5034372136712,55.69945075391503,283.0769230769231 37.5036754749865,55.699339476271994,283.0769230769231 37.50391373495034,55.69922819815699,283.0769230769231 37.504151993562715,55.69911691957002,283.0769230769231 37.50439025082365,55.69900564051106,283.0769230769231 37.50462850673311,55.69889436098014,283.0769230769231 37.50486676129115,55.69878308097726,283.0769230769231 37.50510501449775,55.69867180050242,283.0769230769231 37.505343266352924,55.698560519555635,283.0769230769231 37.50558151685668,55.69844923813689,283.0769230769231 37.50581976600902,55.69833795624623,283.0769230769231 37.50605801380996,55.69822667388363,283.0769230769231 37.506296260259504,55.69811539104911,283.0769230769231 37.50653450535765,55.69800410774265,283.0769230769231 37.50677274910442,55.69789282396429,283.0769230769231 37.50701099149981,55.69778153971401,283.0769230769231 37.507249232543835,55.697670254991834,283.0769230769231 37.5074874722365,55.69755896979776,283.0769230769231 37.507725710577795,55.69744768413179,283.0769230769231 37.50796394756776,55.69733639799392,283.0769230769231 37.50820218320638,55.69722511138419,283.0769230769231 37.50844041749366,55.69711382430257,283.0769230769231 37.50867865042962,55.69700253674908,283.0769230769231 37.50891688201426,55.69689124872374,283.0769230769231 37.5091551122476,55.696779960226536,283.0769230769231 37.50939334112962,55.69666867125748,283.0769230769231 37.50963156866035,55.696557381816575,283.0769230769231 37.509869794839794,55.69644609190383,283.0769230769231 37.510108019667946,55.69633480151925,283.0769230769231 37.51034624314483,55.69622351066283,283.0769230769231 37.51058446527045,55.6961122193346,283.0769230769231 37.5108226860448,55.69600092753454,283.0769230769231 37.51106090546789,55.695889635262674,283.0769230769231 37.511376353503174,55.695893460275386,283.0769230769231 37.51169180161441,55.695897284478,283.0769230769231 37.512007249801584,55.6959011078705,283.0769230769231 37.5123226980647,55.69590493045291,283.0769230769231 37.51263814640372,55.695908752225215,283.0769230769231 37.51295359481863,55.6959125731874,283.0769230769231 37.513269043309435,55.695916393339495,283.0769230769231 37.513584491876095,55.69592021268148,283.0769230769231 37.51389994051861,55.695924031213345,283.0769230769231 37.51421538923696,55.69592784893511,283.0769230769231 37.51453083803111,55.69593166584678,283.0769230769231 37.514846286901076,55.69593548194833,283.0769230769231 37.515161735846824,55.695939297239796,283.0769230769231 37.51547718486834,55.69594311172113,283.0769230769231 37.5157926339656,55.69594692539238,283.0769230769231 37.516108083138604,55.69595073825349,283.0769230769231 37.51642353238733,55.695954550304506,283.0769230769231 37.516738981711754,55.69595836154541,283.0769230769231 37.51705443111187,55.695962171976205,283.0769230769231 37.51736988058765,55.69596598159689,283.0769230769231 37.517685330139095,55.69596979040747,283.0769230769231 37.518000779766176,55.69597359840793,283.0769230769231 37.51831622946889,55.69597740559828,283.0769230769231 37.5186316792472,55.69598121197851,283.0769230769231 37.5189471291011,55.69598501754864,283.0769230769231 37.51926257903058,55.69598882230865,283.0769230769231 37.51957802903562,55.69599262625855,283.0769230769231 37.519893479116206,55.695996429398335,283.0769230769231 37.520208929272314,55.696000231728,283.0769230769231 37.52052437950394,55.69600403324756,283.0769230769231 37.52083982981105,55.696007833957005,283.0769230769231 37.521155280193646,55.69601163385633,283.0769230769231 37.52147073065171,55.69601543294554,283.0769230769231 37.52178618118521,55.69601923122463,283.0769230769231 37.52210163179415,55.6960230286936,283.0769230769231 37.5224170824785,55.69602682535246,283.0769230769231 37.52273253323825,55.6960306212012,283.0769230769231 37.523047984073386,55.69603441623982,283.0769230769231 37.52336343498388,55.69603821046834,283.0769230769231 37.52367888596973,55.696042003886724,283.0769230769231 37.52399433703091,55.696045796494985,283.0769230769231 37.524309788167415,55.69604958829313,283.0769230769231 37.52462523937922,55.69605337928116,283.0769230769231 37.524940690666305,55.69605716945907,283.0769230769231 37.525256142028674,55.69606095882685,283.0769230769231 37.52557159346629,55.69606474738451,283.0769230769231 37.52588704497914,55.69606853513206,283.0769230769231 37.526202496567215,55.696072322069476,283.0769230769231 37.5265179482305,55.69607610819677,283.0769230769231 37.52683339996897,55.69607989351394,283.0769230769231 37.52714885178261,55.696083678021,283.0769230769231 37.52746430367142,55.696087461717916,283.0769230769231 37.527779755635365,55.69609124460472,283.0769230769231 37.52809520767443,55.6960950266814,283.0769230769231 37.52841065978861,55.69609880794796,283.0769230769231 37.52872611197788,55.696102588404386,283.0769230769231 37.529041564242235,55.69610636805069,283.0769230769231 37.52935701658165,55.69611014688686,283.0769230769231 37.52967246899611,55.69611392491291,283.0769230769231 37.52998792148559,55.696117702128824,283.0769230769231 37.5303033740501,55.696121478534614,283.0769230769231 37.5306188266896,55.69612525413028,283.0769230769231 37.53093427940407,55.69612902891582,283.0769230769231 37.531249732193515,55.69613280289123,283.0769230769231 37.53156518505791,55.69613657605651,283.0769230769231 37.53188063799723,55.69614034841165,283.0769230769231 37.53219609101147,55.69614411995667,283.0769230769231 37.532511544100615,55.69614789069156,283.0769230769231 37.53282699726464,55.69615166061633,283.0769230769231 37.53314245050353,55.69615542973095,283.0769230769231 37.533457903817286,55.696159198035446,283.0769230769231 37.533773357205874,55.69616296552981,283.0769230769231 37.534088810669274,55.69616673221403,283.0769230769231 37.53440426420749,55.69617049808814,283.0769230769231 37.53471971782048,55.696174263152095,283.0769230769231 37.535035171508255,55.69617802740592,283.0769230769231 37.53535062527077,55.69618179084962,283.0769230769231 37.53566607910804,55.696185553483176,283.0769230769231 37.535981533020035,55.6961893153066,283.0769230769231 37.53629698700673,55.696193076319894,283.0769230769231 37.53661244106812,55.69619683652305,283.0769230769231 37.53692789520419,55.69620059591606,283.0769230769231 37.537243349414915,55.696204354498946,283.0769230769231 37.53755880370028,55.69620811227168,283.0769230769231 37.53787425806027,55.69621186923428,283.0769230769231 37.538189712494884,55.696215625386756,283.0769230769231 37.53850516700408,55.69621938072909,283.0769230769231 37.538820621587874,55.69622313526128,283.0769230769231 37.539136076246216,55.69622688898333,283.0769230769231 37.539451530979115,55.69623064189524,283.0769230769231 37.539766985786535,55.69623439399702,283.0769230769231 37.54008244066847,55.696238145288646,283.0769230769231 37.540397895624906,55.696241895770136,283.0769230769231 37.540713350655835,55.69624564544148,283.0769230769231 37.54102880576122,55.69624939430269,283.0769230769231 37.54134426094106,55.696253142353754,283.0769230769231 37.54165971619533,55.69625688959468,283.0769230769231 37.54197517152403,55.69626063602546,283.0769230769231 37.54229062692713,55.696264381646095,283.0769230769231 37.54260608240461,55.69626812645659,283.0769230769231 37.54292153795646,55.69627187045694,283.0769230769231 37.54323699358267,55.696275613647146,283.0769230769231 37.54355244928321,55.696279356027205,283.0769230769231 37.54386790505808,55.69628309759712,283.0769230769231 37.544183360907255,55.69628683835688,283.0769230769231 37.54449881683071,55.69629057830651,283.0769230769231 37.544814272828454,55.69629431744599,283.0769230769231 37.54512972890045,55.69629805577532,283.0769230769231 37.54544518504669,55.696301793294495,283.0769230769231 37.54576064126715,55.696305530003535,283.0769230769231 37.54607609756183,55.69630926590241,283.0769230769231 37.54639155393069,55.696313000991154,283.0769230769231 37.546707010373744,55.69631673526973,283.0769230769231 37.54702246689095,55.69632046873817,283.0769230769231 37.547337923482296,55.696324201396465,283.0769230769231 37.547653380147786,55.6963279332446,283.0769230769231 37.54796883688738,55.69633166428259,283.0769230769231 37.54828429370107,55.69633539451042,283.0769230769231 37.54859975058884,55.69633912392811,283.0769230769231 37.548915207550685,55.69634285253564,283.0769230769231 37.549230664586574,55.696346580333014,283.0769230769231 37.549236653751585,55.69618489517415,283.0769230769231 37.54924264285563,55.696023210010544,283.0769230769231 37.5492486318987,55.69586152484225,283.0769230769231 37.548933178766305,55.69585779711226,283.0769230769231 37.548617725707956,55.69585406857214,283.0769230769231 37.54830227272367,55.69585033922187,283.0769230769231 37.54798681981346,55.69584660906146,283.0769230769231 37.54767136697734,55.695842878090936,283.0769230769231 37.54735591421534,55.69583914631026,283.0769230769231 37.54704046152746,55.69583541371945,283.0769230769231 37.54672500891372,55.695831680318506,283.0769230769231 37.546409556374144,55.695827946107435,283.0769230769231 37.54609410390874,55.69582421108622,283.0769230769231 37.54577865151753,55.69582047525487,283.0769230769231 37.545463199200526,55.695816738613395,283.0769230769231 37.54514774695774,55.695813001161774,283.0769230769231 37.544832294789195,55.695809262900035,283.0769230769231 37.54451684269491,55.69580552382815,283.0769230769231 37.54420139067489,55.69580178394614,283.0769230769231 37.54388593872916,55.69579804325401,283.0769230769231 37.54357048685773,55.695794301751725,283.0769230769231 37.543255035060625,55.69579055943933,283.0769230769231 37.54293958333785,55.6957868163168,283.0769230769231 37.54262413168943,55.695783072384124,283.0769230769231 37.542308680115376,55.69577932764133,283.0769230769231 37.5419932286157,55.695775582088416,283.0769230769231 37.541677777190436,55.69577183572535,283.0769230769231 37.54136232583957,55.69576808855218,283.0769230769231 37.54104687456315,55.69576434056887,283.0769230769231 37.54073142336117,55.69576059177543,283.0769230769231 37.54041597223367,55.69575684217187,283.0769230769231 37.54010052118063,55.695753091758185,283.0769230769231 37.53978507020209,55.69574934053437,283.0769230769231 37.53946961929807,55.69574558850043,283.0769230769231 37.53915416846857,55.69574183565636,283.0769230769231 37.53883871771362,55.695738082002165,283.0769230769231 37.53852326703323,55.69573432753785,283.0769230769231 37.53820781642741,55.695730572263415,283.0769230769231 37.537892365896184,55.695726816178855,283.0769230769231 37.53757691543957,55.69572305928416,283.0769230769231 37.537261465057576,55.69571930157935,283.0769230769231 37.53694601475023,55.69571554306442,283.0769230769231 37.53663056451754,55.69571178373938,283.0769230769231 37.53631511435952,55.69570802360419,283.0769230769231 37.535999664276176,55.69570426265889,283.0769230769231 37.535684214267555,55.69570050090347,283.0769230769231 37.53536876433365,55.695696738337936,283.0769230769231 37.535053314474474,55.69569297496227,283.0769230769231 37.53473786469006,55.69568921077649,283.0769230769231 37.53442241498041,55.695685445780605,283.0769230769231 37.53410696534554,55.695681679974584,283.0769230769231 37.53379151578549,55.69567791335845,283.0769230769231 37.533476066300246,55.695674145932195,283.0769230769231 37.53316061688984,55.695670377695826,283.0769230769231 37.53284516755427,55.69566660864934,283.0769230769231 37.532529718293574,55.69566283879273,283.0769230769231 37.532214269107754,55.69565906812601,283.0769230769231 37.53189881999684,55.69565529664918,283.0769230769231 37.53158337096084,55.695651524362226,283.0769230769231 37.53126792199976,55.69564775126516,283.0769230769231 37.530952473113636,55.695643977357975,283.0769230769231 37.53063702430247,55.695640202640675,283.0769230769231 37.53032157556628,55.69563642711328,283.0769230769231 37.53000612690509,55.69563265077575,283.0769230769231 37.5296906783189,55.69562887362812,283.0769230769231 37.52937522980774,55.695625095670366,283.0769230769231 37.52905978137163,55.6956213169025,283.0769230769231 37.52874433301057,55.69561753732454,283.0769230769231 37.52842888472459,55.695613756936446,283.0769230769231 37.52811343651369,55.69560997573825,283.0769230769231 37.52779798837791,55.695606193729944,283.0769230769231 37.527482540317244,55.69560241091153,283.0769230769231 37.527167092331716,55.69559862728301,283.0769230769231 37.52685164442135,55.69559484284437,283.0769230769231 37.52653619658614,55.695591057595635,283.0769230769231 37.526220748826134,55.69558727153678,283.0769230769231 37.52590530114133,55.69558348466782,283.0769230769231 37.525589853531734,55.69557969698875,283.0769230769231 37.52527440599737,55.69557590849957,283.0769230769231 37.52495895853827,55.6955721192003,283.0769230769231 37.52464351115443,55.69556832909092,283.0769230769231 37.52432806384588,55.695564538171425,283.0769230769231 37.52401261661262,55.69556074644182,283.0769230769231 37.52369716945468,55.69555695390211,283.0769230769231 37.523381722372065,55.69555316055231,283.0769230769231 37.52306627536481,55.69554936639239,283.0769230769231 37.522750828432905,55.69554557142237,283.0769230769231 37.52243538157639,55.69554177564225,283.0769230769231 37.52211993479526,55.69553797905204,283.0769230769231 37.52180448808955,55.69553418165171,283.0769230769231 37.52148904145927,55.69553038344129,283.0769230769231 37.521173594904425,55.695526584420755,283.0769230769231 37.52085814842505,55.69552278459012,283.0769230769231 37.52054270202114,55.69551898394939,283.0769230769231 37.52022725569273,55.69551518249855,283.0769230769231 37.519911809439826,55.695511380237626,283.0769230769231 37.519596363262444,55.695507577166595,283.0769230769231 37.5192809171606,55.69550377328545,283.0769230769231 37.518965471134315,55.695499968594234,283.0769230769231 37.518650025183604,55.6954961630929,283.0769230769231 37.51833457930849,55.69549235678147,283.0769230769231 37.518019133508965,55.695488549659956,283.0769230769231 37.517703687785065,55.69548474172833,283.0769230769231 37.5173882421368,55.69548093298661,283.0769230769231 37.51707279656419,55.6954771234348,283.0769230769231 37.516757351067255,55.695473313072874,283.0769230769231 37.516441905646,55.69546950190088,283.0769230769231 37.51612646030044,55.695465689918784,283.0769230769231 37.5158110150306,55.69546187712658,283.0769230769231 37.515495569836496,55.69545806352429,283.0769230769231 37.51518012471814,55.69545424911191,283.0769230769231 37.514864679675554,55.69545043388944,283.0769230769231 37.51454923470874,55.69544661785687,283.0769230769231 37.51423378981772,55.6954428010142,283.0769230769231 37.51391834500252,55.69543898336145,283.0769230769231 37.51360290026315,55.6954351648986,283.0769230769231 37.51328745559963,55.695431345625664,283.0769230769231 37.51297201101197,55.695427525542634,283.0769230769231 37.512656566500176,55.695423704649514,283.0769230769231 37.51234112206429,55.69541988294631,283.0769230769231 37.5120256777043,55.695416060433004,283.0769230769231 37.511710233420246,55.695412237109615,283.0769230769231 37.51139478921213,55.69540841297614,283.0769230769231 37.51107934507997,55.69540458803258,283.0769230769231 37.511085491492196,55.69524290561307,283.0769230769231 37.51109163784185,55.69508122318882,283.0769230769231 37.511097784128935,55.694919540759855,283.0769230769231 37.511413224358094,55.69492336563427,283.0769230769231 37.51172866466321,55.69492718969861,283.0769230769231 37.51204410504426,55.694931012952885,283.0769230769231 37.51235954550123,55.694934835397085,283.0769230769231 37.51267498603412,55.69493865703121,283.0769230769231 37.512990426642894,55.69494247785524,283.0769230769231 37.51330586732754,55.69494629786921,283.0769230769231 37.51362130808805,55.69495011707311,283.0769230769231 37.513936748924394,55.694953935466934,283.0769230769231 37.51425218983657,55.69495775305066,283.0769230769231 37.51456763082455,55.69496156982432,283.0769230769231 37.51488307188833,55.69496538578791,283.0769230769231 37.51519851302788,55.69496920094142,283.0769230769231 37.515513954243204,55.694973015284845,283.0769230769231 37.51582939553427,55.694976828818206,283.0769230769231 37.51614483690106,55.69498064154146,283.0769230769231 37.51646027834357,55.69498445345465,283.0769230769231 37.51677571986177,55.694988264557765,283.0769230769231 37.51709116145566,55.69499207485079,283.0769230769231 37.51740660312521,55.694995884333736,283.0769230769231 37.51772204487041,55.69499969300661,283.0769230769231 37.51803748669125,55.69500350086938,283.0769230769231 37.5183529285877,55.69500730792208,283.0769230769231 37.51866837055975,55.69501111416469,283.0769230769231 37.51898381260739,55.69501491959723,283.0769230769231 37.519299254730605,55.695018724219686,283.0769230769231 37.51961469692936,55.69502252803204,283.0769230769231 37.51993013920366,55.69502633103433,283.0769230769231 37.52024558155348,55.69503013322653,283.0769230769231 37.5205610239788,55.69503393460864,283.0769230769231 37.52087646647961,55.69503773518066,283.0769230769231 37.5211919090559,55.6950415349426,283.0769230769231 37.52150735170764,55.69504533389445,283.0769230769231 37.521822794434826,55.69504913203621,283.0769230769231 37.52213823723743,55.69505292936789,283.0769230769231 37.52245368011545,55.69505672588948,283.0769230769231 37.522769123068855,55.69506052160098,283.0769230769231 37.523084566097644,55.69506431650238,283.0769230769231 37.52340000920178,55.69506811059371,283.0769230769231 37.523715452381275,55.69507190387495,283.0769230769231 37.52403089563609,55.69507569634609,283.0769230769231 37.52434633896622,55.69507948800714,283.0769230769231 37.524661782371645,55.6950832788581,283.0769230769231 37.52497722585235,55.69508706889898,283.0769230769231 37.52529266940832,55.69509085812975,283.0769230769231 37.52560811303953,55.69509464655044,283.0769230769231 37.52592355674599,55.695098434161025,283.0769230769231 37.526239000527646,55.69510222096154,283.0769230769231 37.526554444384516,55.69510600695194,283.0769230769231 37.52686988831656,55.69510979213226,283.0769230769231 37.527185332323775,55.69511357650248,283.0769230769231 37.52750077640614,55.695117360062596,283.0769230769231 37.52781622056364,55.695121142812624,283.0769230769231 37.52813166479627,55.69512492475256,283.0769230769231 37.52844710910399,55.695128705882404,283.0769230769231 37.52876255348681,55.69513248620215,283.0769230769231 37.5290779979447,55.695136265711795,283.0769230769231 37.52939344247763,55.69514004441133,283.0769230769231 37.52970888708561,55.69514382230079,283.0769230769231 37.53002433176861,55.69514759938014,283.0769230769231 37.53033977652662,55.695151375649395,283.0769230769231 37.530655221359616,55.69515515110855,283.0769230769231 37.530970666267585,55.69515892575761,283.0769230769231 37.531286111250516,55.69516269959657,283.0769230769231 37.53160155630839,55.695166472625424,283.0769230769231 37.531917001441194,55.695170244844185,283.0769230769231 37.532232446648905,55.695174016252835,283.0769230769231 37.532547891931515,55.69517778685139,283.0769230769231 37.532863337289,55.695181556639845,283.0769230769231 37.53317878272134,55.69518532561819,283.0769230769231 37.533494228228534,55.69518909378644,283.0769230769231 37.53380967381056,55.69519286114459,283.0769230769231 37.5341251194674,55.695196627692624,283.0769230769231 37.534440565199034,55.69520039343057,283.0769230769231 37.53475601100545,55.69520415835841,283.0769230769231 37.53507145688663,55.69520792247614,283.0769230769231 37.53538690284256,55.695211685783754,283.0769230769231 37.53570234887323,55.695215448281274,283.0769230769231 37.53601779497862,55.69521920996869,283.0769230769231 37.53633324115871,55.695222970846,283.0769230769231 37.536648687413475,55.69522673091319,283.0769230769231 37.53696413374291,55.69523049017029,283.0769230769231 37.537279580147015,55.69523424861728,283.0769230769231 37.537595026625745,55.69523800625416,283.0769230769231 37.537910473179096,55.69524176308093,283.0769230769231 37.538225919807054,55.69524551909759,283.0769230769231 37.538541366509605,55.69524927430414,283.0769230769231 37.53885681328673,55.69525302870058,283.0769230769231 37.5391722601384,55.69525678228691,283.0769230769231 37.53948770706463,55.695260535063134,283.0769230769231 37.539803154065375,55.695264287029254,283.0769230769231 37.54011860114063,55.69526803818525,283.0769230769231 37.540434048290365,55.69527178853114,283.0769230769231 37.54074949551459,55.695275538066916,283.0769230769231 37.54106494281328,55.69527928679258,283.0769230769231 37.541380390186404,55.695283034708126,283.0769230769231 37.54169583763397,55.695286781813564,283.0769230769231 37.54201128515593,55.69529052810889,283.0769230769231 37.542326732752294,55.6952942735941,283.0769230769231 37.54264218042304,55.6952980182692,283.0769230769231 37.542957628168146,55.69530176213418,283.0769230769231 37.54327307598761,55.695305505189054,283.0769230769231 37.543588523881404,55.6953092474338,283.0769230769231 37.5439039718495,55.69531298886843,283.0769230769231 37.54421941989192,55.69531672949295,283.0769230769231 37.54453486800861,55.69532046930734,283.0769230769231 37.544850316199565,55.69532420831163,283.0769230769231 37.54516576446478,55.6953279465058,283.0769230769231 37.54548121280422,55.69533168388984,283.0769230769231 37.54579666121789,55.69533542046378,283.0769230769231 37.54611210970575,55.69533915622759,283.0769230769231 37.546427558267816,55.69534289118127,283.0769230769231 37.546743006904045,55.695346625324845,283.0769230769231 37.547058455614426,55.6953503586583,283.0769230769231 37.547373904398945,55.69535409118162,283.0769230769231 37.547689353257596,55.69535782289484,283.0769230769231 37.54800480219035,55.695361553797916,283.0769230769231 37.5483202511972,55.69536528389089,283.0769230769231 37.54863570027812,55.69536901317373,283.0769230769231 37.5489511494331,55.69537274164645,283.0769230769231 37.54926659866212,55.695376469309046,283.0769230769231 37.549272587461324,55.69521478412189,283.0769230769231 37.54927857619957,55.695053098930025,283.0769230769231 37.54928456487685,55.69489141373343,283.0769230769231 37.54896911955108,55.694887686138216,283.0769230769231 37.54865367429935,55.694883957732905,283.0769230769231 37.54833822912168,55.69488022851747,283.0769230769231 37.54802278401808,55.69487649849194,283.0769230769231 37.547707338988566,55.694872767656314,283.0769230769231 37.54739189403316,55.69486903601056,283.0769230769231 37.547076449151874,55.694865303554714,283.0769230769231 37.546761004344724,55.694861570288744,283.0769230769231 37.54644555961172,55.69485783621268,283.0769230769231 37.546130114952895,55.69485410132651,283.0769230769231 37.545814670368244,55.69485036563024,283.0769230769231 37.545499225857796,55.69484662912385,283.0769230769231 37.54518378142157,55.694842891807376,283.0769230769231 37.544868337059576,55.69483915368078,283.0769230769231 37.544552892771826,55.69483541474409,283.0769230769231 37.54423744855834,55.6948316749973,283.0769230769231 37.543922004419144,55.69482793444041,283.0769230769231 37.543606560354235,55.694824193073416,283.0769230769231 37.54329111636364,55.694820450896316,283.0769230769231 37.54297567244738,55.69481670790911,283.0769230769231 37.54266022860547,55.69481296411181,283.0769230769231 37.54234478483791,55.694809219504414,283.0769230769231 37.54202934114473,55.69480547408691,283.0769230769231 37.54171389752594,55.69480172785932,283.0769230769231 37.541398453981564,55.694797980821626,283.0769230769231 37.54108301051161,55.69479423297382,283.0769230769231 37.540767567116106,55.694790484315924,283.0769230769231 37.54045212379505,55.69478673484793,283.0769230769231 37.54013668054847,55.69478298456985,283.0769230769231 37.53982123737639,55.69477923348166,283.0769230769231 37.5395057942788,55.69477548158336,283.0769230769231 37.53919035125574,55.69477172887499,283.0769230769231 37.538874908307214,55.69476797535652,283.0769230769231 37.538559465433245,55.694764221027945,283.0769230769231 37.53824402263385,55.69476046588928,283.0769230769231 37.537928579909035,55.69475670994053,283.0769230769231 37.53761313725882,55.69475295318167,283.0769230769231 37.53729769468323,55.694749195612715,283.0769230769231 37.53698225218228,55.69474543723368,283.0769230769231 37.536666809755964,55.694741678044544,283.0769230769231 37.53635136740432,55.69473791804531,283.0769230769231 37.536035925127365,55.69473415723599,283.0769230769231 37.5357204829251,55.69473039561658,283.0769230769231 37.535405040797556,55.69472663318709,283.0769230769231 37.53508959874475,55.69472286994749,283.0769230769231 37.53477415676667,55.6947191058978,283.0769230769231 37.53445871486337,55.69471534103804,283.0769230769231 37.534143273034836,55.69471157536818,283.0769230769231 37.53382783128111,55.69470780888823,283.0769230769231 37.53351238960219,55.694704041598186,283.0769230769231 37.53319694799809,55.69470027349805,283.0769230769231 37.53288150646884,55.69469650458784,283.0769230769231 37.53256606501445,55.69469273486754,283.0769230769231 37.53225062363494,55.69468896433714,283.0769230769231 37.53193518233031,55.694685192996666,283.0769230769231 37.53161974110059,55.69468142084611,283.0769230769231 37.531304299945795,55.69467764788546,283.0769230769231 37.530988858865946,55.69467387411473,283.0769230769231 37.53067341786104,55.6946700995339,283.0769230769231 37.530357976931114,55.69466632414301,283.0769230769231 37.530042536076174,55.694662547942016,283.0769230769231 37.52972709529624,55.69465877093094,283.0769230769231 37.52941165459133,55.694654993109786,283.0769230769231 37.529096213961445,55.694651214478554,283.0769230769231 37.52878077340661,55.694647435037226,283.0769230769231 37.52846533292686,55.69464365478583,283.0769230769231 37.52814989252217,55.69463987372434,283.0769230769231 37.5278344521926,55.69463609185278,283.0769230769231 37.52751901193814,55.69463230917113,283.0769230769231 37.52720357175881,55.694628525679406,283.0769230769231 37.52688813165464,55.6946247413776,283.0769230769231 37.52657269162562,55.69462095626571,283.0769230769231 37.52625725167179,55.69461717034375,283.0769230769231 37.525941811793146,55.6946133836117,283.0769230769231 37.525626371989716,55.69460959606958,283.0769230769231 37.525310932261526,55.69460580771737,283.0769230769231 37.52499549260857,55.6946020185551,283.0769230769231 37.524680053030885,55.69459822858275,283.0769230769231 37.52436461352847,55.69459443780031,283.0769230769231 37.52404917410134,55.69459064620781,283.0769230769231 37.523733734749534,55.69458685380523,283.0769230769231 37.52341829547304,55.694583060592564,283.0769230769231 37.5231028562719,55.69457926656983,283.0769230769231 37.52278741714611,55.694575471737025,283.0769230769231 37.522471978095695,55.69457167609414,283.0769230769231 37.522156539120665,55.694567879641184,283.0769230769231 37.521841100221046,55.694564082378164,283.0769230769231 37.52152566139685,55.694560284305055,283.0769230769231 37.52121022264809,55.69455648542188,283.0769230769231 37.520894783974775,55.69455268572863,283.0769230769231 37.52057934537694,55.694548885225316,283.0769230769231 37.52026390685458,55.694545083911926,283.0769230769231 37.519948468407726,55.69454128178846,283.0769230769231 37.519633030036395,55.694537478854926,283.0769230769231 37.5193175917406,55.69453367511132,283.0769230769231 37.51900215352035,55.69452987055766,283.0769230769231 37.51868671537566,55.69452606519391,283.0769230769231 37.518371277306564,55.694522259020104,283.0769230769231 37.51805583931306,55.69451845203623,283.0769230769231 37.517740401395166,55.69451464424228,283.0769230769231 37.517424963552905,55.694510835638276,283.0769230769231 37.517109525786296,55.69450702622419,283.0769230769231 37.516794088095345,55.69450321600005,283.0769230769231 37.51647865048007,55.69449940496584,283.0769230769231 37.51616321294049,55.69449559312156,283.0769230769231 37.51584777547662,55.69449178046722,283.0769230769231 37.515532338088484,55.69448796700281,283.0769230769231 37.51521690077608,55.69448415272833,283.0769230769231 37.514901463539445,55.694480337643796,283.0769230769231 37.51458602637858,55.694476521749195,283.0769230769231 37.5142705892935,55.69447270504453,283.0769230769231 37.51395515228424,55.69446888752981,283.0769230769231 37.51363971535079,55.694465069205016,283.0769230769231 37.51332427849319,55.69446125007016,283.0769230769231 37.51300884171145,55.69445743012525,283.0769230769231 37.512693405005564,55.69445360937027,283.0769230769231 37.51237796837557,55.69444978780523,283.0769230769231 37.512062531821485,55.694445965430134,283.0769230769231 37.51174709534332,55.69444214224499,283.0769230769231 37.511431658941085,55.694438318249766,283.0769230769231 37.5111162226148,55.6944344934445,283.0769230769231 37.51090713360576,55.69456882899242,283.0769230769231 37.51069804316062,55.694703164173326,283.0769230769231 37.51048895127937,55.69483749898718,283.0769230769231 37.510279857961976,55.694971833433954,283.0769230769231 37.51007076320845,55.695106167513686,283.0769230769231 37.509861667018754,55.69524050122635,283.0769230769231 37.50965256939289,55.69537483457192,283.0769230769231 37.50944347033084,55.69550916755044,283.0769230769231 37.5092343698326,55.69564350016187,283.0769230769231 37.50902526789813,55.69577783240622,283.0769230769231 37.50881616452745,55.695912164283456,283.0769230769231 37.508607059720525,55.69604649579361,283.0769230769231 37.50839795347735,55.69618082693666,283.0769230769231 37.5081888457979,55.69631515771259,283.0769230769231 37.50797973668218,55.69644948812142,283.0769230769231 37.507770626130174,55.696583818163106,283.0769230769231 37.50756151414185,55.69671814783769,283.0769230769231 37.50735240071721,55.69685247714515,283.0769230769231 37.50714328585624,55.696986806085455,283.0769230769231 37.50693416955892,55.69712113465863,283.0769230769231 37.506725051825235,55.69725546286465,283.0769230769231 37.506515932655184,55.69738979070354,283.0769230769231 37.50630681204874,55.69752411817526,283.0769230769231 37.5060976900059,55.69765844527981,283.0769230769231 37.50588856652665,55.697792772017195,283.0769230769231 37.505679441610965,55.69792709838742,283.0769230769231 37.50547031525884,55.69806142439046,283.0769230769231 37.50526118747027,55.698195750026315,283.0769230769231 37.50505205824523,55.69833007529496,283.0769230769231 37.5048429275837,55.698464400196436,283.0769230769231 37.50463379548568,55.698598724730715,283.0769230769231 37.504424661951155,55.698733048897786,283.0769230769231 37.50421552698012,55.69886737269764,283.0769230769231 37.50400639057253,55.699001696130274,283.0769230769231 37.503797252728404,55.69913601919571,283.0769230769231 37.50358811344771,55.69927034189389,283.0769230769231 37.503378972730445,55.699404664224865,283.0769230769231 37.50316983057659,55.699538986188585,283.0769230769231 37.502960686986135,55.699673307785076,283.0769230769231 37.502960686986135,55.699673307785076,160.0</coordinates></LineString></Placemark><Placemark><name>U01_S4</name><LineString><altitudeMode>absolute</altitudeMode><coordinates>37.502960686986135,55.699673307785076,160.0 37.502960686986135,55.699673307785076,283.0769230769231 37.50316008068492,55.69953370810001,283.0769230769231 37.503359472959005,55.69939410807999,283.0769230769231 37.5035588638084,55.69925450772501,283.0769230769231 37.50375825323313,55.69911490703509,283.0769230769231 37.5039576412332,55.69897530601022,283.0769230769231 37.50415702780863,55.698835704650406,283.0769230769231 37.50435641295943,55.69869610295569,283.0769230769231 37.504555796685615,55.698556500926024,283.0769230769231 37.5047551789872,55.69841689856144,283.0769230769231 37.50495455986421,55.69827729586195,283.0769230769231 37.50515393931664,55.69813769282754,283.0769230769231 37.50535331734453,55.697998089458224,283.0769230769231 37.50555269394787,55.69785848575401,283.0769230769231 37.505752069126686,55.69771888171489,283.0769230769231 37.50595144288099,55.6975792773409,283.0769230769231 37.5061508152108,55.69743967263201,283.0769230769231 37.50635018611613,55.69730006758824,283.0769230769231 37.50654955559699,55.69716046220958,283.0769230769231 37.506748923653404,55.69702085649608,283.0769230769231 37.50694829028537,55.696881250447696,283.0769230769231 37.507147655492915,55.69674164406445,283.0769230769231 37.50734701927606,55.69660203734635,283.0769230769231 37.5075463816348,55.6964624302934,283.0769230769231 37.50774574256918,55.69632282290561,283.0769230769231 37.507945102079184,55.69618321518296,283.0769230769231 37.508144460164836,55.696043607125496,283.0769230769231 37.50834381682615,55.69590399873319,283.0769230769231 37.50854317206315,55.69576439000607,283.0769230769231 37.50874252587584,55.69562478094411,283.0769230769231 37.50894187826424,55.69548517154735,283.0769230769231 37.50914122922837,55.69534556181576,283.0769230769231 37.509340578768224,55.69520595174939,283.0769230769231 37.50953992688384,55.69506634134821,283.0769230769231 37.50973927357522,55.694926730612224,283.0769230769231 37.50993861884238,55.69478711954145,283.0769230769231 37.51013796268534,55.6946475081359,283.0769230769231 37.510337305104116,55.69450789639556,283.0769230769231 37.51053664609871,55.69436828432046,283.0769230769231 37.510735985669136,55.69422867191057,283.0769230769231 37.51093532381543,55.69408905916592,283.0769230769231 37.51113466053759,55.69394944608652,283.0769230769231 37.51145009296111,55.693953270822654,283.0769230769231 37.51176552546059,55.69395709474875,283.0769230769231 37.51208095803599,55.69396091786478,283.0769230769231 37.51239639068731,55.69396474017078,283.0769230769231 37.51271182341452,55.69396856166672,283.0769230769231 37.513027256217626,55.693972382352634,283.0769230769231 37.5133426890966,55.69397620222849,283.0769230769231 37.513658122051424,55.6939800212943,283.0769230769231 37.51397355508208,55.693983839550064,283.0769230769231 37.51428898818856,55.69398765699578,283.0769230769231 37.51460442137085,55.69399147363145,283.0769230769231 37.514919854628914,55.693995289457064,283.0769230769231 37.51523528796276,55.69399910447264,283.0769230769231 37.51555072137235,55.694002918678166,283.0769230769231 37.51586615485769,55.694006732073625,283.0769230769231 37.51618158841875,55.694010544659044,283.0769230769231 37.516497022055525,55.69401435643442,283.0769230769231 37.51681245576798,55.69401816739973,283.0769230769231 37.517127889556114,55.69402197755501,283.0769230769231 37.51744332341991,55.69402578690021,283.0769230769231 37.517758757359346,55.69402959543538,283.0769230769231 37.51807419137442,55.69403340316049,283.0769230769231 37.51838962546508,55.69403721007555,283.0769230769231 37.51870505963136,55.694041016180556,283.0769230769231 37.51902049387321,55.694044821475494,283.0769230769231 37.519335928190614,55.69404862596039,283.0769230769231 37.51965136258358,55.69405242963523,283.0769230769231 37.519966797052064,55.69405623250001,283.0769230769231 37.52028223159607,55.694060034554745,283.0769230769231 37.520597666215565,55.69406383579941,283.0769230769231 37.520913100910555,55.69406763623403,283.0769230769231 37.521228535681004,55.694071435858575,283.0769230769231 37.52154397052691,55.69407523467308,283.0769230769231 37.52185940544825,55.69407903267753,283.0769230769231 37.522174840445,55.694082829871924,283.0769230769231 37.52249027551716,55.69408662625624,283.0769230769231 37.5228057106647,55.6940904218305,283.0769230769231 37.52312114588761,55.69409421659472,283.0769230769231 37.52343658118588,55.694098010548856,283.0769230769231 37.523752016559484,55.69410180369295,283.0769230769231 37.52406745200841,55.69410559602697,283.0769230769231 37.524382887532646,55.69410938755094,283.0769230769231 37.524698323132164,55.694113178264836,283.0769230769231 37.525013758806956,55.69411696816868,283.0769230769231 37.52532919455702,55.69412075726247,283.0769230769231 37.52564463038231,55.694124545546174,283.0769230769231 37.525960066282835,55.69412833301983,283.0769230769231 37.526275502258564,55.69413211968342,283.0769230769231 37.52659093830948,55.694135905536946,283.0769230769231 37.52690637443559,55.69413969058041,283.0769230769231 37.52722181063685,55.6941434748138,283.0769230769231 37.527537246913255,55.69414725823713,283.0769230769231 37.52785268326479,55.69415104085039,283.0769230769231 37.52816811969144,55.69415482265359,283.0769230769231 37.52848355619319,55.69415860364672,283.0769230769231 37.528798992770014,55.694162383829784,283.0769230769231 37.5291144294219,55.69416616320279,283.0769230769231 37.529429866148845,55.694169941765715,283.0769230769231 37.52974530295083,55.69417371951857,283.0769230769231 37.53006073982782,55.69417749646136,283.0769230769231 37.53037617677981,55.694181272594086,283.0769230769231 37.53069161380678,55.69418504791674,283.0769230769231 37.53100705090873,55.694188822429325,283.0769230769231 37.53132248808562,55.694192596131835,283.0769230769231 37.531637925337456,55.69419636902428,283.0769230769231 37.53195336266421,55.69420014110665,283.0769230769231 37.53226880006587,55.69420391237895,283.0769230769231 37.53258423754241,55.69420768284118,283.0769230769231 37.53289967509383,55.694211452493334,283.0769230769231 37.53321511272011,55.69421522133541,283.0769230769231 37.533530550421226,55.69421898936742,283.0769230769231 37.53384598819716,55.694222756589355,283.0769230769231 37.5341614260479,55.69422652300123,283.0769230769231 37.53447686397344,55.694230288603016,283.0769230769231 37.53479230197375,55.69423405339472,283.0769230769231 37.53510774004883,55.694237817376354,283.0769230769231 37.53542317819865,55.694241580547924,283.0769230769231 37.53573861642319,55.6942453429094,283.0769230769231 37.53605405472244,55.69424910446081,283.0769230769231 37.536369493096394,55.694252865202145,283.0769230769231 37.536684931545025,55.6942566251334,283.0769230769231 37.53700037006832,55.69426038425458,283.0769230769231 37.537315808666264,55.694264142565665,283.0769230769231 37.53763124733884,55.69426790006669,283.0769230769231 37.53794668608602,55.694271656757635,283.0769230769231 37.53826212490781,55.69427541263849,283.0769230769231 37.538577563804175,55.69427916770928,283.0769230769231 37.53889300277512,55.69428292196997,283.0769230769231 37.5392084418206,55.6942866754206,283.0769230769231 37.53952388094062,55.69429042806114,283.0769230769231 37.539839320135165,55.6942941798916,283.0769230769231 37.54015475940421,55.69429793091197,283.0769230769231 37.540470198747734,55.69430168112226,283.0769230769231 37.54078563816574,55.69430543052247,283.0769230769231 37.54110107765819,55.6943091791126,283.0769230769231 37.54141651722509,55.69431292689265,283.0769230769231 37.5417319568664,55.69431667386261,283.0769230769231 37.54204739658213,55.69432042002249,283.0769230769231 37.542362836372234,55.69432416537227,283.0769230769231 37.54267827623672,55.694327909911976,283.0769230769231 37.542993716175566,55.694331653641605,283.0769230769231 37.54330915618875,55.69433539656113,283.0769230769231 37.54362459627627,55.694339138670585,283.0769230769231 37.54394003643809,55.694342879969945,283.0769230769231 37.54425547667421,55.69434662045921,283.0769230769231 37.5445709169846,55.6943503601384,283.0769230769231 37.54488635736926,55.694354099007505,283.0769230769231 37.545201797828156,55.69435783706651,283.0769230769231 37.545517238361285,55.69436157431542,283.0769230769231 37.54583267896863,55.694365310754264,283.0769230769231 37.54614811965018,55.694369046383,283.0769230769231 37.54646356040589,55.69437278120165,283.0769230769231 37.546779001235784,55.69437651521021,283.0769230769231 37.547094442139816,55.694380248408685,283.0769230769231 37.54740988311799,55.69438398079707,283.0769230769231 37.54772532417028,55.69438771237535,283.0769230769231 37.54804076529667,55.694391443143545,283.0769230769231 37.54835620649715,55.694395173101654,283.0769230769231 37.54867164777169,55.69439890224966,283.0769230769231 37.54898708912028,55.69440263058757,283.0769230769231 37.54930253054291,55.694406358115394,283.0769230769231 37.54929604300457,55.69458151709347,283.0769230769231 37.54928955539468,55.694756676066014,283.0769230769231 37.54928306771325,55.69493183503301,283.0769230769231 37.549276579960264,55.69510699399449,283.0769230769231 37.549270092135735,55.69528215295044,283.0769230769231 37.54926360423965,55.69545731190086,283.0769230769231 37.549257116272024,55.695632470845744,283.0769230769231 37.54925062823285,55.695807629785094,283.0769230769231 37.54924414012211,55.695982788718915,283.0769230769231 37.549237651939826,55.69615794764721,283.0769230769231 37.54923116368599,55.69633310656996,283.0769230769231 37.54922467536059,55.69650826548719,283.0769230769231 37.549218186963635,55.696683424398884,283.0769230769231 37.54921169849513,55.69685858330505,283.0769230769231 37.54920520995506,55.697033742205676,283.0769230769231 37.54919872134343,55.69720890110078,283.0769230769231 37.549192232660246,55.69738405999035,283.0769230769231 37.5491857439055,55.69755921887438,283.0769230769231 37.54917925507918,55.69773437775287,283.0769230769231 37.5491727661813,55.69790953662586,283.0769230769231 37.54916627721185,55.6980846954933,283.0769230769231 37.54915978817085,55.69825985435522,283.0769230769231 37.54915329905827,55.6984350132116,283.0769230769231 37.549146809874124,55.69861017206244,283.0769230769231 37.54914032061841,55.69878533090775,283.0769230769231 37.54913383129112,55.69896048974753,283.0769230769231 37.549127341892266,55.69913564858179,283.0769230769231 37.54912085242184,55.69931080741051,283.0769230769231 37.549114362879834,55.6994859662337,283.0769230769231 37.54910787326625,55.699661125051364,283.0769230769231 37.549101383581096,55.69983628386348,283.0769230769231 37.54909489382437,55.70001144267008,283.0769230769231 37.54908840399605,55.700186601471145,283.0769230769231 37.54908191409616,55.700361760266674,283.0769230769231 37.549075424124695,55.70053691905668,283.0769230769231 37.549068934081646,55.700712077841146,283.0769230769231 37.548753441908964,55.700708349437164,283.0769230769231 37.548437949810356,55.70070462022289,283.0769230769231 37.548122457785844,55.700700890198355,283.0769230769231 37.54780696583544,55.7006971593635,283.0769230769231 37.54749147395916,55.7006934277184,283.0769230769231 37.54717598215702,55.700689695262994,283.0769230769231 37.54686049042905,55.700685961997316,283.0769230769231 37.54654499877524,55.70068222792135,283.0769230769231 37.546229507195626,55.70067849303509,283.0769230769231 37.54591401569021,55.70067475733858,283.0769230769231 37.54559852425903,55.70067102083177,283.0769230769231 37.54528303290207,55.70066728351469,283.0769230769231 37.54496754161938,55.70066354538732,283.0769230769231 37.544652050410946,55.70065980644968,283.0769230769231 37.5443365592768,55.700656066701754,283.0769230769231 37.54402106821696,55.700652326143555,283.0769230769231 37.54370557723144,55.700648584775074,283.0769230769231 37.54339008632026,55.700644842596326,283.0769230769231 37.54307459548342,55.70064109960729,283.0769230769231 37.54275910472095,55.70063735580797,283.0769230769231 37.54244361403286,55.700633611198384,283.0769230769231 37.54212812341917,55.700629865778524,283.0769230769231 37.541812632879896,55.70062611954839,283.0769230769231 37.541497142415054,55.70062237250797,283.0769230769231 37.541181652024655,55.70061862465728,283.0769230769231 37.54086616170872,55.70061487599632,283.0769230769231 37.540550671467265,55.70061112652509,283.0769230769231 37.540235181300304,55.70060737624358,283.0769230769231 37.53991969120786,55.70060362515179,283.0769230769231 37.53960420118993,55.70059987324974,283.0769230769231 37.53928871124655,55.70059612053742,283.0769230769231 37.53897322137773,55.70059236701481,283.0769230769231 37.538657731583484,55.70058861268195,283.0769230769231 37.53834224186383,55.7005848575388,283.0769230769231 37.53802675221879,55.70058110158539,283.0769230769231 37.53771126264836,55.70057734482171,283.0769230769231 37.53739577315258,55.70057358724776,283.0769230769231 37.537080283731456,55.700569828863536,283.0769230769231 37.53676479438499,55.70056606966905,283.0769230769231 37.53644930511323,55.70056230966429,283.0769230769231 37.536133815916166,55.70055854884927,283.0769230769231 37.53581832679382,55.70055478722398,283.0769230769231 37.535502837746215,55.70055102478842,283.0769230769231 37.535187348773356,55.700547261542596,283.0769230769231 37.53487185987527,55.70054349748649,283.0769230769231 37.53455637105196,55.70053973262013,283.0769230769231 37.53424088230346,55.700535966943505,283.0769230769231 37.53392539362977,55.700532200456614,283.0769230769231 37.53360990503092,55.70052843315946,283.0769230769231 37.53329441650691,55.700524665052036,283.0769230769231 37.53297892805777,55.70052089613436,283.0769230769231 37.53266343968351,55.70051712640642,283.0769230769231 37.53234795138415,55.7005133558682,283.0769230769231 37.532032463159695,55.70050958451973,283.0769230769231 37.53171697501018,55.700505812361,283.0769230769231 37.5314014869356,55.700502039392,283.0769230769231 37.531085998935986,55.70049826561274,283.0769230769231 37.53077051101134,55.70049449102323,283.0769230769231 37.53045502316169,55.70049071562344,283.0769230769231 37.53013953538706,55.7004869394134,283.0769230769231 37.52982404768745,55.700483162393105,283.0769230769231 37.52950856006288,55.70047938456255,283.0769230769231 37.529193072513365,55.700475605921724,283.0769230769231 37.52887758503893,55.70047182647066,283.0769230769231 37.52856209763958,55.70046804620932,283.0769230769231 37.528246610315335,55.700464265137725,283.0769230769231 37.52793112306621,55.70046048325588,283.0769230769231 37.52761563589223,55.70045670056377,283.0769230769231 37.5273001487934,55.70045291706142,283.0769230769231 37.52698466176974,55.7004491327488,283.0769230769231 37.526669174821265,55.700445347625916,283.0769230769231 37.526353687947996,55.7004415616928,283.0769230769231 37.52603820114994,55.70043777494941,283.0769230769231 37.52572271442712,55.70043398739577,283.0769230769231 37.52540722777955,55.70043019903187,283.0769230769231 37.52509174120725,55.700426409857734,283.0769230769231 37.52477625471023,55.70042261987333,283.0769230769231 37.524460768288506,55.70041882907868,283.0769230769231 37.5241452819421,55.70041503747378,283.0769230769231 37.52382979567102,55.70041124505862,283.0769230769231 37.523514309475296,55.70040745183322,283.0769230769231 37.52319882335493,55.70040365779756,283.0769230769231 37.522883337309935,55.70039986295165,283.0769230769231 37.52256785134034,55.700396067295486,283.0769230769231 37.522252365446164,55.700392270829084,283.0769230769231 37.52193687962741,55.70038847355243,283.0769230769231 37.5216213938841,55.70038467546552,283.0769230769231 37.52130590821625,55.70038087656835,283.0769230769231 37.52099042262387,55.70037707686097,283.0769230769231 37.52067493710698,55.700373276343306,283.0769230769231 37.520359451665605,55.700369475015414,283.0769230769231 37.520043966299745,55.70036567287726,283.0769230769231 37.51972848100943,55.70036186992888,283.0769230769231 37.519412995794674,55.70035806617024,283.0769230769231 37.51909751065549,55.700354261601355,283.0769230769231 37.51878202559189,55.70035045622223,283.0769230769231 37.51846654060389,55.70034665003285,283.0769230769231 37.51815105569152,55.70034284303324,283.0769230769231 37.51783557085478,55.70033903522338,283.0769230769231 37.51752008609369,55.70033522660327,283.0769230769231 37.51720460140827,55.70033141717292,283.0769230769231 37.51688911679853,55.700327606932326,283.0769230769231 37.5165736322645,55.7003237958815,283.0769230769231 37.51625814780618,55.70031998402043,283.0769230769231 37.5159426634236,55.700316171349115,283.0769230769231 37.51562717911676,55.70031235786755,283.0769230769231 37.51531169488569,55.700308543575765,283.0769230769231 37.51499621073039,55.700304728473725,283.0769230769231 37.514680726650894,55.70030091256144,283.0769230769231 37.514365242647216,55.70029709583892,283.0769230769231 37.51404975871936,55.70029327830616,283.0769230769231 37.51373427486735,55.700289459963166,283.0769230769231 37.513418791091205,55.700285640809945,283.0769230769231 37.513103307390935,55.70028182084647,283.0769230769231 37.51278782376655,55.700278000072764,283.0769230769231 37.51247234021809,55.70027417848882,283.0769230769231 37.51215685674555,55.70027035609464,283.0769230769231 37.51184137334894,55.70026653289023,283.0769230769231 37.5115258900283,55.70026270887558,283.0769230769231 37.511210406783626,55.7002588840507,283.0769230769231 37.51089492361495,55.700255058415564,283.0769230769231 37.51088877526269,55.70041674068826,283.0769230769231 37.51088262684783,55.70057842295622,283.0769230769231 37.510876478370385,55.700740105219445,283.0769230769231 37.51119196544337,55.700743930923736,283.0769230769231 37.511507452592355,55.70074775581777,283.0769230769231 37.511822939817314,55.70075157990155,283.0769230769231 37.51213842711823,55.70075540317509,283.0769230769231 37.51245391449509,55.70075922563837,283.0769230769231 37.512769401947885,55.70076304729142,283.0769230769231 37.51308488947659,55.70076686813419,283.0769230769231 37.51340037708119,55.70077068816673,283.0769230769231 37.51371586476167,55.700774507389006,283.0769230769231 37.51403135251801,55.70077832580104,283.0769230769231 37.51434684035021,55.700782143402805,283.0769230769231 37.51466232825823,55.700785960194324,283.0769230769231 37.51497781624207,55.7007897761756,283.0769230769231 37.515293304301714,55.70079359134661,283.0769230769231 37.51560879243714,55.70079740570737,283.0769230769231 37.515924280648335,55.700801219257876,283.0769230769231 37.51623976893527,55.700805031998115,283.0769230769231 37.51655525729795,55.7008088439281,283.0769230769231 37.516870745736355,55.70081265504784,283.0769230769231 37.51718623425045,55.70081646535731,283.0769230769231 37.517501722840244,55.70082027485654,283.0769230769231 37.51781721150571,55.700824083545506,283.0769230769231 37.51813270024683,55.700827891424204,283.0769230769231 37.51844818906358,55.70083169849266,283.0769230769231 37.51876367795596,55.70083550475083,283.0769230769231 37.51907916692395,55.70083931019876,283.0769230769231 37.519394655967524,55.70084311483644,283.0769230769231 37.51971014508668,55.70084691866384,283.0769230769231 37.52002563428139,55.700850721680986,283.0769230769231 37.520341123551646,55.70085452388786,283.0769230769231 37.52065661289742,55.70085832528449,283.0769230769231 37.520972102318716,55.70086212587086,283.0769230769231 37.5212875918155,55.70086592564696,283.0769230769231 37.52160308138777,55.7008697246128,283.0769230769231 37.52191857103549,55.70087352276837,283.0769230769231 37.52223406075866,55.70087732011367,283.0769230769231 37.522549550557265,55.70088111664872,283.0769230769231 37.52286504043128,55.7008849123735,283.0769230769231 37.5231805303807,55.70088870728803,283.0769230769231 37.523496020405496,55.700892501392275,283.0769230769231 37.52381151050566,55.70089629468627,283.0769230769231 37.524127000681176,55.70090008716998,283.0769230769231 37.52444249093202,55.70090387884344,283.0769230769231 37.52475798125818,55.70090766970663,283.0769230769231 37.52507347165965,55.700911459759546,283.0769230769231 37.525388962136404,55.70091524900221,283.0769230769231 37.52570445268843,55.70091903743458,283.0769230769231 37.5260199433157,55.70092282505669,283.0769230769231 37.526335434018215,55.700926611868546,283.0769230769231 37.52665092479595,55.70093039787012,283.0769230769231 37.526966415648886,55.70093418306142,283.0769230769231 37.52728190657702,55.700937967442464,283.0769230769231 37.527597397580315,55.70094175101323,283.0769230769231 37.527912888658776,55.70094553377372,283.0769230769231 37.528228379812376,55.700949315723946,283.0769230769231 37.5285438710411,55.70095309686389,283.0769230769231 37.52885936234493,55.70095687719358,283.0769230769231 37.52917485372386,55.70096065671299,283.0769230769231 37.52949034517786,55.70096443542212,283.0769230769231 37.52980583670693,55.70096821332098,283.0769230769231 37.53012132831103,55.70097199040957,283.0769230769231 37.53043681999018,55.700975766687876,283.0769230769231 37.53075231174432,55.700979542155906,283.0769230769231 37.531067803573464,55.70098331681368,283.0769230769231 37.531383295477596,55.70098709066116,283.0769230769231 37.531698787456676,55.70099086369837,283.0769230769231 37.53201427951072,55.7009946359253,283.0769230769231 37.53232977163969,55.700998407341956,283.0769230769231 37.53264526384358,55.70100217794834,283.0769230769231 37.53296075612236,55.70100594774444,283.0769230769231 37.533276248476035,55.70100971673027,283.0769230769231 37.53359174090456,55.70101348490581,283.0769230769231 37.53390723340795,55.70101725227107,283.0769230769231 37.53422272598618,55.70102101882607,283.0769230769231 37.53453821863923,55.70102478457077,283.0769230769231 37.53485371136708,55.7010285495052,283.0769230769231 37.53516920416971,55.70103231362934,283.0769230769231 37.53548469704711,55.701036076943204,283.0769230769231 37.53580018999928,55.70103983944679,283.0769230769231 37.536115683026175,55.70104360114009,283.0769230769231 37.5364311761278,55.701047362023104,283.0769230769231 37.53674666930413,55.70105112209585,283.0769230769231 37.53706216255515,55.7010548813583,283.0769230769231 37.537377655880846,55.701058639810476,283.0769230769231 37.5376931492812,55.70106239745236,283.0769230769231 37.5380086427562,55.701066154283964,283.0769230769231 37.538324136305825,55.70106991030528,283.0769230769231 37.53863962993006,55.70107366551632,283.0769230769231 37.53895512362889,55.70107741991706,283.0769230769231 37.539270617402295,55.701081173507525,283.0769230769231 37.539586111250266,55.7010849262877,283.0769230769231 37.53990160517279,55.701088678257584,283.0769230769231 37.54021709916984,55.70109242941719,283.0769230769231 37.54053259324139,55.70109617976651,283.0769230769231 37.54084808738745,55.70109992930552,283.0769230769231 37.54116358160799,55.70110367803426,283.0769230769231 37.541479075903,55.701107425952706,283.0769230769231 37.54179457027246,55.701111173060866,283.0769230769231 37.54211006471635,55.70111491935874,283.0769230769231 37.54242555923465,55.70111866484631,283.0769230769231 37.54274105382736,55.7011224095236,283.0769230769231 37.543056548494455,55.701126153390604,283.0769230769231 37.54337204323593,55.701129896447306,283.0769230769231 37.54368753805174,55.70113363869372,283.0769230769231 37.544003032941895,55.70113738012984,283.0769230769231 37.54431852790637,55.70114112075567,283.0769230769231 37.544634022945154,55.70114486057122,283.0769230769231 37.544949518058225,55.70114859957645,283.0769230769231 37.54526501324557,55.701152337771404,283.0769230769231 37.54558050850717,55.70115607515606,283.0769230769231 37.54589600384301,55.70115981173042,283.0769230769231 37.546211499253076,55.70116354749448,283.0769230769231 37.546526994737356,55.70116728244825,283.0769230769231 37.54684249029582,55.70117101659172,283.0769230769231 37.54715798592847,55.70117474992492,283.0769230769231 37.54747348163528,55.701178482447794,283.0769230769231 37.54778897741622,55.701182214160376,283.0769230769231 37.5481044732713,55.70118594506266,283.0769230769231 37.548419969200495,55.70118967515465,283.0769230769231 37.54873546520378,55.701193404436346,283.0769230769231 37.54905096128114,55.70119713290774,283.0769230769231 37.54904497022565,55.7013588179205,283.0769230769231 37.54903897910916,55.70152050292855,283.0769230769231 37.54903298793168,55.70168218793191,283.0769230769231 37.548714858783306,55.70167842831854,283.0769230769231 37.54839672971025,55.70167466788131,283.0769230769231 37.54807860071254,55.701670906620194,283.0769230769231 37.547760471790184,55.7016671445352,283.0769230769231 37.5474423429432,55.70166338162635,283.0769230769231 37.5471242141716,55.7016596178936,283.0769230769231 37.54680608547541,55.701655853337,283.0769230769231 37.54648795685464,55.70165208795653,283.0769230769231 37.54616982830932,55.701648321752174,283.0769230769231 37.545851699839446,55.701644554723956,283.0769230769231 37.54553357144504,55.701640786871856,283.0769230769231 37.545215443126125,55.70163701819589,283.0769230769231 37.54489731488271,55.70163324869606,283.0769230769231 37.54457918671483,55.701629478372354,283.0769230769231 37.544261058622475,55.70162570722479,283.0769230769231 37.54394293060568,55.701621935253335,283.0769230769231 37.54362480266445,55.70161816245803,283.0769230769231 37.54330667479881,55.701614388838856,283.0769230769231 37.542988547008775,55.70161061439581,283.0769230769231 37.54267041929435,55.70160683912889,283.0769230769231 37.542352291655575,55.701603063038114,283.0769230769231 37.54203416409244,55.70159928612346,283.0769230769231 37.54171603660499,55.70159550838496,283.0769230769231 37.541397909193215,55.701591729822574,283.0769230769231 37.54107978185715,55.701587950436334,283.0769230769231 37.5407616545968,55.701584170226226,283.0769230769231 37.54044352741218,55.70158038919225,283.0769230769231 37.54012540030331,55.70157660733441,283.0769230769231 37.53980727327022,55.70157282465272,283.0769230769231 37.53948914631291,55.701569041147145,283.0769230769231 37.53917101943139,55.70156525681772,283.0769230769231 37.5388528926257,55.70156147166444,283.0769230769231 37.53853476589584,55.701557685687284,283.0769230769231 37.53821663924184,55.70155389888628,283.0769230769231 37.537898512663695,55.7015501112614,283.0769230769231 37.53758038616144,55.70154632281267,283.0769230769231 37.53726225973508,55.70154253354008,283.0769230769231 37.53694413338464,55.70153874344363,283.0769230769231 37.53662600711013,55.70153495252332,283.0769230769231 37.53630788091157,55.70153116077915,283.0769230769231 37.53598975478897,55.70152736821112,283.0769230769231 37.53567162874237,55.701523574819234,283.0769230769231 37.535353502771756,55.7015197806035,283.0769230769231 37.53503537687716,55.70151598556388,283.0769230769231 37.534717251058595,55.70151218970042,283.0769230769231 37.53439912531608,55.701508393013114,283.0769230769231 37.53408099964963,55.70150459550194,283.0769230769231 37.533762874059256,55.70150079716692,283.0769230769231 37.53344474854499,55.70149699800804,283.0769230769231 37.533126623106824,55.70149319802531,283.0769230769231 37.5328084977448,55.701489397218715,283.0769230769231 37.53249037245892,55.70148559558828,283.0769230769231 37.53217224724921,55.701481793133986,283.0769230769231 37.53185412211567,55.70147798985584,283.0769230769231 37.53153599705833,55.70147418575383,283.0769230769231 37.5312178720772,55.70147038082797,283.0769230769231 37.530899747172306,55.70146657507827,283.0769230769231 37.53058162234366,55.70146276850472,283.0769230769231 37.53026349759127,55.7014589611073,283.0769230769231 37.52994537291516,55.70145515288604,283.0769230769231 37.52962724831534,55.701451343840944,283.0769230769231 37.52930912379184,55.70144753397199,283.0769230769231 37.52899099934467,55.70144372327918,283.0769230769231 37.52867287497384,55.70143991176253,283.0769230769231 37.52835475067938,55.701436099422025,283.0769230769231 37.52803662646129,55.70143228625767,283.0769230769231 37.52771850231959,55.70142847226948,283.0769230769231 37.527400378254306,55.70142465745744,283.0769230769231 37.52708225426545,55.701420841821545,283.0769230769231 37.52676413035304,55.701417025361806,283.0769230769231 37.52644600651709,55.70141320807822,283.0769230769231 37.52612788275761,55.70140938997079,283.0769230769231 37.525809759074626,55.70140557103952,283.0769230769231 37.525491635468164,55.70140175128441,283.0769230769231 37.52517351193821,55.70139793070545,283.0769230769231 37.5248553884848,55.70139410930265,283.0769230769231 37.52453726510796,55.701390287075995,283.0769230769231 37.52421914180769,55.70138646402551,283.0769230769231 37.52390101858402,55.70138264015119,283.0769230769231 37.52358289543695,55.701378815453,283.0769230769231 37.52326477236651,55.70137498993098,283.0769230769231 37.522946649372706,55.70137116358513,283.0769230769231 37.52262852645556,55.70136733641543,283.0769230769231 37.522310403615094,55.7013635084219,283.0769230769231 37.521992280851315,55.70135967960452,283.0769230769231 37.521674158164245,55.701355849963306,283.0769230769231 37.5213560355539,55.70135201949825,283.0769230769231 37.521037913020294,55.70134818820936,283.0769230769231 37.52071979056344,55.70134435609663,283.0769230769231 37.52040166818337,55.701340523160056,283.0769230769231 37.52008354588008,55.70133668939965,283.0769230769231 37.5197654236536,55.701332854815405,283.0769230769231 37.519447301503945,55.70132901940733,283.0769230769231 37.51912917943113,55.70132518317542,283.0769230769231 37.51881105743517,55.70132134611966,283.0769230769231 37.51849293551608,55.701317508240095,283.0769230769231 37.51817481367387,55.70131366953667,283.0769230769231 37.51785669190858,55.701309830009414,283.0769230769231 37.517538570220204,55.70130598965832,283.0769230769231 37.517220448608775,55.701302148483414,283.0769230769231 37.51690232707429,55.70129830648465,283.0769230769231 37.51658420561678,55.70129446366207,283.0769230769231 37.51626608423626,55.701290620015655,283.0769230769231 37.515947962932735,55.701286775545405,283.0769230769231 37.51562984170624,55.701282930251324,283.0769230769231 37.51531172055678,55.70127908413342,283.0769230769231 37.51499359948437,55.70127523719167,283.0769230769231 37.51467547848903,55.7012713894261,283.0769230769231 37.51435735757079,55.7012675408367,283.0769230769231 37.51403923672964,55.70126369142347,283.0769230769231 37.51372111596561,55.70125984118641,283.0769230769231 37.51340299527872,55.70125599012554,283.0769230769231 37.51308487466898,55.701252138240825,283.0769230769231 37.51276675413641,55.70124828553228,283.0769230769231 37.51244863368102,55.70124443199992,283.0769230769231 37.512130513302836,55.70124057764372,283.0769230769231 37.51181239300187,55.701236722463705,283.0769230769231 37.51149427277814,55.70123286645985,283.0769230769231 37.511176152631656,55.701229009632186,283.0769230769231 37.510858032562446,55.701225151980694,283.0769230769231 37.510565526978795,55.70116768527131,283.0769230769231 37.510273022264535,55.70111021786947,283.0769230769231 37.50998051841969,55.701052749775144,283.0769230769231 37.509688015444254,55.70099528098838,283.0769230769231 37.50939551333824,55.70093781150917,283.0769230769231 37.50910301210166,55.700880341337495,283.0769230769231 37.50881051173452,55.700822870473395,283.0769230769231 37.50851801223682,55.70076539891684,283.0769230769231 37.50822551360858,55.70070792666786,283.0769230769231 37.5079330158498,55.70065045372644,283.0769230769231 37.50764051896049,55.70059298009261,283.0769230769231 37.50734802294066,55.700535505766354,283.0769230769231 37.50705552779032,55.700478030747675,283.0769230769231 37.50676303350947,55.70042055503659,283.0769230769231 37.50647054009813,55.7003630786331,283.0769230769231 37.50617804755629,55.700305601537195,283.0769230769231 37.50588555588397,55.70024812374891,283.0769230769231 37.505593065081186,55.70019064526822,283.0769230769231 37.505300575147935,55.700133166095135,283.0769230769231 37.50500808608422,55.70007568622968,283.0769230769231 37.50471559789006,55.700018205671846,283.0769230769231 37.50442311056546,55.69996072442163,283.0769230769231 37.504130624110424,55.699903242479046,283.0769230769231 37.503838138524976,55.69984575984409,283.0769230769231 37.5035456538091,55.69978827651677,283.0769230769231 37.50325316996282,55.6997307924971,283.0769230769231 37.502960686986135,55.699673307785076,283.0769230769231 37.502960686986135,55.699673307785076,160.0</coordinates></LineString></Placemark><Placemark><name>U01_S5</name><LineString><altitudeMode>absolute</altitudeMode><coordinates>37.502960686986135,55.699673307785076,160.0 37.502960686986135,55.699673307785076,283.0769230769231 37.503242062006855,55.69974606252563,283.0769230769231 37.503523438082176,55.69981881662647,283.0769230769231 37.503804815212085,55.69989157008762,283.0769230769231 37.50408619339659,55.69996432290908,283.0769230769231 37.50436757263567,55.700037075090826,283.0769230769231 37.504648952929344,55.70010982663285,283.0769230769231 37.504930334277596,55.70018257753516,283.0769230769231 37.50521171668042,55.70025532779776,283.0769230769231 37.50549310013781,55.7003280774206,283.0769230769231 37.50577448464977,55.70040082640373,283.0769230769231 37.50605587021629,55.70047357474712,283.0769230769231 37.50633725683737,55.70054632245076,283.0769230769231 37.506618644513004,55.70061906951464,283.0769230769231 37.50690003324318,55.700691815938775,283.0769230769231 37.50718142302791,55.700764561723155,283.0769230769231 37.50746281386718,55.70083730686775,283.0769230769231 37.50774420576098,55.70091005137258,283.0769230769231 37.508025598709324,55.70098279523765,283.0769230769231 37.508306992712185,55.701055538462924,283.0769230769231 37.50858838776958,55.7011282810484,283.0769230769231 37.50886978388149,55.7012010229941,283.0769230769231 37.50915118104792,55.701273764300005,283.0769230769231 37.50943257926886,55.70134650496608,283.0769230769231 37.509713978544305,55.701419244992366,283.0769230769231 37.50999537887426,55.70149198437884,283.0769230769231 37.510276780258714,55.70156472312549,283.0769230769231 37.51055818269766,55.701637461232316,283.0769230769231 37.510839586191096,55.701710198699324,283.0769230769231 37.511157710197395,55.701714056420556,283.0769230769231 37.511475834280965,55.70171791331795,283.0769230769231 37.511793958441785,55.70172176939152,283.0769230769231 37.51211208267984,55.701725624641234,283.0769230769231 37.51243020699512,55.70172947906712,283.0769230769231 37.51274833138761,55.70173333266916,283.0769230769231 37.513066455857285,55.70173718544736,283.0769230769231 37.51338458040413,55.7017410374017,283.0769230769231 37.51370270502813,55.701744888532204,283.0769230769231 37.514020829729276,55.70174873883887,283.0769230769231 37.51433895450754,55.70175258832171,283.0769230769231 37.514657079362905,55.70175643698068,283.0769230769231 37.51497520429537,55.701760284815826,283.0769230769231 37.5152933293049,55.70176413182711,283.0769230769231 37.51561145439149,55.701767978014566,283.0769230769231 37.51592957955512,55.70177182337816,283.0769230769231 37.516247704795774,55.701775667917914,283.0769230769231 37.516565830113436,55.70177951163383,283.0769230769231 37.516883955508085,55.70178335452589,283.0769230769231 37.517202080979715,55.701787196594104,283.0769230769231 37.517520206528296,55.70179103783847,283.0769230769231 37.51783833215382,55.70179487825899,283.0769230769231 37.51815645785627,55.70179871785566,283.0769230769231 37.51847458363563,55.701802556628486,283.0769230769231 37.51879270949188,55.70180639457745,283.0769230769231 37.519110835425,55.70181023170258,283.0769230769231 37.51942896143499,55.701814068003856,283.0769230769231 37.519747087521814,55.70181790348128,283.0769230769231 37.52006521368547,55.70182173813484,283.0769230769231 37.52038333992593,55.70182557196456,283.0769230769231 37.52070146624319,55.701829404970425,283.0769230769231 37.521019592637224,55.70183323715244,283.0769230769231 37.52133771910801,55.7018370685106,283.0769230769231 37.52165584565555,55.70184089904491,283.0769230769231 37.52197397227981,55.70184472875537,283.0769230769231 37.522292098980785,55.701848557641966,283.0769230769231 37.522610225758456,55.70185238570471,283.0769230769231 37.5229283526128,55.7018562129436,283.0769230769231 37.523246479543815,55.70186003935864,283.0769230769231 37.52356460655146,55.70186386494982,283.0769230769231 37.52388273363574,55.70186768971714,283.0769230769231 37.52420086079663,55.701871513660606,283.0769230769231 37.52451898803412,55.70187533678021,283.0769230769231 37.52483711534819,55.701879159075965,283.0769230769231 37.52515524273882,55.701882980547865,283.0769230769231 37.52547337020599,55.701886801195904,283.0769230769231 37.525791497749694,55.70189062102008,283.0769230769231 37.52610962536991,55.70189444002039,283.0769230769231 37.52642775306663,55.70189825819685,283.0769230769231 37.52674588083981,55.70190207554945,283.0769230769231 37.52706400868947,55.70190589207819,283.0769230769231 37.52738213661558,55.70190970778306,283.0769230769231 37.52770026461811,55.70191352266408,283.0769230769231 37.52801839269706,55.70191733672123,283.0769230769231 37.528336520852406,55.701921149954515,283.0769230769231 37.52865464908413,55.70192496236395,283.0769230769231 37.52897277739223,55.70192877394952,283.0769230769231 37.52929090577666,55.70193258471122,283.0769230769231 37.52960903423744,55.70193639464905,283.0769230769231 37.52992716277452,55.70194020376302,283.0769230769231 37.53024529138791,55.70194401205314,283.0769230769231 37.53056342007757,55.70194781951938,283.0769230769231 37.5308815488435,55.70195162616175,283.0769230769231 37.531199677685684,55.70195543198027,283.0769230769231 37.53151780660411,55.70195923697491,283.0769230769231 37.531835935598735,55.7019630411457,283.0769230769231 37.53215406466957,55.70196684449261,283.0769230769231 37.53247219381658,55.70197064701565,283.0769230769231 37.53279032303976,55.70197444871483,283.0769230769231 37.5331084523391,55.70197824959013,283.0769230769231 37.533426581714565,55.70198204964157,283.0769230769231 37.53374471116614,55.70198584886914,283.0769230769231 37.53406284069383,55.701989647272846,283.0769230769231 37.5343809702976,55.70199344485266,283.0769230769231 37.53469909997744,55.701997241608616,283.0769230769231 37.53501722973332,55.70200103754071,283.0769230769231 37.535335359565245,55.702004832648925,283.0769230769231 37.535653489473184,55.702008626933264,283.0769230769231 37.53597161945713,55.702012420393736,283.0769230769231 37.53628974951706,55.70201621303033,283.0769230769231 37.53660787965296,55.70202000484306,283.0769230769231 37.53692600986481,55.702023795831906,283.0769230769231 37.537244140152595,55.70202758599689,283.0769230769231 37.537562270516304,55.70203137533799,283.0769230769231 37.53788040095591,55.702035163855214,283.0769230769231 37.53819853147141,55.70203895154856,283.0769230769231 37.538516662062776,55.70204273841805,283.0769230769231 37.53883479273,55.70204652446364,283.0769230769231 37.53915292347306,55.70205030968537,283.0769230769231 37.53947105429194,55.70205409408321,283.0769230769231 37.53978918518662,55.70205787765718,283.0769230769231 37.54010731615709,55.70206166040727,283.0769230769231 37.54042544720333,55.70206544233348,283.0769230769231 37.54074357832533,55.702069223435814,283.0769230769231 37.54106170952306,55.70207300371426,283.0769230769231 37.54137984079652,55.70207678316884,283.0769230769231 37.541697972145684,55.702080561799534,283.0769230769231 37.54201610357054,55.70208433960635,283.0769230769231 37.54233423507106,55.70208811658928,283.0769230769231 37.54265236664724,55.70209189274833,283.0769230769231 37.54297049829906,55.70209566808351,283.0769230769231 37.54328863002651,55.702099442594786,283.0769230769231 37.54360676182956,55.7021032162822,283.0769230769231 37.543924893708194,55.70210698914572,283.0769230769231 37.54424302566241,55.70211076118537,283.0769230769231 37.54456115769218,55.70211453240112,283.0769230769231 37.54487928979749,55.70211830279299,283.0769230769231 37.54519742197833,55.70212207236097,283.0769230769231 37.54551555423467,55.70212584110507,283.0769230769231 37.5458336865665,55.7021296090253,283.0769230769231 37.54615181897381,55.70213337612162,283.0769230769231 37.54646995145658,55.70213714239406,283.0769230769231 37.546788084014786,55.70214090784261,283.0769230769231 37.547106216648416,55.7021446724673,283.0769230769231 37.54742434935746,55.702148436268075,283.0769230769231 37.54774248214189,55.70215219924496,283.0769230769231 37.54806061500171,55.70215596139797,283.0769230769231 37.54837874793687,55.70215972272709,283.0769230769231 37.54869688094739,55.70216348323231,283.0769230769231 37.54901501403324,55.70216724291366,283.0769230769231 37.54900902261175,55.702328927898144,283.0769230769231 37.54900303112926,55.70249061287792,283.0769230769231 37.54899703958578,55.70265229785298,283.0769230769231 37.54867890256235,55.70264853810367,283.0769230769231 37.548360765614255,55.70264477753045,283.0769230769231 37.54804262874151,55.70264101613333,283.0769230769231 37.54772449194413,55.7026372539123,283.0769230769231 37.54740635522212,55.70263349086737,283.0769230769231 37.54708821857551,55.70262972699854,283.0769230769231 37.546770082004315,55.70262596230581,283.0769230769231 37.546451945508544,55.70262219678918,283.0769230769231 37.54613380908822,55.70261843044863,283.0769230769231 37.54581567274335,55.70261466328419,283.0769230769231 37.54549753647397,55.70261089529585,283.0769230769231 37.54517940028008,55.70260712648361,283.0769230769231 37.544861264161696,55.70260335684747,283.0769230769231 37.54454312811884,55.702599586387436,283.0769230769231 37.544224992151534,55.702595815103486,283.0769230769231 37.54390685625978,55.702592042995654,283.0769230769231 37.54358872044361,55.70258827006391,283.0769230769231 37.54327058470303,55.70258449630828,283.0769230769231 37.54295244903806,55.70258072172875,283.0769230769231 37.54263431344872,55.70257694632533,283.0769230769231 37.54231617793502,55.70257317009799,283.0769230769231 37.54199804249698,55.70256939304678,283.0769230769231 37.54167990713461,55.702565615171665,283.0769230769231 37.54136177184794,55.702561836472654,283.0769230769231 37.54104363663698,55.702558056949734,283.0769230769231 37.54072550150174,55.70255427660294,283.0769230769231 37.54040736644223,55.70255049543224,283.0769230769231 37.540089231458495,55.70254671343765,283.0769230769231 37.53977109655053,55.702542930619174,283.0769230769231 37.539452961718354,55.7025391469768,283.0769230769231 37.53913482696199,55.702535362510524,283.0769230769231 37.53881669228144,55.70253157722037,283.0769230769231 37.53849855767674,55.70252779110632,283.0769230769231 37.53818042314789,55.702524004168374,283.0769230769231 37.537862288694924,55.70252021640654,283.0769230769231 37.537544154317835,55.70251642782081,283.0769230769231 37.53722602001666,55.7025126384112,283.0769230769231 37.53690788579141,55.7025088481777,283.0769230769231 37.5365897516421,55.702505057120305,283.0769230769231 37.53627161756874,55.70250126523902,283.0769230769231 37.535953483571355,55.702497472533864,283.0769230769231 37.53563534964995,55.7024936790048,283.0769230769231 37.53531721580456,55.702489884651854,283.0769230769231 37.53499908203519,55.70248608947503,283.0769230769231 37.53468094834186,55.70248229347431,283.0769230769231 37.53436281472458,55.70247849664971,283.0769230769231 37.534044681183374,55.702474699001215,283.0769230769231 37.53372654771825,55.702470900528844,283.0769230769231 37.53340841432924,55.702467101232585,283.0769230769231 37.53309028101635,55.702463301112445,283.0769230769231 37.53277214777959,55.702459500168416,283.0769230769231 37.532454014618985,55.702455698400506,283.0769230769231 37.53213588153455,55.70245189580873,283.0769230769231 37.53181774852631,55.702448092393055,283.0769230769231 37.531499615594264,55.70244428815348,283.0769230769231 37.53118148273844,55.702440483090044,283.0769230769231 37.53086334995885,55.702436677202726,283.0769230769231 37.530545217255515,55.70243287049153,283.0769230769231 37.53022708462845,55.70242906295644,283.0769230769231 37.52990895207766,55.70242525459748,283.0769230769231 37.529590819603186,55.70242144541463,283.0769230769231 37.52927268720502,55.70241763540791,283.0769230769231 37.5289545548832,55.702413824577306,283.0769230769231 37.528636422637724,55.702410012922826,283.0769230769231 37.52831829046862,55.702406200444486,283.0769230769231 37.52800015837589,55.70240238714225,283.0769230769231 37.52768202635957,55.70239857301613,283.0769230769231 37.527363894419665,55.70239475806615,283.0769230769231 37.5270457625562,55.70239094229228,283.0769230769231 37.52672763076917,55.70238712569455,283.0769230769231 37.52640949905862,55.70238330827293,283.0769230769231 37.52609136742455,55.70237949002744,283.0769230769231 37.52577323586697,55.70237567095807,283.0769230769231 37.52545510438593,55.70237185106483,283.0769230769231 37.5251369729814,55.702368030347714,283.0769230769231 37.52481884165342,55.70236420880674,283.0769230769231 37.524500710402016,55.70236038644188,283.0769230769231 37.524182579227194,55.70235656325314,283.0769230769231 37.52386444812897,55.702352739240546,283.0769230769231 37.52354631710735,55.70234891440407,283.0769230769231 37.52322818616237,55.70234508874372,283.0769230769231 37.52291005529404,55.70234126225951,283.0769230769231 37.522591924502365,55.70233743495142,283.0769230769231 37.52227379378738,55.702333606819465,283.0769230769231 37.521955663149086,55.70232977786363,283.0769230769231 37.52163753258751,55.70232594808394,283.0769230769231 37.52131940210267,55.70232211748038,283.0769230769231 37.521001271694566,55.70231828605294,283.0769230769231 37.52068314136323,55.70231445380164,283.0769230769231 37.52036501110868,55.70231062072648,283.0769230769231 37.52004688093092,55.70230678682744,283.0769230769231 37.51972875082997,55.702302952104546,283.0769230769231 37.51941062080585,55.70229911655777,283.0769230769231 37.519092490858576,55.702295280187144,283.0769230769231 37.51877436098817,55.70229144299265,283.0769230769231 37.518456231194634,55.70228760497429,283.0769230769231 37.518138101478,55.70228376613206,283.0769230769231 37.51781997183828,55.70227992646598,283.0769230769231 37.51750184227548,55.702276085976024,283.0769230769231 37.517183712789624,55.702272244662204,283.0769230769231 37.51686558338074,55.702268402524524,283.0769230769231 37.51654745404882,55.702264559562984,283.0769230769231 37.516229324793905,55.70226071577758,283.0769230769231 37.515911195616,55.70225687116832,283.0769230769231 37.515593066515116,55.7022530257352,283.0769230769231 37.51527493749128,55.702249179478216,283.0769230769231 37.5149568085445,55.70224533239737,283.0769230769231 37.514638679674796,55.70224148449266,283.0769230769231 37.51432055088219,55.7022376357641,283.0769230769231 37.51400242216669,55.70223378621168,283.0769230769231 37.513684293528314,55.7022299358354,283.0769230769231 37.51336616496708,55.70222608463525,283.0769230769231 37.513048036483006,55.70222223261126,283.0769230769231 37.51272990807611,55.70221837976341,283.0769230769231 37.51241177974641,55.7022145260917,283.0769230769231 37.512093651493906,55.702210671596134,283.0769230769231 37.51177552331863,55.70220681627671,283.0769230769231 37.5114573952206,55.702202960133434,283.0769230769231 37.51113926719983,55.70219910316631,283.0769230769231 37.51082113925633,55.70219524537532,283.0769230769231 37.510814990152866,55.70235692759119,283.0769230769231 37.5108088409868,55.702518609802304,283.0769230769231 37.510802691758116,55.7026802920087,283.0769230769231 37.51112082363893,55.70268414986944,283.0769230769231 37.511438955597036,55.70268800690631,283.0769230769231 37.511757087632404,55.70269186311929,283.0769230769231 37.51207521974501,55.70269571850842,283.0769230769231 37.51239335193484,55.70269957307368,283.0769230769231 37.51271148420189,55.702703426815056,283.0769230769231 37.51302961654612,55.702707279732564,283.0769230769231 37.51334774896755,55.702711131826206,283.0769230769231 37.513665881466125,55.70271498309597,283.0769230769231 37.51398401404185,55.70271883354187,283.0769230769231 37.51430214669471,55.7027226831639,283.0769230769231 37.51462027942468,55.702726531962035,283.0769230769231 37.51493841223174,55.70273037993632,283.0769230769231 37.51525654511589,55.702734227086715,283.0769230769231 37.515574678077094,55.702738073413244,283.0769230769231 37.51589281111534,55.7027419189159,283.0769230769231 37.516210944230636,55.70274576359466,283.0769230769231 37.51652907742293,55.702749607449555,283.0769230769231 37.51684721069223,55.70275345048058,283.0769230769231 37.5171653440385,55.70275729268773,283.0769230769231 37.517483477461745,55.702761134071,283.0769230769231 37.51780161096193,55.70276497463038,283.0769230769231 37.51811974453905,55.702768814365896,283.0769230769231 37.51843787819308,55.70277265327753,283.0769230769231 37.51875601192401,55.70277649136528,283.0769230769231 37.51907414573183,55.702780328629146,283.0769230769231 37.519392279616504,55.70278416506915,283.0769230769231 37.51971041357804,55.70278800068525,283.0769230769231 37.52002854761639,55.70279183547749,283.0769230769231 37.520346681731574,55.702795669445834,283.0769230769231 37.52066481592355,55.7027995025903,283.0769230769231 37.52098295019231,55.70280333491088,283.0769230769231 37.52130108453784,55.702807166407595,283.0769230769231 37.52161921896011,55.70281099708041,283.0769230769231 37.52193735345912,55.702814826929355,283.0769230769231 37.52225548803485,55.70281865595441,283.0769230769231 37.522573622687275,55.702822484155575,283.0769230769231 37.52289175741639,55.70282631153286,283.0769230769231 37.52320989222217,55.702830138086256,283.0769230769231 37.5235280271046,55.70283396381578,283.0769230769231 37.52384616206366,55.702837788721396,283.0769230769231 37.52416429709935,55.70284161280314,283.0769230769231 37.524482432211634,55.70284543606099,283.0769230769231 37.524800567400504,55.702849258494965,283.0769230769231 37.52511870266594,55.70285308010504,283.0769230769231 37.52543683800793,55.702856900891234,283.0769230769231 37.52575497342646,55.70286072085354,283.0769230769231 37.5260731089215,55.70286453999196,283.0769230769231 37.526391244493055,55.70286835830647,283.0769230769231 37.526709380141085,55.702872175797104,283.0769230769231 37.5270275158656,55.70287599246385,283.0769230769231 37.52734565166656,55.7028798083067,283.0769230769231 37.52766378754395,55.70288362332566,283.0769230769231 37.52798192349777,55.70288743752074,283.0769230769231 37.528300059527986,55.70289125089192,283.0769230769231 37.52861819563459,55.7028950634392,283.0769230769231 37.528936331817576,55.702898875162596,283.0769230769231 37.52925446807691,55.702902686062096,283.0769230769231 37.52957260441257,55.7029064961377,283.0769230769231 37.52989074082457,55.702910305389416,283.0769230769231 37.53020887731287,55.70291411381723,283.0769230769231 37.53052701387745,55.702917921421154,283.0769230769231 37.53084515051832,55.70292172820118,283.0769230769231 37.53116328723543,55.702925534157316,283.0769230769231 37.53148142402878,55.702929339289554,283.0769230769231 37.53179956089836,55.70293314359789,283.0769230769231 37.53211769784414,55.70293694708233,283.0769230769231 37.532435834866114,55.70294074974288,283.0769230769231 37.532753971964254,55.70294455157952,283.0769230769231 37.53307210913856,55.70294835259228,283.0769230769231 37.533390246389,55.702952152781116,283.0769230769231 37.53370838371556,55.70295595214606,283.0769230769231 37.53402652111824,55.702959750687114,283.0769230769231 37.534344658597,55.70296354840426,283.0769230769231 37.53466279615184,55.702967345297516,283.0769230769231 37.534980933782734,55.70297114136686,283.0769230769231 37.535299071489675,55.702974936612314,283.0769230769231 37.53561720927264,55.70297873103386,283.0769230769231 37.53593534713161,55.7029825246315,283.0769230769231 37.536253485066574,55.70298631740524,283.0769230769231 37.536571623077506,55.70299010935508,283.0769230769231 37.5368897611644,55.70299390048102,283.0769230769231 37.53720789932725,55.70299769078304,283.0769230769231 37.53752603756602,55.70300148026117,283.0769230769231 37.53784417588069,55.7030052689154,283.0769230769231 37.53816231427126,55.703009056745714,283.0769230769231 37.5384804527377,55.70301284375212,283.0769230769231 37.53879859128001,55.70301662993462,283.0769230769231 37.539116729898154,55.703020415293224,283.0769230769231 37.53943486859214,55.703024199827915,283.0769230769231 37.53975300736192,55.7030279835387,283.0769230769231 37.5400711462075,55.703031766425575,283.0769230769231 37.54038928512886,55.70303554848854,283.0769230769231 37.540707424125976,55.70303932972761,283.0769230769231 37.54102556319884,55.70304311014275,283.0769230769231 37.54134370234743,55.703046889734,283.0769230769231 37.541661841571745,55.703050668501334,283.0769230769231 37.541979980871744,55.70305444644476,283.0769230769231 37.542298120247416,55.70305822356426,283.0769230769231 37.54261625969876,55.70306199985987,283.0769230769231 37.54293439922575,55.70306577533155,283.0769230769231 37.54325253882836,55.703069549979325,283.0769230769231 37.54357067850659,55.703073323803196,283.0769230769231 37.54388881826041,55.70307709680314,283.0769230769231 37.54420695808982,55.703080868979185,283.0769230769231 37.544525097994786,55.70308464033131,283.0769230769231 37.54484323797531,55.70308841085952,283.0769230769231 37.54516137803135,55.703092180563814,283.0769230769231 37.545479518162914,55.7030959494442,283.0769230769231 37.54579765836997,55.70309971750067,283.0769230769231 37.54611579865251,55.70310348473321,283.0769230769231 37.54643393901051,55.70310725114185,283.0769230769231 37.54675207944396,55.70311101672656,283.0769230769231 37.54707021995284,55.70311478148737,283.0769230769231 37.54738836053715,55.70311854542425,283.0769230769231 37.54770650119684,55.70312230853721,283.0769230769231 37.548024641931924,55.703126070826265,283.0769230769231 37.54834278274237,55.703129832291395,283.0769230769231 37.548660923628155,55.703133592932595,283.0769230769231 37.54897906458929,55.7031373527499,283.0769230769231 37.54897307280177,55.703299037706095,283.0769230769231 37.54896708095326,55.703460722657596,283.0769230769231 37.548961089043736,55.703622407604385,283.0769230769231 37.54864294414479,55.70361864771912,283.0769230769231 37.54832479932118,55.70361488700991,283.0769230769231 37.548006654572916,55.70361112547678,283.0769230769231 37.54768850990002,55.70360736311971,283.0769230769231 37.54737036530251,55.7036035999387,283.0769230769231 37.54705222078041,55.703599835933765,283.0769230769231 37.54673407633372,55.703596071104904,283.0769230769231 37.546415931962464,55.7035923054521,283.0769230769231 37.54609778766667,55.70358853897535,283.0769230769231 37.54577964344633,55.7035847716747,283.0769230769231 37.54546149930148,55.703581003550106,283.0769230769231 37.54514335523213,55.70357723460158,283.0769230769231 37.544825211238305,55.703573464829134,283.0769230769231 37.544507067320005,55.70356969423275,283.0769230769231 37.54418892347725,55.70356592281243,283.0769230769231 37.543870779710076,55.703562150568196,283.0769230769231 37.543552636018475,55.70355837750002,283.0769230769231 37.543234492402476,55.70355460360792,283.0769230769231 37.54291634886209,55.703550828891906,283.0769230769231 37.54259820539735,55.70354705335195,283.0769230769231 37.54228006200824,55.70354327698808,283.0769230769231 37.5419619186948,55.70353949980028,283.0769230769231 37.54164377545705,55.70353572178855,283.0769230769231 37.541325632295,55.70353194295289,283.0769230769231 37.54100748920866,55.70352816329331,283.0769230769231 37.54068934619805,55.7035243828098,283.0769230769231 37.540371203263184,55.70352060150239,283.0769230769231 37.54005306040409,55.70351681937104,283.0769230769231 37.53973491762077,55.703513036415764,283.0769230769231 37.539416774913256,55.70350925263657,283.0769230769231 37.53909863228155,55.703505468033455,283.0769230769231 37.538780489725674,55.703501682606415,283.0769230769231 37.53846234724565,55.70349789635545,283.0769230769231 37.53814420484148,55.70349410928057,283.0769230769231 37.5378260625132,55.70349032138177,283.0769230769231 37.53750792026081,55.70348653265904,283.0769230769231 37.53718977808434,55.70348274311241,283.0769230769231 37.53687163598379,55.70347895274185,283.0769230769231 37.53655349395919,55.703475161547374,283.0769230769231 37.53623535201054,55.70347136952897,283.0769230769231 37.53591721013789,55.70346757668666,283.0769230769231 37.53559906834122,55.70346378302042,283.0769230769231 37.535280926620565,55.70345998853027,283.0769230769231 37.53496278497594,55.70345619321621,283.0769230769231 37.53464464340736,55.70345239707823,283.0769230769231 37.53432650191484,55.703448600116324,283.0769230769231 37.534008360498404,55.703444802330516,283.0769230769231 37.53369021915805,55.703441003720776,283.0769230769231 37.533372077893816,55.70343720428715,283.0769230769231 37.533053936705706,55.70343340402958,283.0769230769231 37.53273579559374,55.70342960294812,283.0769230769231 37.53241765455793,55.70342580104273,283.0769230769231 37.532099513598304,55.70342199831343,283.0769230769231 37.53178137271486,55.70341819476023,283.0769230769231 37.53146323190764,55.7034143903831,283.0769230769231 37.531145091176626,55.70341058518208,283.0769230769231 37.53082695052187,55.70340677915713,283.0769230769231 37.53050880994337,55.703402972308275,283.0769230769231 37.53019066944114,55.70339916463551,283.0769230769231 37.52987252901521,55.70339535613883,283.0769230769231 37.52955438866558,55.703391546818246,283.0769230769231 37.52923624839228,55.70338773667375,283.0769230769231 37.52891810819532,55.70338392570535,283.0769230769231 37.528599968074715,55.70338011391304,283.0769230769231 37.52828182803049,55.703376301296835,283.0769230769231 37.52796368806265,55.7033724878567,283.0769230769231 37.52764554817122,55.703368673592664,283.0769230769231 37.527327408356214,55.70336485850473,283.0769230769231 37.52700926861765,55.70336104259288,283.0769230769231 37.52669112895554,55.70335722585713,283.0769230769231 37.526372989369904,55.703353408297474,283.0769230769231 37.52605484986075,55.70334958991392,283.0769230769231 37.52573671042811,55.703345770706456,283.0769230769231 37.525418571071995,55.70334195067509,283.0769230769231 37.52510043179242,55.70333812981982,283.0769230769231 37.524782292589386,55.70333430814063,283.0769230769231 37.52446415346294,55.70333048563756,283.0769230769231 37.52414601441307,55.70332666231058,283.0769230769231 37.523827875439814,55.70332283815971,283.0769230769231 37.523509736543176,55.70331901318493,283.0769230769231 37.52319159772318,55.70331518738625,283.0769230769231 37.52287345897984,55.70331136076366,283.0769230769231 37.52255532031315,55.70330753331717,283.0769230769231 37.52223718172317,55.70330370504679,283.0769230769231 37.521919043209884,55.70329987595251,283.0769230769231 37.52160090477332,55.703296046034325,283.0769230769231 37.5212827664135,55.703292215292244,283.0769230769231 37.52096462813042,55.70328838372627,283.0769230769231 37.520646489924125,55.703284551336395,283.0769230769231 37.5203283517946,55.70328071812262,283.0769230769231 37.52001021374189,55.70327688408496,283.0769230769231 37.519692075765995,55.70327304922339,283.0769230769231 37.51937393786694,55.703269213537936,283.0769230769231 37.519055800044725,55.70326537702858,283.0769230769231 37.51873766229939,55.703261539695326,283.0769230769231 37.518419524630936,55.70325770153818,283.0769230769231 37.51810138703938,55.70325386255714,283.0769230769231 37.51778324952475,55.70325002275221,283.0769230769231 37.51746511208705,55.70324618212338,283.0769230769231 37.5171469747263,55.703242340670656,283.0769230769231 37.51682883744252,55.70323849839405,283.0769230769231 37.51651070023572,55.70323465529355,283.0769230769231 37.516192563105925,55.703230811369146,283.0769230769231 37.515874426053145,55.70322696662087,283.0769230769231 37.5155562890774,55.70322312104868,283.0769230769231 37.5152381521787,55.703219274652625,283.0769230769231 37.51492001535708,55.703215427432674,283.0769230769231 37.514601878612524,55.70321157938882,283.0769230769231 37.51428374194508,55.70320773052108,283.0769230769231 37.51396560535475,55.70320388082947,283.0769230769231 37.51364746884155,55.70320003031395,283.0769230769231 37.5133293324055,55.70319617897456,283.0769230769231 37.51301119604661,55.70319232681127,283.0769230769231 37.512693059764906,55.70318847382409,283.0769230769231 37.5123749235604,55.70318462001304,283.0769230769231 37.51205678743311,55.7031807653781,283.0769230769231 37.51173865138305,55.70317690991927,283.0769230769231 37.511420515410244,55.703173053636554,283.0769230769231 37.51110237951469,55.70316919652995,283.0769230769231 37.51078424369643,55.70316533859947,283.0769230769231 37.51053973637674,55.70305622009186,283.0769230769231 37.51029523042309,55.70294710110318,283.0769230769231 37.51005072583547,55.70283798163348,283.0769230769231 37.50980622261386,55.702728861682736,283.0769230769231 37.50956172075827,55.70261974125096,283.0769230769231 37.50931722026869,55.70251062033817,283.0769230769231 37.50907272114511,55.70240149894433,283.0769230769231 37.50882822338752,55.70229237706952,283.0769230769231 37.508583726995916,55.70218325471368,283.0769230769231 37.5083392319703,55.70207413187683,283.0769230769231 37.508094738310646,55.701965008559,283.0769230769231 37.507850246016964,55.70185588476017,283.0769230769231 37.507605755089244,55.701746760480354,283.0769230769231 37.50736126552747,55.70163763571958,283.0769230769231 37.50711677733166,55.701528510477814,283.0769230769231 37.506872290501775,55.701419384755106,283.0769230769231 37.50662780503783,55.701310258551416,283.0769230769231 37.50638332093981,55.701201131866775,283.0769230769231 37.50613883820771,55.70109200470119,283.0769230769231 37.50589435684152,55.70098287705466,283.0769230769231 37.50564987684125,55.700873748927215,283.0769230769231 37.50540539820687,55.700764620318814,283.0769230769231 37.50516092093839,55.70065549122948,283.0769230769231 37.50491644503579,55.70054636165927,283.0769230769231 37.50467197049907,55.70043723160813,283.0769230769231 37.50442749732823,55.70032810107607,283.0769230769231 37.50418302552325,55.70021897006312,283.0769230769231 37.50393855508413,55.70010983856927,283.0769230769231 37.503694086010874,55.70000070659454,283.0769230769231 37.50344961830345,55.69989157413893,283.0769230769231 37.50320515196188,55.699782441202444,283.0769230769231 37.502960686986135,55.699673307785076,283.0769230769231 37.502960686986135,55.699673307785076,160.0</coordinates></LineString></Placemark><Placemark><name>U01_S6</name><LineString><altitudeMode>absolute</altitudeMode><coordinates>37.502960686986135,55.699673307785076,160.0 37.502960686986135,55.699673307785076,283.0769230769231 37.503190226335924,55.69979028763713,283.0769230769231 37.50341976705851,55.6999072670657,283.0769230769231 37.5036493091539,55.70002424607079,283.0769230769231 37.5038788526221,55.70014122465237,283.0769230769231 37.50410839746312,55.70025820281046,283.0769230769231 37.50433794367698,55.700375180545045,283.0769230769231 37.50456749126367,55.70049215785611,283.0769230769231 37.504797040223224,55.700609134743665,283.0769230769231 37.50502659055562,55.700726111207715,283.0769230769231 37.5052561422609,55.700843087248224,283.0769230769231 37.50548569533905,55.7009600628652,283.0769230769231 37.505715249790086,55.70107703805862,283.0769230769231 37.505944805614014,55.70119401282852,283.0769230769231 37.50617436281084,55.701310987174864,283.0769230769231 37.50640392138059,55.70142796109766,283.0769230769231 37.506633481323256,55.70154493459689,283.0769230769231 37.506863042638855,55.701661907672545,283.0769230769231 37.507092605327394,55.701778880324625,283.0769230769231 37.50732216938888,55.701895852553136,283.0769230769231 37.50755173482332,55.70201282435808,283.0769230769231 37.50778130163074,55.7021297957394,283.0769230769231 37.50801086981113,55.70224676669716,283.0769230769231 37.508240439364506,55.70236373723129,283.0769230769231 37.50847001029087,55.70248070734183,283.0769230769231 37.508699582590246,55.70259767702874,283.0769230769231 37.508929156262624,55.702714646292044,283.0769230769231 37.509158731308034,55.70283161513174,283.0769230769231 37.50938830772647,55.702948583547794,283.0769230769231 37.50961788551795,55.70306555154022,283.0769230769231 37.50984746468247,55.703182519108985,283.0769230769231 37.51007704522005,55.703299486254124,283.0769230769231 37.51030662713071,55.70341645297561,283.0769230769231 37.51053621041442,55.70353341927343,283.0769230769231 37.51076579507124,55.703650385147604,283.0769230769231 37.51108393482707,55.703654243147845,283.0769230769231 37.51140207466018,55.70365810032418,283.0769230769231 37.511720214570566,55.703661956676605,283.0769230769231 37.5120383545582,55.703665812205145,283.0769230769231 37.51235649462307,55.70366966690978,283.0769230769231 37.512674634765155,55.703673520790524,283.0769230769231 37.51299277498444,55.703677373847356,283.0769230769231 37.51331091528092,55.703681226080285,283.0769230769231 37.513629055654555,55.70368507748932,283.0769230769231 37.51394719610535,55.70368892807444,283.0769230769231 37.51426533663327,55.70369277783568,283.0769230769231 37.514583477238325,55.70369662677299,283.0769230769231 37.51490161792047,55.70370047488641,283.0769230769231 37.515219758679706,55.70370432217592,283.0769230769231 37.51553789951601,55.70370816864154,283.0769230769231 37.51585604042938,55.70371201428325,283.0769230769231 37.516174181419764,55.703715859101045,283.0769230769231 37.51649232248718,55.70371970309493,283.0769230769231 37.5168104636316,55.70372354626492,283.0769230769231 37.51712860485301,55.703727388611,283.0769230769231 37.517446746151386,55.70373123013317,283.0769230769231 37.51776488752672,55.70373507083145,283.0769230769231 37.518083028978985,55.703738910705795,283.0769230769231 37.51840117050818,55.70374274975625,283.0769230769231 37.51871931211427,55.703746587982785,283.0769230769231 37.51903745379726,55.70375042538542,283.0769230769231 37.51935559555711,55.70375426196414,283.0769230769231 37.51967373739382,55.70375809771895,283.0769230769231 37.51999187930737,55.70376193264985,283.0769230769231 37.520310021297746,55.703765766756845,283.0769230769231 37.52062816336492,55.70376960003991,283.0769230769231 37.520946305508886,55.703773432499084,283.0769230769231 37.52126444772963,55.70377726413433,283.0769230769231 37.52158259002712,55.703781094945676,283.0769230769231 37.521900732401356,55.7037849249331,283.0769230769231 37.52221887485232,55.70378875409661,283.0769230769231 37.52253701737999,55.70379258243621,283.0769230769231 37.522855159984346,55.7037964099519,283.0769230769231 37.52317330266538,55.703800236643666,283.0769230769231 37.52349144542306,55.70380406251152,283.0769230769231 37.5238095882574,55.70380788755546,283.0769230769231 37.524127731168356,55.70381171177548,283.0769230769231 37.524445874155916,55.70381553517159,283.0769230769231 37.52476401722007,55.70381935774378,283.0769230769231 37.5250821603608,55.70382317949205,283.0769230769231 37.52540030357809,55.703827000416396,283.0769230769231 37.52571844687192,55.703830820516835,283.0769230769231 37.52603659024228,55.703834639793364,283.0769230769231 37.526354733689146,55.703838458245954,283.0769230769231 37.5266728772125,55.70384227587463,283.0769230769231 37.52699102081233,55.70384609267938,283.0769230769231 37.52730916448863,55.703849908660224,283.0769230769231 37.527627308241364,55.70385372381713,283.0769230769231 37.527945452070526,55.70385753815014,283.0769230769231 37.52826359597611,55.7038613516592,283.0769230769231 37.52858173995808,55.70386516434436,283.0769230769231 37.528899884016425,55.703868976205584,283.0769230769231 37.52921802815113,55.703872787242894,283.0769230769231 37.52953617236218,55.70387659745628,283.0769230769231 37.52985431664956,55.703880406845734,283.0769230769231 37.53017246101325,55.70388421541127,283.0769230769231 37.53049060545324,55.70388802315287,283.0769230769231 37.5308087499695,55.703891830070546,283.0769230769231 37.53112689456203,55.70389563616431,283.0769230769231 37.5314450392308,55.703899441434146,283.0769230769231 37.5317631839758,55.703903245880056,283.0769230769231 37.53208132879702,55.70390704950203,283.0769230769231 37.532399473694426,55.70391085230008,283.0769230769231 37.532717618668016,55.7039146542742,283.0769230769231 37.53303576371777,55.7039184554244,283.0769230769231 37.533353908843665,55.70392225575067,283.0769230769231 37.5336720540457,55.703926055253,283.0769230769231 37.533990199323846,55.70392985393141,283.0769230769231 37.534308344678074,55.7039336517859,283.0769230769231 37.5346264901084,55.70393744881645,283.0769230769231 37.534944635614785,55.70394124502306,283.0769230769231 37.53526278119722,55.70394504040575,283.0769230769231 37.53558092685569,55.70394883496451,283.0769230769231 37.53589907259016,55.703952628699334,283.0769230769231 37.53621721840064,55.703956421610215,283.0769230769231 37.5365353642871,55.70396021369717,283.0769230769231 37.53685351024952,55.7039640049602,283.0769230769231 37.537171656287896,55.70396779539929,283.0769230769231 37.5374898024022,55.70397158501444,283.0769230769231 37.53780794859242,55.703975373805676,283.0769230769231 37.53812609485854,55.70397916177296,283.0769230769231 37.53844424120055,55.70398294891632,283.0769230769231 37.53876238761842,55.70398673523574,283.0769230769231 37.53908053411214,55.70399052073121,283.0769230769231 37.53939868068169,55.70399430540276,283.0769230769231 37.53971682732706,55.70399808925037,283.0769230769231 37.54003497404824,55.70400187227404,283.0769230769231 37.54035312084519,55.704005654473775,283.0769230769231 37.54067126771791,55.70400943584956,283.0769230769231 37.540989414666385,55.70401321640141,283.0769230769231 37.541307561690594,55.704016996129326,283.0769230769231 37.54162570879052,55.70402077503331,283.0769230769231 37.541943855966146,55.70402455311334,283.0769230769231 37.54226200321746,55.70402833036943,283.0769230769231 37.54258015054444,55.70403210680159,283.0769230769231 37.54289829794708,55.70403588240981,283.0769230769231 37.543216445425344,55.70403965719407,283.0769230769231 37.543534592979235,55.7040434311544,283.0769230769231 37.54385274060873,55.704047204290795,283.0769230769231 37.54417088831381,55.704050976603234,283.0769230769231 37.544489036094454,55.704054748091735,283.0769230769231 37.54480718395065,55.7040585187563,283.0769230769231 37.545125331882396,55.704062288596916,283.0769230769231 37.54544347988965,55.70406605761358,283.0769230769231 37.54576162797241,55.70406982580629,283.0769230769231 37.54607977613066,55.704073593175075,283.0769230769231 37.54639792436438,55.70407735971991,283.0769230769231 37.54671607267356,55.704081125440794,283.0769230769231 37.54703422105817,55.70408489033774,283.0769230769231 37.5473523695182,55.704088654410725,283.0769230769231 37.54767051805364,55.70409241765977,283.0769230769231 37.547988666664466,55.704096180084875,283.0769230769231 37.54830681535067,55.70409994168602,283.0769230769231 37.54862496411222,55.70410370246322,283.0769230769231 37.54894311294912,55.70410746241647,283.0769230769231 37.54893712079555,55.70426914734439,283.0769230769231 37.54893112858098,55.70443083226762,283.0769230769231 37.54892513630539,55.704592517186114,283.0769230769231 37.54860698353043,55.70458875716489,283.0769230769231 37.54828883083082,55.704584996319696,283.0769230769231 37.54797067820656,55.704581234650526,283.0769230769231 37.54765252565768,55.70457747215741,283.0769230769231 37.54733437318419,55.70457370884032,283.0769230769231 37.54701622078611,55.70456994469927,283.0769230769231 37.54669806846345,55.704566179734265,283.0769230769231 37.54637991621624,55.70456241394529,283.0769230769231 37.546061764044474,55.70455864733236,283.0769230769231 37.54574361194819,55.70455487989547,283.0769230769231 37.5454254599274,55.70455111163461,283.0769230769231 37.545107307982114,55.70454734254979,283.0769230769231 37.544789156112344,55.70454357264102,283.0769230769231 37.544471004318126,55.70453980190828,283.0769230769231 37.54415285259945,55.70453603035159,283.0769230769231 37.54383470095636,55.704532257970946,283.0769230769231 37.543516549388855,55.70452848476634,283.0769230769231 37.54319839789696,55.70452471073778,283.0769230769231 37.54288024648068,55.70452093588525,283.0769230769231 37.54256209514004,55.704517160208766,283.0769230769231 37.54224394387506,55.70451338370834,283.0769230769231 37.541925792685745,55.70450960638395,283.0769230769231 37.54160764157213,55.7045058282356,283.0769230769231 37.541289490534204,55.7045020492633,283.0769230769231 37.54097133957201,55.70449826946704,283.0769230769231 37.54065318868555,55.70449448884684,283.0769230769231 37.54033503787485,55.70449070740268,283.0769230769231 37.54001688713991,55.70448692513456,283.0769230769231 37.53969873648077,55.704483142042484,283.0769230769231 37.539380585897426,55.70447935812646,283.0769230769231 37.5390624353899,55.70447557338649,283.0769230769231 37.53874428495822,55.70447178782257,283.0769230769231 37.53842613460238,55.70446800143469,283.0769230769231 37.53810798432242,55.704464214222874,283.0769230769231 37.53778983411834,55.70446042618709,283.0769230769231 37.53747168399017,55.70445663732737,283.0769230769231 37.53715353393792,55.70445284764369,283.0769230769231 37.53683538396159,55.70444905713607,283.0769230769231 37.53651723406122,55.704445265804495,283.0769230769231 37.53619908423683,55.70444147364897,283.0769230769231 37.53588093448841,55.70443768066951,283.0769230769231 37.535562784815994,55.70443388686609,283.0769230769231 37.535244635219605,55.70443009223872,283.0769230769231 37.534926485699245,55.70442629678741,283.0769230769231 37.53460833625493,55.704422500512166,283.0769230769231 37.534290186886686,55.70441870341296,283.0769230769231 37.53397203759453,55.70441490548981,283.0769230769231 37.533653888378474,55.70441110674272,283.0769230769231 37.53333573923853,55.704407307171685,283.0769230769231 37.53301759017472,55.70440350677671,283.0769230769231 37.53269944118706,55.70439970555778,283.0769230769231 37.53238129227557,55.704395903514914,283.0769230769231 37.53206314344026,55.70439210064811,283.0769230769231 37.531744994681155,55.70438829695736,283.0769230769231 37.53142684599826,55.70438449244267,283.0769230769231 37.531108697391595,55.704380687104035,283.0769230769231 37.530790548861184,55.70437688094146,283.0769230769231 37.530472400407035,55.704373073954955,283.0769230769231 37.53015425202917,55.70436926614449,283.0769230769231 37.529836103727604,55.7043654575101,283.0769230769231 37.52951795550235,55.70436164805177,283.0769230769231 37.52919980735343,55.70435783776949,283.0769230769231 37.528881659280856,55.70435402666329,283.0769230769231 37.52856351128464,55.70435021473314,283.0769230769231 37.52824536336481,55.70434640197905,283.0769230769231 37.52792721552138,55.70434258840103,283.0769230769231 37.52760906775436,55.70433877399906,283.0769230769231 37.52729092006377,55.704334958773174,283.0769230769231 37.52697277244963,55.70433114272335,283.0769230769231 37.52665462491195,55.70432732584958,283.0769230769231 37.52633647745075,55.70432350815187,283.0769230769231 37.526018330066044,55.704319689630246,283.0769230769231 37.52570018275785,55.70431587028466,283.0769230769231 37.525382035526185,55.70431205011516,283.0769230769231 37.52506388837107,55.704308229121736,283.0769230769231 37.52474574129252,55.70430440730436,283.0769230769231 37.52442759429054,55.70430058466306,283.0769230769231 37.524109447365156,55.70429676119781,283.0769230769231 37.523791300516386,55.70429293690866,283.0769230769231 37.52347315374424,55.70428911179556,283.0769230769231 37.52315500704875,55.70428528585853,283.0769230769231 37.522836860429905,55.704281459097565,283.0769230769231 37.52251871388774,55.70427763151269,283.0769230769231 37.522200567422274,55.70427380310387,283.0769230769231 37.521882421033524,55.70426997387112,283.0769230769231 37.521564274721484,55.70426614381445,283.0769230769231 37.5212461284862,55.70426231293384,283.0769230769231 37.52092798232767,55.70425848122931,283.0769230769231 37.520609836245924,55.704254648700854,283.0769230769231 37.52029169024097,55.70425081534847,283.0769230769231 37.51997354431281,55.70424698117216,283.0769230769231 37.51965539846149,55.70424314617193,283.0769230769231 37.51933725268701,55.70423931034776,283.0769230769231 37.51901910698939,55.704235473699676,283.0769230769231 37.51870096136864,55.70423163622767,283.0769230769231 37.518382815824786,55.70422779793173,283.0769230769231 37.51806467035784,55.70422395881187,283.0769230769231 37.517746524967805,55.70422011886808,283.0769230769231 37.517428379654724,55.70421627810038,283.0769230769231 37.5171102344186,55.704212436508755,283.0769230769231 37.51679208925945,55.70420859409321,283.0769230769231 37.516473944177285,55.704204750853734,283.0769230769231 37.51615579917213,55.70420090679034,283.0769230769231 37.515837654244,55.704197061903024,283.0769230769231 37.51551950939291,55.704193216191776,283.0769230769231 37.515201364618875,55.70418936965664,283.0769230769231 37.51488321992191,55.704185522297564,283.0769230769231 37.514565075302045,55.704181674114565,283.0769230769231 37.51424693075928,55.70417782510766,283.0769230769231 37.51392878629363,55.70417397527682,283.0769230769231 37.513610641905125,55.70417012462208,283.0769230769231 37.513292497593774,55.704166273143414,283.0769230769231 37.512974353359596,55.704162420840824,283.0769230769231 37.5126562092026,55.70415856771433,283.0769230769231 37.51233806512281,55.70415471376392,283.0769230769231 37.51201992112025,55.70415085898959,283.0769230769231 37.51170177719492,55.704147003391334,283.0769230769231 37.511383633346846,55.70414314696918,283.0769230769231 37.51106548957605,55.7041392897231,283.0769230769231 37.510747345882535,55.704135431653114,283.0769230769231 37.51074119602774,55.704297113812146,283.0769230769231 37.51073504611032,55.70445879596644,283.0769230769231 37.51072889613029,55.704620478116006,283.0769230769231 37.5110470437616,55.70462433625575,283.0769230769231 37.51136519147022,55.70462819357157,283.0769230769231 37.5116833392561,55.70463205006346,283.0769230769231 37.51200148711924,55.704635905731415,283.0769230769231 37.51231963505962,55.70463976057543,283.0769230769231 37.512637783077224,55.704643614595525,283.0769230769231 37.512955931172044,55.704647467791695,283.0769230769231 37.51327407934405,55.704651320163926,283.0769230769231 37.51359222759323,55.70465517171223,283.0769230769231 37.51391037591957,55.7046590224366,283.0769230769231 37.51422852432305,55.70466287233703,283.0769230769231 37.51454667280366,55.70466672141354,283.0769230769231 37.51486482136137,55.704670569666106,283.0769230769231 37.51518296999618,55.70467441709474,283.0769230769231 37.515501118708066,55.70467826369945,283.0769230769231 37.51581926749701,55.7046821094802,283.0769230769231 37.516137416362994,55.704685954437046,283.0769230769231 37.51645556530601,55.704689798569945,283.0769230769231 37.516773714326035,55.7046936418789,283.0769230769231 37.517091863423055,55.704697484363926,283.0769230769231 37.51741001259705,55.70470132602501,283.0769230769231 37.517728161848,55.70470516686216,283.0769230769231 37.5180463111759,55.70470900687537,283.0769230769231 37.51836446058073,55.704712846064645,283.0769230769231 37.51868261006246,55.704716684429975,283.0769230769231 37.5190007596211,55.70472052197137,283.0769230769231 37.51931890925661,55.70472435868883,283.0769230769231 37.51963705896898,55.70472819458234,283.0769230769231 37.5199552087582,55.704732029651915,283.0769230769231 37.52027335862425,55.70473586389755,283.0769230769231 37.52059150856711,55.70473969731925,283.0769230769231 37.52090965858677,55.70474352991698,283.0769230769231 37.5212278086832,55.7047473616908,283.0769230769231 37.52154595885639,55.70475119264067,283.0769230769231 37.521864109106346,55.7047550227666,283.0769230769231 37.522182259433016,55.70475885206857,283.0769230769231 37.522500409836404,55.704762680546615,283.0769230769231 37.52281856031649,55.7047665082007,283.0769230769231 37.52313671087325,55.704770335030844,283.0769230769231 37.52345486150668,55.70477416103705,283.0769230769231 37.52377301221676,55.704777986219305,283.0769230769231 37.52409116300347,55.70478181057762,283.0769230769231 37.52440931386679,55.704785634111985,283.0769230769231 37.52472746480671,55.704789456822404,283.0769230769231 37.52504561582321,55.70479327870888,283.0769230769231 37.52536376691628,55.70479709977138,283.0769230769231 37.52568191808589,55.704800920009966,283.0769230769231 37.526000069332035,55.70480473942459,283.0769230769231 37.5263182206547,55.704808558015266,283.0769230769231 37.526636372053865,55.704812375782,283.0769230769231 37.52695452352951,55.70481619272477,283.0769230769231 37.52727267508162,55.704820008843605,283.0769230769231 37.52759082671018,55.70482382413847,283.0769230769231 37.52790897841518,55.70482763860941,283.0769230769231 37.52822713019658,55.70483145225638,283.0769230769231 37.528545282054395,55.7048352650794,283.0769230769231 37.52886343398859,55.70483907707847,283.0769230769231 37.529181585999154,55.70484288825358,283.0769230769231 37.52949973808606,55.70484669860475,283.0769230769231 37.52981789024931,55.70485050813196,283.0769230769231 37.53013604248888,55.70485431683522,283.0769230769231 37.53045419480475,55.70485812471452,283.0769230769231 37.530772347196894,55.70486193176987,283.0769230769231 37.53109049966532,55.70486573800126,283.0769230769231 37.53140865220998,55.70486954340869,283.0769230769231 37.531726804830896,55.70487334799218,283.0769230769231 37.53204495752802,55.704877151751695,283.0769230769231 37.53236311030134,55.704880954687255,283.0769230769231 37.53268126315086,55.70488475679887,283.0769230769231 37.53299941607654,55.70488855808651,283.0769230769231 37.53331756907838,55.70489235855022,283.0769230769231 37.533635722156355,55.70489615818994,283.0769230769231 37.53395387531045,55.704899957005715,283.0769230769231 37.53427202854065,55.70490375499753,283.0769230769231 37.53459018184693,55.70490755216539,283.0769230769231 37.53490833522928,55.70491134850928,283.0769230769231 37.53522648868769,55.704915144029215,283.0769230769231 37.535544642222135,55.704918938725186,283.0769230769231 37.53586279583261,55.7049227325972,283.0769230769231 37.53618094951908,55.70492652564524,283.0769230769231 37.53649910328154,55.70493031786933,283.0769230769231 37.53681725711997,55.70493410926945,283.0769230769231 37.53713541103436,55.7049378998456,283.0769230769231 37.537453565024684,55.70494168959781,283.0769230769231 37.53777171909093,55.704945478526035,283.0769230769231 37.53808987323309,55.70494926663031,283.0769230769231 37.538408027451126,55.704953053910614,283.0769230769231 37.53872618174504,55.70495684036695,283.0769230769231 37.53904433611481,55.704960625999306,283.0769230769231 37.53936249056043,55.70496441080771,283.0769230769231 37.539680645081866,55.70496819479216,283.0769230769231 37.539998799679104,55.704971977952624,283.0769230769231 37.540316954352136,55.70497576028912,283.0769230769231 37.54063510910094,55.704979541801656,283.0769230769231 37.54095326392551,55.70498332249022,283.0769230769231 37.541271418825815,55.70498710235481,283.0769230769231 37.54158957380184,55.70499088139544,283.0769230769231 37.54190772885358,55.704994659612105,283.0769230769231 37.54222588398101,55.70499843700479,283.0769230769231 37.54254403918411,55.7050022135735,283.0769230769231 37.54286219446287,55.70500598931825,283.0769230769231 37.54318034981728,55.70500976423903,283.0769230769231 37.54349850524731,55.70501353833582,283.0769230769231 37.543816660752945,55.70501731160866,283.0769230769231 37.54413481633418,55.70502108405751,283.0769230769231 37.544452971990985,55.7050248556824,283.0769230769231 37.54477112772335,55.705028626483305,283.0769230769231 37.54508928353126,55.70503239646024,283.0769230769231 37.545407439414696,55.70503616561321,283.0769230769231 37.545725595373646,55.705039933942196,283.0769230769231 37.546043751408085,55.70504370144721,283.0769230769231 37.546361907518005,55.70504746812824,283.0769230769231 37.546680063703384,55.7050512339853,283.0769230769231 37.5469982199642,55.70505499901839,283.0769230769231 37.54731637630045,55.705058763227484,283.0769230769231 37.54763453271212,55.70506252661262,283.0769230769231 37.54795268919917,55.70506628917378,283.0769230769231 37.5482708457616,55.70507005091095,283.0769230769231 37.5485890023994,55.70507381182414,283.0769230769231 37.548907159112545,55.705077571913364,283.0769230769231 37.5489011665929,55.70523925681301,283.0769230769231 37.54889517401223,55.70540094170796,283.0769230769231 37.54888918137055,55.70556262659819,283.0769230769231 37.5485710207191,55.70555886644098,283.0769230769231 37.548252860143,55.70555510545979,283.0769230769231 37.54793469964227,55.7055513436546,283.0769230769231 37.547616539216925,55.705547581025414,283.0769230769231 37.54729837886697,55.70554381757224,283.0769230769231 37.54698021859243,55.705540053295074,283.0769230769231 37.54666205839332,55.70553628819391,283.0769230769231 37.54634389826966,55.70553252226876,283.0769230769231 37.546025738221466,55.70552875551962,283.0769230769231 37.545707578248745,55.70552498794649,283.0769230769231 37.545389418351526,55.70552121954937,283.0769230769231 37.54507125852982,55.70551745032825,283.0769230769231 37.544753098783644,55.70551368028316,283.0769230769231 37.54443493911302,55.70550990941406,283.0769230769231 37.54411677951795,55.70550613772099,283.0769230769231 37.54379861999846,55.70550236520393,283.0769230769231 37.54348046055457,55.70549859186287,283.0769230769231 37.54316230118629,55.705494817697826,283.0769230769231 37.54284414189364,55.7054910427088,283.0769230769231 37.54252598267663,55.70548726689578,283.0769230769231 37.542207823535286,55.70548349025879,283.0769230769231 37.54188966446962,55.7054797127978,283.0769230769231 37.54157150547965,55.70547593451284,283.0769230769231 37.541253346565384,55.705472155403875,283.0769230769231 37.54093518772685,55.70546837547094,283.0769230769231 37.540617028964064,55.70546459471401,283.0769230769231 37.540298870277034,55.70546081313311,283.0769230769231 37.539980711665784,55.70545703072822,283.0769230769231 37.53966255313033,55.70545324749934,283.0769230769231 37.53934439467068,55.705449463446485,283.0769230769231 37.53902623628686,55.70544567856965,283.0769230769231 37.53870807797888,55.70544189286884,283.0769230769231 37.538389919746756,55.70543810634405,283.0769230769231 37.538071761590516,55.705434318995266,283.0769230769231 37.53775360351017,55.7054305308225,283.0769230769231 37.53743544550572,55.70542674182577,283.0769230769231 37.53711728757721,55.70542295200506,283.0769230769231 37.536799129724635,55.70541916136036,283.0769230769231 37.53648097194802,55.70541536989168,283.0769230769231 37.536162814247376,55.70541157759904,283.0769230769231 37.53584465662273,55.705407784482404,283.0769230769231 37.53552649907409,55.70540399054179,283.0769230769231 37.53520834160147,55.70540019577721,283.0769230769231 37.53489018420489,55.705396400188654,283.0769230769231 37.53457202688437,55.70539260377612,283.0769230769231 37.534253869639926,55.70538880653961,283.0769230769231 37.53393571247157,55.705385008479126,283.0769230769231 37.53361755537932,55.70538120959466,283.0769230769231 37.53329939836319,55.70537740988623,283.0769230769231 37.53298124142321,55.70537360935383,283.0769230769231 37.53266308455938,55.70536980799744,283.0769230769231 37.532344927771724,55.70536600581709,283.0769230769231 37.53202677106026,55.705362202812765,283.0769230769231 37.53170861442499,55.70535839898447,283.0769230769231 37.53139045786595,55.7053545943322,283.0769230769231 37.53107230138315,55.70535078885597,283.0769230769231 37.530754144976605,55.70534698255575,283.0769230769231 37.53043598864633,55.705343175431565,283.0769230769231 37.53011783239235,55.705339367483425,283.0769230769231 37.529799676214665,55.705335558711305,283.0769230769231 37.52948152011331,55.70533174911521,283.0769230769231 37.52916336408828,55.705327938695156,283.0769230769231 37.52884520813961,55.70532412745113,283.0769230769231 37.52852705226731,55.705320315383126,283.0769230769231 37.5282088964714,55.70531650249118,283.0769230769231 37.527890740751886,55.70531268877525,283.0769230769231 37.5275725851088,55.70530887423535,283.0769230769231 37.52725442954215,55.7053050588715,283.0769230769231 37.52693627405195,55.70530124268367,283.0769230769231 37.52661811863822,55.70529742567187,283.0769230769231 37.52629996330097,55.705293607836126,283.0769230769231 37.525981808040235,55.705289789176405,283.0769230769231 37.52566365285601,55.70528596969272,283.0769230769231 37.52534549774832,55.70528214938508,283.0769230769231 37.52502734271718,55.70527832825347,283.0769230769231 37.52470918776262,55.7052745062979,283.0769230769231 37.52439103288464,55.70527068351836,283.0769230769231 37.52407287808325,55.705266859914865,283.0769230769231 37.52375472335849,55.70526303548741,283.0769230769231 37.52343656871036,55.70525921023598,283.0769230769231 37.52311841413888,55.70525538416061,283.0769230769231 37.52280025964407,55.70525155726126,283.0769230769231 37.52248210522594,55.70524772953797,283.0769230769231 37.52216395088451,55.705243900990716,283.0769230769231 37.5218457966198,55.7052400716195,283.0769230769231 37.52152764243183,55.70523624142433,283.0769230769231 37.52120948832059,55.705232410405195,283.0769230769231 37.52089133428614,55.7052285785621,283.0769230769231 37.52057318032845,55.70522474589505,283.0769230769231 37.52025502644758,55.70522091240405,283.0769230769231 37.51993687264351,55.7052170780891,283.0769230769231 37.51961871891628,55.70521324295019,283.0769230769231 37.51930056526589,55.70520940698731,283.0769230769231 37.51898241169238,55.705205570200484,283.0769230769231 37.518664258195734,55.7052017325897,283.0769230769231 37.51834610477599,55.70519789415496,283.0769230769231 37.51802795143317,55.70519405489628,283.0769230769231 37.517709798167274,55.70519021481365,283.0769230769231 37.517391644978325,55.705186373907054,283.0769230769231 37.51707349186634,55.7051825321765,283.0769230769231 37.51675533883134,55.70517868962201,283.0769230769231 37.51643718587333,55.70517484624355,283.0769230769231 37.516119032992336,55.705171002041155,283.0769230769231 37.51580088018838,55.70516715701481,283.0769230769231 37.51548272746146,55.705163311164505,283.0769230769231 37.51516457481161,55.70515946449026,283.0769230769231 37.514846422238826,55.705155616992066,283.0769230769231 37.51452826974315,55.705151768669914,283.0769230769231 37.51421011732458,55.70514791952382,283.0769230769231 37.513891964983145,55.70514406955376,283.0769230769231 37.51357381271885,55.70514021875978,283.0769230769231 37.51325566053172,55.70513636714183,283.0769230769231 37.512937508421764,55.705132514699955,283.0769230769231 37.51261935638901,55.70512866143412,283.0769230769231 37.51230120443346,55.70512480734434,283.0769230769231 37.51198305255514,55.70512095243062,283.0769230769231 37.51166490075407,55.705117096692945,283.0769230769231 37.51134674903025,55.70511324013133,283.0769230769231 37.511028597383714,55.70510938274578,283.0769230769231 37.510710445814475,55.70510552453629,283.0769230769231 37.5105117072458,55.70496624294393,283.0769230769231 37.51031297008803,55.70482696103485,283.0769230769231 37.51011423434117,55.704687678809044,283.0769230769231 37.50991550000518,55.70454839626654,283.0769230769231 37.50971676708005,55.704409113407294,283.0769230769231 37.50951803556578,55.70426983023136,283.0769230769231 37.50931930546234,55.70413054673872,283.0769230769231 37.509120576769725,55.70399126292938,283.0769230769231 37.50892184948792,55.703851978803335,283.0769230769231 37.508723123616896,55.70371269436062,283.0769230769231 37.50852439915666,55.703573409601226,283.0769230769231 37.508325676107184,55.70343412452513,283.0769230769231 37.50812695446845,55.70329483913238,283.0769230769231 37.50792823424045,55.70315555342296,283.0769230769231 37.507729515423186,55.703016267396876,283.0769230769231 37.50753079801661,55.70287698105414,283.0769230769231 37.507332082020724,55.70273769439474,283.0769230769231 37.507133367435515,55.7025984074187,283.0769230769231 37.506934654260974,55.702459120126015,283.0769230769231 37.506735942497066,55.70231983251669,283.0769230769231 37.50653723214379,55.70218054459073,283.0769230769231 37.506338523201144,55.702041256348146,283.0769230769231 37.50613981566909,55.70190196778894,283.0769230769231 37.50594110954762,55.70176267891313,283.0769230769231 37.50574240483673,55.70162338972068,283.0769230769231 37.505543701536396,55.70148410021164,283.0769230769231 37.5053449996466,55.70134481038599,283.0769230769231 37.505146299167336,55.70120552024375,283.0769230769231 37.50494760009859,55.701066229784914,283.0769230769231 37.50474890244033,55.70092693900949,283.0769230769231 37.50455020619257,55.70078764791748,283.0769230769231 37.504351511355274,55.7006483565089,283.0769230769231 37.504152817928436,55.70050906478375,283.0769230769231 37.50395412591203,55.700369772742036,283.0769230769231 37.50375543530606,55.70023048038374,283.0769230769231 37.5035567461105,55.7000911877089,283.0769230769231 37.50335805832533,55.69995189471751,283.0769230769231 37.50315937195055,55.699812601409576,283.0769230769231 37.502960686986135,55.699673307785076,283.0769230769231 37.502960686986135,55.699673307785076,160.0</coordinates></LineString></Placemark><Placemark><name>U01_S7</name><LineString><altitudeMode>absolute</altitudeMode><coordinates>37.502960686986135,55.699673307785076,160.0 37.502960686986135,55.699673307785076,283.0769230769231 37.50314922775924,55.699817636975474,283.0769230769231 37.503337769917806,55.69996196588096,283.0769230769231 37.50352631346186,55.70010629450154,283.0769230769231 37.503714858391426,55.70025062283718,283.0769230769231 37.5039034047065,55.70039495088791,283.0769230769231 37.50409195240711,55.70053927865369,283.0769230769231 37.50428050149326,55.70068360613455,283.0769230769231 37.50446905196498,55.700827933330466,283.0769230769231 37.50465760382229,55.70097226024145,283.0769230769231 37.50484615706518,55.701116586867464,283.0769230769231 37.50503471169369,55.70126091320853,283.0769230769231 37.50522326770783,55.70140523926464,283.0769230769231 37.5054118251076,55.7015495650358,283.0769230769231 37.50560038389303,55.70169389052197,283.0769230769231 37.50578894406414,55.701838215723185,283.0769230769231 37.50597750562093,55.701982540639406,283.0769230769231 37.50616606856343,55.70212686527065,283.0769230769231 37.50635463289165,55.70227118961693,283.0769230769231 37.506543198605605,55.7024155136782,283.0769230769231 37.50673176570531,55.70255983745447,283.0769230769231 37.506920334190774,55.70270416094576,283.0769230769231 37.50710890406203,55.70284848415202,283.0769230769231 37.507297475319085,55.70299280707327,283.0769230769231 37.50748604796194,55.70313712970953,283.0769230769231 37.50767462199064,55.70328145206074,283.0769230769231 37.50786319740517,55.703425774126956,283.0769230769231 37.50805177420556,55.70357009590813,283.0769230769231 37.50824035239184,55.70371441740426,283.0769230769231 37.508428931964,55.70385873861537,283.0769230769231 37.508617512922065,55.704003059541435,283.0769230769231 37.50880609526605,55.70414738018244,283.0769230769231 37.508994678995975,55.7042917005384,283.0769230769231 37.509183264111854,55.7044360206093,283.0769230769231 37.509371850613704,55.704580340395154,283.0769230769231 37.50956043850154,55.70472465989592,283.0769230769231 37.50974902777537,55.70486897911163,283.0769230769231 37.50993761843522,55.70501329804225,283.0769230769231 37.51012621048109,55.7051576166878,283.0769230769231 37.51031480391301,55.70530193504828,283.0769230769231 37.510503398731004,55.705446253123654,283.0769230769231 37.510691994935065,55.70559057091392,283.0769230769231 37.51101015044235,55.705594429193184,283.0769230769231 37.51132830602694,55.70559828664848,283.0769230769231 37.511646461688805,55.705602143279826,283.0769230769231 37.511964617427935,55.7056059990872,283.0769230769231 37.512282773244316,55.70560985407063,283.0769230769231 37.512600929137925,55.70561370823009,283.0769230769231 37.51291908510875,55.70561756156559,283.0769230769231 37.513237241156766,55.705621414077136,283.0769230769231 37.51355539728196,55.70562526576471,283.0769230769231 37.51387355348434,55.70562911662834,283.0769230769231 37.51419170976385,55.705632966667984,283.0769230769231 37.5145098661205,55.70563681588367,283.0769230769231 37.514828022554255,55.70564066427541,283.0769230769231 37.51514617906512,55.705644511843175,283.0769230769231 37.515464335653064,55.70564835858697,283.0769230769231 37.515782492318074,55.7056522045068,283.0769230769231 37.51610064906013,55.70565604960267,283.0769230769231 37.51641880587922,55.70565989387459,283.0769230769231 37.51673696277533,55.70566373732251,283.0769230769231 37.51705511974844,55.70566757994649,283.0769230769231 37.51737327679854,55.705671421746494,283.0769230769231 37.51769143392559,55.70567526272253,283.0769230769231 37.518009591129605,55.70567910287461,283.0769230769231 37.51832774841055,55.70568294220271,283.0769230769231 37.51864590576841,55.70568678070684,283.0769230769231 37.51896406320318,55.70569061838701,283.0769230769231 37.51928222071483,55.70569445524321,283.0769230769231 37.51960037830334,55.70569829127544,283.0769230769231 37.51991853596871,55.70570212648369,283.0769230769231 37.52023669371091,55.705705960867974,283.0769230769231 37.52055485152993,55.705709794428294,283.0769230769231 37.520873009425756,55.70571362716464,283.0769230769231 37.521191167398364,55.705717459077015,283.0769230769231 37.521509325447745,55.70572129016541,283.0769230769231 37.52182748357388,55.70572512042985,283.0769230769231 37.522145641776746,55.70572894987029,283.0769230769231 37.522463800056336,55.70573277848676,283.0769230769231 37.52278195841263,55.70573660627928,283.0769230769231 37.52310011684561,55.70574043324781,283.0769230769231 37.523418275355255,55.70574425939236,283.0769230769231 37.52373643394156,55.70574808471294,283.0769230769231 37.5240545926045,55.705751909209546,283.0769230769231 37.52437275134406,55.70575573288219,283.0769230769231 37.524690910160224,55.705759555730836,283.0769230769231 37.525009069052985,55.70576337775552,283.0769230769231 37.525327228022306,55.70576719895621,283.0769230769231 37.52564538706819,55.70577101933293,283.0769230769231 37.5259635461906,55.70577483888567,283.0769230769231 37.52628170538954,55.70577865761444,283.0769230769231 37.526599864664995,55.705782475519214,283.0769230769231 37.52691802401692,55.70578629260002,283.0769230769231 37.52723618344533,55.705790108856846,283.0769230769231 37.527554342950204,55.705793924289694,283.0769230769231 37.5278725025315,55.70579773889855,283.0769230769231 37.52819066218923,55.70580155268344,283.0769230769231 37.52850882192337,55.705805365644345,283.0769230769231 37.528826981733886,55.70580917778126,283.0769230769231 37.52914514162079,55.70581298909419,283.0769230769231 37.52946330158404,55.70581679958314,283.0769230769231 37.529781461623635,55.705820609248114,283.0769230769231 37.53009962173955,55.70582441808911,283.0769230769231 37.53041778193178,55.7058282261061,283.0769230769231 37.5307359422003,55.70583203329911,283.0769230769231 37.53105410254509,55.70583583966815,283.0769230769231 37.531372262966144,55.705839645213196,283.0769230769231 37.53169042346344,55.70584344993426,283.0769230769231 37.53200858403696,55.70584725383134,283.0769230769231 37.532326744686685,55.70585105690441,283.0769230769231 37.5326449054126,55.70585485915352,283.0769230769231 37.5329630662147,55.70585866057861,283.0769230769231 37.53328122709295,55.70586246117975,283.0769230769231 37.53359938804736,55.70586626095688,283.0769230769231 37.53391754907788,55.705870059910026,283.0769230769231 37.53423571018451,55.70587385803918,283.0769230769231 37.53455387136724,55.70587765534436,283.0769230769231 37.53487203262604,55.70588145182553,283.0769230769231 37.53519019396091,55.70588524748272,283.0769230769231 37.53550835537182,55.70588904231592,283.0769230769231 37.53582651685875,55.70589283632511,283.0769230769231 37.5361446784217,55.70589662951033,283.0769230769231 37.53646284006064,55.705900421871554,283.0769230769231 37.536781001775566,55.70590421340878,283.0769230769231 37.53709916356644,55.705908004122,283.0769230769231 37.53741732543327,55.70591179401125,283.0769230769231 37.537735487376025,55.7059155830765,283.0769230769231 37.53805364939469,55.70591937131775,283.0769230769231 37.538371811489256,55.705923158735004,283.0769230769231 37.5386899736597,55.705926945328265,283.0769230769231 37.53900813590601,55.70593073109753,283.0769230769231 37.539326298228154,55.7059345160428,283.0769230769231 37.539644460626135,55.70593830016407,283.0769230769231 37.53996262309993,55.705942083461345,283.0769230769231 37.540280785649514,55.70594586593462,283.0769230769231 37.54059894827489,55.705949647583914,283.0769230769231 37.540917110976025,55.70595342840919,283.0769230769231 37.54123527375291,55.705957208410474,283.0769230769231 37.54155343660552,55.70596098758776,283.0769230769231 37.54187159953384,55.70596476594103,283.0769230769231 37.54218976253787,55.70596854347033,283.0769230769231 37.54250792561758,55.70597232017562,283.0769230769231 37.54282608877295,55.705976096056894,283.0769230769231 37.54314425200397,55.705979871114174,283.0769230769231 37.543462415310614,55.70598364534746,283.0769230769231 37.54378057869288,55.70598741875675,283.0769230769231 37.54409874215075,55.705991191342015,283.0769230769231 37.544416905684194,55.70599496310328,283.0769230769231 37.54473506929321,55.70599873404056,283.0769230769231 37.54505323297777,55.70600250415383,283.0769230769231 37.54537139673787,55.706006273443094,283.0769230769231 37.545689560573486,55.70601004190835,283.0769230769231 37.546007724484596,55.706013809549596,283.0769230769231 37.546325888471195,55.706017576366854,283.0769230769231 37.54664405253325,55.70602134236008,283.0769230769231 37.54696221667077,55.70602510752933,283.0769230769231 37.54728038088371,55.70602887187455,283.0769230769231 37.54759854517208,55.706032635395765,283.0769230769231 37.54791670953584,55.70603639809299,283.0769230769231 37.54823487397499,55.70604015996619,283.0769230769231 37.54855303848951,55.70604392101539,283.0769230769231 37.548871203079386,55.706047681240584,283.0769230769231 37.548563028064876,55.70600495717529,283.0769230769231 37.54825485373553,55.705962232340006,283.0769230769231 37.547946680091336,55.70591950673475,283.0769230769231 37.547638507132326,55.70587678035954,283.0769230769231 37.54733033485849,55.70583405321437,283.0769230769231 37.547022163269865,55.70579132529922,283.0769230769231 37.546713992366456,55.70574859661412,283.0769230769231 37.546405822148266,55.70570586715907,283.0769230769231 37.54609765261531,55.705663136934064,283.0769230769231 37.54578948376761,55.70562040593911,283.0769230769231 37.54548131560516,55.70557767417421,283.0769230769231 37.54517314812799,55.705534941639385,283.0769230769231 37.544864981336104,55.70549220833462,283.0769230769231 37.54455681522952,55.70544947425992,283.0769230769231 37.54424864980824,55.705406739415295,283.0769230769231 37.543940485072284,55.70536400380073,283.0769230769231 37.54363232102166,55.70532126741628,283.0769230769231 37.543324157656386,55.705278530261886,283.0769230769231 37.54301599497647,55.705235792337604,283.0769230769231 37.542707832981925,55.70519305364339,283.0769230769231 37.54239967167276,55.70515031417928,283.0769230769231 37.542091511048994,55.70510757394526,283.0769230769231 37.54178335111064,55.70506483294135,283.0769230769231 37.54147519185769,55.70502209116755,283.0769230769231 37.541167033290186,55.704979348623866,283.0769230769231 37.54085887540813,55.70493660531027,283.0769230769231 37.54055071821151,55.704893861226815,283.0769230769231 37.540242561700374,55.704851116373476,283.0769230769231 37.53993440587471,55.70480837075027,283.0769230769231 37.53962625073455,55.70476562435717,283.0769230769231 37.539318096279885,55.70472287719421,283.0769230769231 37.53900994251074,55.70468012926141,283.0769230769231 37.53870178942713,55.70463738055873,283.0769230769231 37.53839363702905,55.704594631086195,283.0769230769231 37.538085485316536,55.704551880843816,283.0769230769231 37.53777733428958,55.704509129831585,283.0769230769231 37.537469183948204,55.7044663780495,283.0769230769231 37.537161034292424,55.704423625497576,283.0769230769231 37.53685288532224,55.70438087217582,283.0769230769231 37.53654473703767,55.704338118084245,283.0769230769231 37.53623658943874,55.70429536322282,283.0769230769231 37.53592844252543,55.70425260759156,283.0769230769231 37.535620296297786,55.704209851190505,283.0769230769231 37.5353121507558,55.704167094019624,283.0769230769231 37.535004005899495,55.704124336078934,283.0769230769231 37.53469586172887,55.704081577368406,283.0769230769231 37.53438771824395,55.70403881788809,283.0769230769231 37.53407957544474,55.70399605763797,283.0769230769231 37.53377143333125,55.70395329661806,283.0769230769231 37.53346329190351,55.703910534828324,283.0769230769231 37.53315515116151,55.70386777226883,283.0769230769231 37.532847011105275,55.703825008939525,283.0769230769231 37.53253887173481,55.70378224484045,283.0769230769231 37.532230733050135,55.70373947997159,283.0769230769231 37.53192259505125,55.70369671433295,283.0769230769231 37.531614457738186,55.703653947924536,283.0769230769231 37.53130632111094,55.70361118074636,283.0769230769231 37.53099818516952,55.703568412798404,283.0769230769231 37.53069004991396,55.7035256440807,283.0769230769231 37.53038191534425,55.703482874593234,283.0769230769231 37.53007378146041,55.70344010433601,283.0769230769231 37.52976564826246,55.70339733330904,283.0769230769231 37.5294575157504,55.70335456151232,283.0769230769231 37.529149383924256,55.70331178894587,283.0769230769231 37.52884125278402,55.703269015609656,283.0769230769231 37.528533122329726,55.70322624150372,283.0769230769231 37.52822499256137,55.703183466628055,283.0769230769231 37.52791686347897,55.70314069098267,283.0769230769231 37.52760873508254,55.70309791456754,283.0769230769231 37.5273006073721,55.7030551373827,283.0769230769231 37.526992480347644,55.703012359428136,283.0769230769231 37.52668435400919,55.70296958070387,283.0769230769231 37.52637622835675,55.70292680120989,283.0769230769231 37.52606810339035,55.70288402094621,283.0769230769231 37.52575997910999,55.702841239912814,283.0769230769231 37.52545185551568,55.70279845810975,283.0769230769231 37.52514373260745,55.70275567553695,283.0769230769231 37.52483561038528,55.70271289219449,283.0769230769231 37.524527488849216,55.70267010808234,283.0769230769231 37.52421936799924,55.70262732320051,283.0769230769231 37.523911247835386,55.70258453754897,283.0769230769231 37.523603128357664,55.70254175112779,283.0769230769231 37.52329500956607,55.702498963936925,283.0769230769231 37.52298689146063,55.7024561759764,283.0769230769231 37.52267877404136,55.7024133872462,283.0769230769231 37.522370657308265,55.70237059774634,283.0769230769231 37.522062541261356,55.702327807476834,283.0769230769231 37.52175442590065,55.70228501643767,283.0769230769231 37.52144631122616,55.70224222462885,283.0769230769231 37.521138197237875,55.702199432050406,283.0769230769231 37.52083008393584,55.7021566387023,283.0769230769231 37.52052197132006,55.70211384458456,283.0769230769231 37.52021385939054,55.702071049697174,283.0769230769231 37.51990574814729,55.70202825404018,283.0769230769231 37.519597637590316,55.70198545761355,283.0769230769231 37.51928952771965,55.70194266041731,283.0769230769231 37.5189814185353,55.701899862451434,283.0769230769231 37.51867331003726,55.70185706371595,283.0769230769231 37.51836520222556,55.70181426421085,283.0769230769231 37.518057095100204,55.70177146393616,283.0769230769231 37.51774898866121,55.70172866289185,283.0769230769231 37.51744088290858,55.701685861077934,283.0769230769231 37.51713277784235,55.70164305849445,283.0769230769231 37.5168246734625,55.70160025514134,283.0769230769231 37.51651656976906,55.70155745101866,283.0769230769231 37.516208466762045,55.7015146461264,283.0769230769231 37.51590036444145,55.70147184046454,283.0769230769231 37.51559226280731,55.70142903403312,283.0769230769231 37.51528416185962,55.70138622683212,283.0769230769231 37.514976061598404,55.70134341886155,283.0769230769231 37.514667962023665,55.701300610121415,283.0769230769231 37.514359863135425,55.70125780061171,283.0769230769231 37.51405176493368,55.70121499033246,283.0769230769231 37.51374366741846,55.701172179283645,283.0769230769231 37.51343557058976,55.70112936746529,283.0769230769231 37.51312747444761,55.701086554877364,283.0769230769231 37.51281937899201,55.70104374151992,283.0769230769231 37.51251128422298,55.701000927392926,283.0769230769231 37.512203190140525,55.700958112496394,283.0769230769231 37.51189509674466,55.70091529683034,283.0769230769231 37.511587004035405,55.70087248039475,283.0769230769231 37.511278912012756,55.700829663189644,283.0769230769231 37.51097082067673,55.700786845215,283.0769230769231 37.51066273002735,55.70074402647086,283.0769230769231 37.51035464006462,55.7007012069572,283.0769230769231 37.51004655078855,55.70065838667401,283.0769230769231 37.50973846219916,55.70061556562134,283.0769230769231 37.50943037429646,55.70057274379915,283.0769230769231 37.50912228708046,55.70052992120747,283.0769230769231 37.508814200551164,55.7004870978463,283.0769230769231 37.5085061147086,55.70044427371565,283.0769230769231 37.50819802955277,55.70040144881549,283.0769230769231 37.50788994508369,55.70035862314585,283.0769230769231 37.50758186130137,55.70031579670673,283.0769230769231 37.50727377820582,55.700272969498165,283.0769230769231 37.50696569579706,55.70023014152009,283.0769230769231 37.506657614075095,55.700187312772556,283.0769230769231 37.50634953303993,55.70014448325556,283.0769230769231 37.5060414526916,55.70010165296912,283.0769230769231 37.505733373030104,55.7000588219132,283.0769230769231 37.50542529405544,55.70001599008784,283.0769230769231 37.505117215767655,55.699973157493034,283.0769230769231 37.50480913816673,55.69993032412877,283.0769230769231 37.50450106125269,55.699887489995064,283.0769230769231 37.50419298502554,55.69984465509193,283.0769230769231 37.50388490948529,55.69980181941936,283.0769230769231 37.50357683463197,55.69975898297737,283.0769230769231 37.50326876046559,55.699716145765926,283.0769230769231 37.502960686986135,55.699673307785076,283.0769230769231 37.502960686986135,55.699673307785076,160.0</coordinates></LineString></Placemark></Document></kml>