<?xml version='1.0' encoding='utf-8'?>
<kml xmlns="http://www.opengis.net/kml/2.2"><Document><Placemark><name>U03_S1</name><LineString><altitudeMode>absolute</altitudeMode><coordinates>37.44271381452575,55.71095994475972,146.54344177246094 37.44271381452575,55.71095994475972,638.8511340801533 37.44301866624537,55.71099146129122,638.8511340801533 37.443323518469455,55.71102297706869,640.8912189190205 37.443628371197974,55.711054492092124,642.5359790508564 37.44393322443093,55.711086006361505,643.3304584209736 37.44423807816829,55.711117519876844,641.7189319317158 37.44454293241006,55.71114903263816,641.6196887676533 37.44484778715622,55.711180544645394,641.6196887676533 37.445152642406754,55.7112120558986,642.1490924541768 37.445457498161645,55.71124356639776,642.1490924541768 37.4457623544209,55.71127507614287,642.2079761211689 37.44606721118448,55.71130658513391,641.6227710430439 37.44637206845239,55.71133809337089,641.6227710430439 37.44667692622461,55.71136960085382,642.2449786846455 37.446981784501126,55.71140110758267,637.5258929912861 37.447286643281934,55.711432613557456,637.5258929912861 37.44759150256701,55.711464118778174,635.5375659649189 37.44789636235635,55.71149562324482,634.6131274883564 37.44820122264993,55.71152712695738,634.6131274883564 37.44850608344775,55.71155862991587,634.2175738994893 37.44881094474979,55.711590132120264,636.3381641094502 37.44911580655603,55.71162163357058,636.3381641094502 37.44942066886647,55.71165313426682,636.7606952373799 37.44972553168109,55.71168463420896,634.3890521709736 37.45003039499988,55.711716133397005,634.5972583477314 37.45033525882282,55.71174763183095,633.7794025127705 37.45064012314991,55.71177912951081,633.7794025127705 37.450958320095836,55.711783143634634,631.0482013408955 37.4512765171222,55.71178715693438,629.6897723858174 37.45159471422899,55.71179116941001,629.6897723858174 37.45191291141619,55.711795181061575,630.2893207256611 37.45223110868378,55.71179919188904,631.3010852520283 37.45254930603175,55.71180320189242,631.3010852520283 37.45286750346007,55.71180721107171,634.9736621563252 37.45318570096874,55.7118112194269,638.0674731914814 37.453503898557734,55.711815226958,638.0674731914814 37.453822096227036,55.71181923366502,641.9610889141377 37.45414029397663,55.71182323954793,640.8348376934346 37.454458491806506,55.711827244606745,640.8348376934346 37.45477668971664,55.71183124884149,642.9275043194111 37.45509488770702,55.71183525225212,646.5371539776143 37.455413085777614,55.71183925483867,646.5371539776143 37.455731283928436,55.71184325660111,645.1405322735127 37.45604948215944,55.71184725753947,641.2348926250752 37.45636768047063,55.711851257653734,641.2348926250752 37.45668587886197,55.711855256943885,643.7271869365986 37.457004077333465,55.71185925540995,645.1843860332783 37.45732227588508,55.71186325305192,645.1843860332783 37.457640474516815,55.71186724986979,640.6575153057393 37.45795867322864,55.71187124586356,636.3389575664814 37.45827687202055,55.71187524103323,636.3389575664814 37.45859507089252,55.71187923537881,634.8979633037861 37.45891326984453,55.711883228900284,635.5536182110127 37.459231468876574,55.71188722159766,635.5536182110127 37.459549667988625,55.71189121347094,636.2650897686299 37.45986786718068,55.71189520452011,636.2998035137471 37.460186066452714,55.711899194745186,636.2998035137471 37.46050426580471,55.71190318414615,634.4812762920674 37.460822465236646,55.71190717272303,632.9128558819111 37.46114066474852,55.71191116047579,632.9128558819111 37.4614588643403,55.71191514740446,633.1831042949971 37.46177706401198,55.71191913350902,632.5898120586689 37.462095263763544,55.71192311878948,632.5898120586689 37.46241346359498,55.711927103245834,632.9864642803486 37.462731663506254,55.71193108687808,633.2731921856221 37.46304986349736,55.71193506968623,633.2731921856221 37.463368063568275,55.71193905167026,633.2408893291768 37.463686263719,55.71194303283019,633.5772082989033 37.4640044639495,55.71194701316602,633.5772082989033 37.46432266425977,55.71195099267774,631.6212909405049 37.46464086464979,55.71195497136535,627.6780383770283 37.46495906511954,55.71195894922885,627.6780383770283 37.465277265668995,55.71196292626824,626.8792712871846 37.46559546629816,55.71196690248354,627.7518909160908 37.46591366700701,55.71197087787471,627.7518909160908 37.46623186779552,55.711974852441784,625.7824847881611 37.466550068663686,55.71197882618474,626.0229633037861 37.46686826961148,55.71198279910359,626.0229633037861 37.4671864706389,55.71198677119832,629.6696460430439 37.46750467174591,55.71199074246894,632.5068957989033 37.46782287293251,55.711994712915455,632.5068957989033 37.46814107419868,55.71199868253785,633.4325397198018 37.4684592755444,55.71200265133616,636.7004993145283 37.46877747696965,55.71200661931032,636.7004993145283 37.46909567847442,55.71201058646039,640.8494708721455 37.46941388005868,55.71201455278634,643.7075793926533 37.46973208172244,55.71201851828817,643.7075793926533 37.47005028346567,55.712022482965885,645.1114185039814 37.47036848528834,55.71202644681949,644.7990253155049 37.47068668719045,55.712030409848985,644.7990253155049 37.471004889171994,55.712034372054354,643.2681262676533 37.47132309123292,55.712038333435615,644.1506030742939 37.47164129337324,55.71204229399275,644.1506030742939 37.471959495592934,55.712046253725774,646.0757129375752 37.472277697891975,55.71205021263468,646.5365436260518 37.472595900270356,55.712054170719455,646.5365436260518 37.472914102728055,55.712058127980114,647.5890033428486 37.473232305265064,55.71206208441666,649.598616379958 37.47355050788135,55.71206604002909,649.598616379958 37.473868710576916,55.7120699948174,651.8280780498799 37.47418691335172,55.712073948781594,652.9175861065205 37.47450511620578,55.712077901921646,652.9175861065205 37.474823319139055,55.712081854237596,652.7830798809346 37.47514152215154,55.71208580572941,655.6644580547627 37.4754597252432,55.712089756397106,655.6644580547627 37.47577792841404,55.71209370624069,657.042952317458 37.476096131664036,55.71209765526013,659.1259143535908 37.47641433499317,55.71210160345547,659.1259143535908 37.47673253840142,55.71210555082667,662.119612473708 37.47705074188879,55.712109497373746,659.6228473369893 37.47736894545524,55.71211344309671,659.6228473369893 37.47768714910077,55.712117387995534,659.2992084209736 37.47800535282534,55.71212133207023,658.7504108135518 37.47832355662896,55.71212527532081,658.7504108135518 37.47864176051161,55.71212921774727,660.1161487285908 37.478959964473255,55.71213315934959,661.4060199444111 37.47927816851389,55.712137100127784,661.4060199444111 37.47959637263351,55.712141040081846,661.3537128155049 37.47991457683208,55.71214497921179,661.6107928936299 37.48023278110959,55.71214891751761,661.6107928936299 37.48055098546603,55.712152854999275,663.1287830059346 37.48086918990138,55.71215679165683,664.5279376690205 37.48118739441561,55.71216072749024,664.5279376690205 37.48150559900872,55.71216466249954,664.2909381573018 37.48182380368069,55.712168596684705,661.723372239333 37.4821420084315,55.71217253004573,661.723372239333 37.482460213261135,55.71217646258262,657.1763141338643 37.48277841816959,55.71218039429537,657.4745319073018 37.483096623156825,55.712184325184005,657.4745319073018 37.48341482822284,55.7121882552485,657.9589374248799 37.48373303336761,55.71219218448886,657.6128986065205 37.484051238591135,55.7121961129051,657.6128986065205 37.48436944389337,55.71220004049719,659.4860217754658 37.48468764927433,55.71220396726514,658.9815204326924 37.48500585473398,55.71220789320897,658.9815204326924 37.4853240602723,55.712211818328655,657.4906146709736 37.48564226588928,55.712215742624196,653.4208667461689 37.48596047158492,55.71221966609561,653.4208667461689 37.48627867735917,55.71222358874289,653.0034625713643 37.48659688321204,55.712227510566024,653.4984119121846 37.486915089143494,55.71223143156502,653.4984119121846 37.48723329515354,55.71223535173988,651.1287830059346 37.487551501242145,55.7122392710906,648.5056903545674 37.48786970740929,55.71224318961718,648.5056903545674 37.48818791365496,55.71224710731963,646.2069690410908 37.48850611997916,55.712251024197926,644.5408313457783 37.48882432638183,55.71225494025209,644.5408313457783 37.48914253286299,55.712258855482105,648.8404834453877 37.48946073942262,55.712262769887985,652.9038684551533 37.489778946060696,55.71226668346972,652.9038684551533 37.49009715277719,55.71227059622731,646.2000720684346 37.490415359572104,55.71227450816076,645.9272449199971 37.490733566445414,55.71227841927007,645.9272449199971 37.49105177339711,55.71228232955523,648.1121814434346 37.49136998042716,55.71228623901626,648.8391406719502 37.491688187535566,55.71229014765312,648.8391406719502 37.492006394722296,55.712294055465854,642.2904040996846 37.49232460198734,55.71229796245443,641.5332172100361 37.49264280933068,55.71230186861887,641.5332172100361 37.49296101675231,55.71230577395916,647.8235309307393 37.493279224252205,55.71230967847531,650.5023486797627 37.493597431830345,55.71231358216729,650.5023486797627 37.493915639486715,55.71231748503514,646.2090900127705 37.4942338472213,55.712321387078845,642.2990710918721 37.494552055034085,55.7123252882984,642.2990710918721 37.49487026292505,55.7123291886938,640.7884662334736 37.495188470894185,55.71233308826505,639.3776080791768 37.49550667894147,55.71233698701215,639.3776080791768 37.49582488706688,55.7123408849351,638.2206256573018 37.49614309527041,55.712344782033895,633.4399860088643 37.49646130355204,55.71234867830856,633.4399860088643 37.49677951191176,55.71235257375905,630.0600269024189 37.49709772034954,55.712356468385394,629.0264575664814 37.497415928865365,55.71236036218759,629.0264575664814 37.49773413745923,55.712364255165625,630.5079028789814 37.49805234613112,55.712368147319516,631.0039508526143 37.498370554881,55.71237203864924,631.0039508526143 37.49868876370887,55.712375929154824,631.2328021709736 37.49900697261471,55.712379818836254,633.7113330547627 37.49932518159849,55.71238370769351,633.7113330547627 37.49964339066022,55.712387595726625,636.5232227032002 37.49996159979985,55.71239148293558,639.4874561016377 37.5002798090174,55.71239536932038,639.4874561016377 37.50059801831283,55.71239925488102,641.3712909405049 37.500916227686126,55.7124031396175,641.1743610088643 37.50123443713728,55.712407023529835,641.1743610088643 37.50155264666626,55.712410906618,637.5219104473408 37.501870856273065,55.712414788882015,635.3417499248799 37.50218906595767,55.71241867032187,635.3417499248799 37.50250727572007,55.71242255093755,632.4795215313252 37.50282548556024,55.71242643072909,628.7557056133564 37.50314369547815,55.71243030969646,628.7557056133564 37.503461905473806,55.712434187839676,635.8936450664814 37.50378011554719,55.712438065158715,643.3497302715596 37.50409832569826,55.7124419416536,643.3497302715596 37.50441653592703,55.71244581732433,646.6110370342549 37.50473474623347,55.71244969217089,646.9500720684346 37.50505295661756,55.71245356619329,646.9500720684346 37.50537116707929,55.71245743939153,648.0603168194111 37.505689377618644,55.712461311765594,651.5533588115986 37.5060075882356,55.712465183315494,651.5533588115986 37.50632579893014,55.71246905404125,656.8660113994893 37.50664400970226,55.712472923942826,659.5863177959736 37.50696222055194,55.71247679302023,659.5863177959736 37.50728043147915,55.71248066127349,660.9053485576924 37.507598642483885,55.712484528702554,661.5828998272236 37.50791685356613,55.71248839530747,661.5828998272236 37.50823506472586,55.71249226108821,662.0050189678486 37.50855327596307,55.7124961260448,661.1851794903096 37.50887148727772,55.7124999901772,661.1851794903096 37.50918969866983,55.71250385348544,659.7622974102314 37.509507910139355,55.712507715969515,659.4526660625752 37.50982612168629,55.712511577629414,659.4526660625752 37.510144333310606,55.712515438465154,662.6115710918721 37.5104625450123,55.71251929847671,665.8030078594502 37.51078075679136,55.712523157664094,665.8030078594502 37.51109896864775,55.712527016027316,669.8529040996846 37.511417180581475,55.712530873566365,674.9503772442158 37.511735392592506,55.71253473028124,674.9503772442158 37.51205360468082,55.71253858617194,678.1043689434346 37.51237181684642,55.71254244123848,679.0382983867939 37.51269002908927,55.712546295480834,679.0382983867939 37.513008241409366,55.71255014889901,678.5285175030049 37.51332645380669,55.71255400149302,677.6881244365986 37.51364466628122,55.71255785326285,677.6881244365986 37.51396287883294,55.71256170420851,676.5427997295674 37.51428109146185,55.71256555433,675.2337939922627 37.51459930416791,55.712569403627285,675.2337939922627 37.51491751695111,55.712573252100434,675.9592426006611 37.51523572981144,55.71257709974938,680.116682786208 37.51555394274888,55.71258094657416,680.116682786208 37.51587215576342,55.712584792574766,679.1721179668721 37.51619036885503,55.712588637751175,673.5194995586689 37.5165085820237,55.71259248210342,673.5194995586689 37.51682679526942,55.712596325631495,674.2750995342549 37.517145008592166,55.71260016833538,677.4283588115986 37.51746322199192,55.71260401021507,677.4283588115986 37.51778143546866,55.7126078512706,679.1666095440205 37.518099649022396,55.71261169150195,679.8497913067158 37.51841786265309,55.7126155309091,679.8497913067158 37.518736076360724,55.71261936949208,680.4729907696064 37.519054290145284,55.71262320725088,680.3926990215596 37.51937250400677,55.712627044185496,680.3926990215596 37.51969071794514,55.71263088029592,680.2126758282002 37.52000893196039,55.71263471558218,675.9095447246846 37.52032714605251,55.71263855004423,675.9095447246846 37.520645360221465,55.712642383682116,676.5041797344502 37.52096357446726,55.71264621649581,678.6911609356221 37.521281788789864,55.71265004848533,678.6911609356221 37.52160000318927,55.71265387965065,680.5198505108174 37.52191821766545,55.712657709991795,682.8004749004658 37.5222364322184,55.71266153950875,682.8004749004658 37.52255464684809,55.71266536820152,679.4049365703877 37.52287286155452,55.712669196070095,678.8294971172627 37.52319107633765,55.71267302311449,678.8294971172627 37.52350929119749,55.7126768493347,681.6690967266377 37.52382750613401,55.71268067473072,682.7838885967549 37.5241457211472,55.71268449930254,682.7838885967549 37.52446393623703,55.71268832305018,678.2335803692158 37.52478215140349,55.71269214597363,674.5846240703877 37.52510036664657,55.712695968072886,674.5846240703877 37.52541858196625,55.71269978934795,675.0647266094502 37.52573679736251,55.71270360979883,675.6083514873799 37.526055012835336,55.71270742942551,675.6083514873799 37.52637322838471,55.712711248228004,675.8916766826924 37.52669144401062,55.71271506620631,676.0967700664814 37.52700965971305,55.71271888336042,676.0967700664814 37.52732787549198,55.71272269969033,671.3044421856221 37.527646091347385,55.71272651519606,666.5791766826924 37.52796430727926,55.71273032987757,666.5791766826924 37.528282523287594,55.71273414373491,666.0400073711689 37.52860073937235,55.71273795676805,668.4371478740986 37.528918955533534,55.71274176897699,668.4371478740986 37.52923717177111,55.71274558036175,669.7969653789814 37.52955538808508,55.71274939092229,670.3433673565205 37.52987360447541,55.712753200658646,670.3433673565205 37.530191820942086,55.71275700957081,671.8956287090596 37.53051003748511,55.712760817658776,675.8031299297627 37.53082825410445,55.71276462492253,675.8031299297627 37.53114647080009,55.71276843136211,679.7181689922627 37.53146468757201,55.71277223697747,682.5990436260518 37.531782904420204,55.71277604176863,682.5990436260518 37.53210112134465,55.7127798457356,683.9000537578877 37.532419338345335,55.712783648878364,684.3427722637471 37.53273755542224,55.71278745119694,684.3427722637471 37.533055772575345,55.7127912526913,680.9236438457783 37.53337398980464,55.71279505336146,678.8889148418721 37.5336922071101,55.71279885320743,678.8889148418721 37.53401042449172,55.71280265222919,681.1000201885518 37.53432864194947,55.71280645042674,679.9162280742939 37.53464685948334,55.7128102478001,679.9162280742939 37.53496507709332,55.712814044349265,675.8118579571064 37.53528329477938,55.712817840074194,676.2384021465596 37.535601512541525,55.71282163497495,676.2384021465596 37.53591973037972,55.71282542905149,679.1621692364033 37.536237948293945,55.712829222303824,681.3999622051533 37.53655616628419,55.712833014731956,681.3999622051533 37.536874384350455,55.712836806335886,679.7006519024189 37.5371926024927,55.712840597115594,677.0433643047627 37.537510820710914,55.712844387071115,677.0433643047627 37.53782903900508,55.71284817620241,675.7445819561299 37.5381472573752,55.712851964509504,678.1171863262471 37.53846547582123,55.71285575199239,678.1171863262471 37.538783694343174,55.712859538651074,675.5360248272236 37.53910191294101,55.71286332448555,664.8895404522236 37.539420131614705,55.712867109495804,664.8895404522236 37.53973835036427,55.71287089368186,650.7154834453877 37.54005656918967,55.71287467704371,639.9414813701924 37.540374788090894,55.71287845958133,639.9414813701924 37.54069300706793,55.71288224129476,637.9507587139424 37.54101122612075,55.71288602218396,637.5636737530049 37.541329445249346,55.71288980224897,637.5636737530049 37.541647664453706,55.71289358148974,639.3883197490986 37.5419658837338,55.71289735990632,640.4098346416768 37.54228410308962,55.712901137498676,640.4098346416768 37.54260232252115,55.71290491426682,632.6805865948018 37.54292054202837,55.712908690210746,624.8456714336689 37.54323876161126,55.71291246533047,624.8456714336689 37.54355698126982,55.71291623962597,621.9215076153096 37.54387520100402,55.71292001309726,618.1122653667744 37.54419342081383,55.71292378574433,618.1122653667744 37.54451164069927,55.712927557567184,614.908186692458 37.54482986066029,55.71293132856583,613.0762469951924 37.5451480806969,55.712935098740246,613.0762469951924 37.54546630080906,55.71293886809046,612.8076923076924 37.54578452099676,55.71294263661644,612.8076923076924 37.54610274125999,55.71294640431822,612.8076923076924 37.546420961598734,55.71295017119576,612.8076923076924 37.54673918201296,55.71295393724909,612.8076923076924 37.54705740250268,55.71295770247821,612.8076923076924 37.54737562306786,55.7129614668831,612.8076923076924 37.54769384370847,55.71296523046377,612.8076923076924 37.54801206442451,55.71296899322022,612.8076923076924 37.548330285215975,55.71297275515246,612.8076923076924 37.54864850608283,55.71297651626047,612.8076923076924 37.548966727025054,55.71298027654425,612.8076923076924 37.54928494804265,55.71298403600382,612.8076923076924 37.54960316913559,55.712987794639155,612.8076923076924 37.54992139030385,55.712991552450276,612.8076923076924 37.55023961154743,55.71299530943717,615.3243014995869 37.5505578328663,55.71299906559984,619.9599597637471 37.550876054260456,55.713002820938286,619.9599597637471 37.55119427572988,55.71300657545252,622.1986682598408 37.55151249727454,55.71301032914251,622.2560413067158 37.55183071889443,55.71301408200828,622.2560413067158 37.55214894058953,55.713017834049836,622.2307574932393 37.55246716235984,55.71302158526715,620.9593494121846 37.55278538420532,55.713025335660234,620.9593494121846 37.553103606125966,55.7130290852291,617.8903186504658 37.55342182812176,55.71303283397374,618.1389377300557 37.55374005019269,55.713036581894144,618.1389377300557 37.55405827233873,55.71304032899033,618.428694504958 37.55437649455987,55.71304407526228,618.7174289409932 37.55469471685609,55.713047820709996,618.7174289409932 37.555012939227375,55.713051565333494,618.6698825542744 37.555331161673706,55.71305530913275,618.6951434795674 37.555649384195064,55.71305905210778,618.6951434795674 37.55596760679145,55.713062794258576,619.8539111797627 37.55628582946282,55.71306653558515,620.520003098708 37.55660405220919,55.71307027608749,620.520003098708 37.556922275030516,55.71307401576559,621.5264270489033 37.55724049792679,55.71307775461946,623.2226855938252 37.557558720898,55.713081492649096,623.2226855938252 37.55787694394413,55.7130852298545,621.6926257793721 37.55819516706515,55.71308896623567,621.0295856182393 37.55851339026106,55.713092701792604,621.0295856182393 37.558831613531844,55.713096436525305,624.3432147686299 37.55914983687747,55.71310017043377,625.9479358379658 37.55946806029793,55.71310390351799,625.9479358379658 37.55978628379321,55.71310763577799,623.2330615703877 37.560104507363285,55.713111367213756,623.9558856670674 37.560422731008146,55.713115097825266,623.9558856670674 37.560740954727784,55.71311882761255,624.7858417217549 37.561059178522164,55.71312255657559,623.3723590557393 37.56137740239128,55.7131262847144,623.3723590557393 37.56169562633512,55.71313001202896,625.325178879958 37.56201385035366,55.713133738519296,623.5050342266377 37.562332074446886,55.71313746418538,623.5050342266377 37.56265029861477,55.71314118902723,624.870589036208 37.562968522857325,55.71314491304484,628.8956897442158 37.5632867471745,55.71314863623821,628.8956897442158 37.5636049715663,55.71315235860734,625.5036151592549 37.563923196032704,55.713156080152224,618.8477237407978 37.564241420573694,55.71315980087287,618.8477237407978 37.56455964518926,55.71316352076927,617.6281879131611 37.564877869879375,55.71316723984143,618.5890186016377 37.56519609464402,55.713170958089336,618.5890186016377 37.56551431948319,55.71317467551301,615.0420215313252 37.565832544396876,55.71317839211244,618.0369556133564 37.56615076938503,55.71318210788762,618.0369556133564 37.566468994447675,55.71318582283856,619.9075305645283 37.56678721958476,55.71318953696525,620.0672748272236 37.56710544479628,55.7131932502677,620.0672748272236 37.567423670082235,55.7131969627459,618.2566974346455 37.56774189544259,55.71320067439986,617.5555560772236 37.56806012087733,55.71320438522957,617.5555560772236 37.568378346386446,55.71320809523502,620.9002978985127 37.56869657196991,55.71321180441623,623.1525409405049 37.56901479762772,55.713215512773196,623.1525409405049 37.56933302335985,55.71321922030591,622.1132495586689 37.56965124916629,55.71322292701438,621.2057483379658 37.56996947504702,55.71322663289859,621.2057483379658 37.570287701002016,55.71323033795856,621.3032520000752 37.57060592703127,55.71323404219428,619.6299045269307 37.57092415313477,55.713237745605745,619.6299045269307 37.571242379312494,55.71324144819295,617.9541003887471 37.571560605564414,55.71324514995593,617.1469028179463 37.57187883189053,55.71324885089464,617.1469028179463 37.572197058290826,55.71325255100909,619.9497974102314 37.572515284765274,55.713256250299295,619.4129016582783 37.57283351131386,55.71325994876525,619.4129016582783 37.573151737936584,55.71326364640695,616.2130572979268 37.5734699646334,55.713267343224395,613.3007495586689 37.57378819140432,55.71327103921758,613.3007495586689 37.57410641824931,55.71327473438653,612.3076923076924 37.57442464516836,55.71327842873119,612.3076923076924 37.574742872161444,55.71328212225163,612.3076923076924 37.57506109922856,55.7132858149478,612.3076923076924 37.575379326369685,55.71328950681971,612.3076923076924 37.5756975535848,55.71329319786737,612.3076923076924 37.576015780873895,55.71329688809077,612.3104770366963 37.57633400823695,55.71330057748991,612.3076923076924 37.57665223567395,55.71330426606479,612.3076923076924 37.57697046318487,55.71330795381541,616.2617786114033 37.577288690769706,55.71331164074178,623.9190967266377 37.57760691842843,55.71331532684388,623.9190967266377 37.577925146161036,55.71331901212172,628.8810260479268 37.578243373967496,55.71332269657532,632.3916003887471 37.57856160184781,55.71332638020464,632.3916003887471 37.57887982980194,55.71333006300971,633.0000751201924 37.57919805782989,55.713333744990514,637.2030017559346 37.57951628593163,55.713337426147056,637.2030017559346 37.57983451410715,55.71334110647933,645.0790088360127 37.58015274235644,55.713344785987346,651.6749255840596 37.580470970679464,55.7133484646711,651.6749255840596 37.580789199076214,55.71335214253059,656.4730060283955 37.581107427546684,55.71335581956582,658.436018723708 37.58142565609084,55.71335949577677,658.436018723708 37.581743884708686,55.71336317116347,658.3644702617939 37.5820621134002,55.7133668457259,657.3967273418721 37.582380342165344,55.71337051946407,657.3967273418721 37.58269857100413,55.71337419237798,657.3978870098408 37.58301679991652,55.71337786446761,653.5766742412861 37.58333502890251,55.71338153573297,653.5766742412861 37.583653257962084,55.71338520617408,648.9330737774189 37.58397148709522,55.71338887579091,648.7304217998799 37.584289716301896,55.71339254458347,648.7304217998799 37.58460794558211,55.713396212551764,653.7118671123799 37.58492617493584,55.71339987969579,656.2111346905049 37.58524440436306,55.71340354601555,656.2111346905049 37.585562633863766,55.71340721151104,656.1231677715596 37.585880863437936,55.713410876182266,659.884016770583 37.586199093085554,55.713414540029206,659.884016770583 37.5865173228066,55.71341820305188,663.0007465069111 37.586835552601066,55.71342186525029,662.9695422832783 37.58715378246893,55.71342552662443,662.9695422832783 37.587472012410174,55.71342918717428,662.7395465557393 37.58779024242478,55.71343284689987,661.0724322979268 37.58810847251275,55.713436505801184,661.0724322979268 37.588426702674035,55.71344016387824,654.5524890606221 37.588744932908654,55.71344382113101,648.2718036358174 37.58906316321656,55.713447477559505,648.2718036358174 37.58938139359775,55.71345113316373,646.1485126201924 37.58969962405221,55.713454787943675,647.6714618389424 37.59001785457992,55.71345844189934,647.6714618389424 37.59033608518086,55.713462095030735,652.4756915752705 37.59065431585501,55.71346574733786,653.5690295879658 37.59097254660238,55.7134693988207,653.5690295879658 37.59129077742292,55.71347304947926,652.7347552959736 37.59160900831663,55.713476699313546,650.4036548321064 37.5919272392835,55.713480348323564,650.4036548321064 37.59224547032349,55.71348399650929,649.5892627422627 37.59256370143661,55.71348764387074,652.4430225078877 37.59288193262283,55.713491290407916,652.4430225078877 37.59320016388213,55.71349493612081,652.7544086162861 37.593518395214495,55.713498581009425,653.1356036846455 37.593836626619925,55.71350222507376,653.1356036846455 37.594154858098385,55.71350586831382,652.4975269024189 37.59447308964986,55.71350951072959,653.5441272442158 37.59479132127434,55.71351315232108,653.5441272442158 37.59510955297181,55.71351679308829,655.9324939434346 37.59542778474225,55.71352043303121,653.0987231914814 37.595746016585636,55.71352407214986,653.0987231914814 37.59606424850197,55.71352771044422,651.1251056377705 37.596382480491215,55.7135313479143,650.8915698711689 37.596700712553364,55.713534984560106,650.8915698711689 37.5970189446884,55.713538620381605,650.1162860576924 37.5973371768963,55.71354225537883,649.116926926833 37.59765540917707,55.713545889551774,649.116926926833 37.59797364153067,55.713549522900415,651.5637195293721 37.59829187395709,55.71355315542479,650.8805225078877 37.59861010645631,55.71355678712487,650.8805225078877 37.59892833902833,55.71356041800067,649.6303241436299 37.59924657167312,55.71356404805218,646.7086169903096 37.59956480439066,55.7135676772794,646.7086169903096 37.599883037180945,55.71357130568233,645.2034595196064 37.60020127004394,55.71357493326097,643.3181293194111 37.600519502979644,55.71357856001533,643.3181293194111 37.60083773598805,55.7135821859454,643.1393420879658 37.60115596906912,55.713585811051175,643.3699176494893 37.601474202222846,55.71358943533265,643.3699176494893 37.601792435449205,55.713593058789854,645.351546067458 37.602110668748196,55.713596681422764,649.6537463848408 37.60242890211979,55.71360030323138,649.6537463848408 37.60274713556397,55.7136039242157,648.8825214092549 37.60306536908073,55.713607544375726,646.6630847637471 37.60338360267005,55.71361116371147,646.6630847637471 37.60370183633191,55.71361478222291,646.8877856914814 37.60402007006629,55.71361839991007,644.9600970928486 37.60433830387318,55.71362201677292,644.9600970928486 37.60465653775256,55.71362563281149,638.4442889873799 37.60497477170441,55.71362924802576,636.1532275860127 37.605293005728726,55.713632862415736,636.1532275860127 37.605611239825485,55.71363647598142,636.0855701153096 37.60592947399466,55.7136400887228,637.1741931621846 37.60624770823625,55.71364370063989,637.1741931621846 37.60656594255023,55.71364731173268,635.2017505352314 37.60688417693659,55.71365092200118,634.6595599834736 37.6072024113953,55.71365453144537,634.6595599834736 37.607520645926364,55.71365814006527,633.3350818340596 37.60783888052975,55.713661747860876,635.3923022930439 37.60815711520544,55.71366535483218,635.3923022930439 37.60847534995342,55.71366896097918,636.4476764385518 37.608793584773686,55.71367256630189,635.5391223614033 37.60911181966622,55.71367617080029,635.5391223614033 37.609430054630984,55.71367977447439,637.1108386699971 37.60974828966797,55.7136833773242,636.7954547588643 37.60974190836768,55.71386303169344,636.7954547588643 37.60973552699519,55.71404268605691,636.1328723614033 37.60972914555047,55.71422234041457,637.3344409649189 37.60972276403354,55.7144019947665,637.3344409649189 37.6097163824444,55.714581649112624,636.6132495586689 37.60971000078303,55.71476130345298,634.7202594463643 37.60970361904946,55.71494095778757,634.7202594463643 37.60969723724366,55.71512061211638,635.6444385235127 37.60969085536565,55.7153002664394,636.8318774883564 37.60968447341541,55.71547992075667,636.8318774883564 37.60967809139295,55.715659575068145,635.1890552227314 37.60967170929827,55.71583922937386,635.1365955059346 37.60966532713137,55.71601888367378,635.1365955059346 37.60965894489224,55.71619853796795,632.5910632793721 37.609652562580884,55.71637819225634,633.5569598858174 37.609646180197295,55.71655784653895,633.5569598858174 37.60963979774148,55.71673750081577,635.4243304912861 37.609633415213445,55.71691715508683,635.6287372295674 37.60931515390181,55.716913551802655,636.4246356670674 37.608996892662425,55.71690994769407,633.9888446514424 37.6086786314953,55.716906342761085,633.9888446514424 37.608360370400455,55.716902737003714,636.5990283672627 37.60804210937791,55.71689913042193,637.5358569805439 37.60772384842769,55.71689552301576,637.5358569805439 37.607405587549785,55.71689191478517,642.5571277324971 37.60708732674423,55.71688830573021,642.4623248760518 37.60676906601104,55.71688469585083,642.4623248760518 37.60645080535022,55.71688108514707,640.6429736797627 37.606132544761806,55.7168774736189,641.2673633282002 37.6058142842458,55.71687386126635,641.2673633282002 37.605496023802225,55.71687024808939,643.1906421367939 37.605177763431094,55.716866634088056,641.0899341289814 37.604859503132424,55.716863019262306,641.0899341289814 37.60454124290624,55.71685940361216,640.3596484844502 37.60422298275254,55.716855787137646,640.0816028301533 37.60390472267136,55.71685216983872,640.0816028301533 37.603586462662705,55.7168485517154,639.3761737530049 37.603268202726596,55.71684493276769,638.9615314190205 37.60294994286304,55.716841312995584,638.9615314190205 37.60263168307207,55.716837692399096,638.5642688457783 37.602313423353685,55.71683407097821,639.9862201397236 37.60199516370792,55.716830448732935,639.9862201397236 37.60167690413478,55.71682682566327,639.5344379131611 37.60135864463428,55.716823201769216,640.0350940410908 37.60104038520644,55.71681957705077,640.0350940410908 37.60072212585128,55.71681595150793,640.8063037578877 37.600403866568804,55.7168123251407,640.3826892559346 37.60008560735905,55.71680869794909,640.3826892559346 37.59976734822202,55.716805069933095,642.0217883770283 37.59944908915773,55.71680144109271,642.7923572246846 37.599130830166196,55.71679781142793,642.7923572246846 37.598812571247436,55.71679418093878,647.3925769512471 37.59849431240147,55.716790549625216,660.1084888164814 37.598176053628315,55.71678691748729,660.1084888164814 37.59785779492798,55.71678328452497,665.6380908672627 37.597539536300495,55.71677965073826,660.6400439922627 37.59722127774586,55.71677601612717,660.6400439922627 37.596903019264104,55.71677238069169,654.1638477032002 37.59658476085524,55.71676874443184,649.9491565410908 37.59626650251928,55.7167651073476,649.9491565410908 37.59594824425624,55.716761469438964,646.1494434063252 37.59562998606615,55.716757830705966,645.2708118145283 37.59531172794901,55.716754191148574,645.2708118145283 37.59499346990485,55.7167505507668,645.2649524395283 37.59467521193368,55.71674690956064,645.138167161208 37.594356954035504,55.716743267530106,645.138167161208 37.59403869621036,55.71673962467519,644.457991379958 37.593720438458256,55.71673598099589,645.0860736553486 37.59340218077921,55.716732336492214,645.0860736553486 37.59308392317323,55.71672869116416,644.4526508037861 37.59276566564034,55.71672504501173,644.1832263653096 37.59244740818057,55.71672139803491,644.1832263653096 37.59212915079391,55.71671775023372,642.6518542949971 37.59181089348038,55.71671410160815,643.6239459698018 37.59149263624001,55.7167104521582,643.6239459698018 37.59117437907282,55.71670680188388,644.2281024639424 37.59085612197882,55.71670315078517,643.4107196514424 37.590537864958016,55.7166994988621,643.4107196514424 37.590219608010436,55.71669584611464,642.7604968731221 37.58990135113609,55.71669219254282,644.954817551833 37.589583094335005,55.71668853814661,644.954817551833 37.58926483760718,55.71668488292603,651.4944446270283 37.58894658095265,55.71668122688108,655.3961932842549 37.58862832437142,55.716677570011754,655.3961932842549 37.58831006786352,55.71667391231805,654.8622729961689 37.58799181142895,55.71667025379997,654.7212512676533 37.58767355506773,55.71666659445753,654.7212512676533 37.587355298779876,55.71666293429071,654.6050555889424 37.58703704256542,55.71665927329952,655.8691547100361 37.58671878642436,55.71665561148396,655.8691547100361 37.58640053035672,55.716651948844024,657.0706165020283 37.58608227436252,55.716648285379726,656.9086444561299 37.585764018441765,55.71664462109105,656.9086444561299 37.58544576259448,55.71664095597801,655.3342883770283 37.585127506820676,55.716637290040595,649.1298968975361 37.58480925112038,55.71663362327882,649.1298968975361 37.5844909954936,55.71662995569267,644.5788867657002 37.58417273994036,55.71662628728215,636.6552264873799 37.583854484460666,55.71662261804726,636.6552264873799 37.58353622905454,55.71661894798802,620.8665149395283 37.58321797372199,55.716615277104395,612.6359775249775 37.582899718463054,55.71661160539641,612.6359775249775 37.58258146327773,55.71660793286406,612.3076923076924 37.58226320816604,55.716604259507335,612.3076923076924 37.581944953128,55.71660058532625,612.3076923076924 37.58162669816363,55.7165969103208,612.3076923076924 37.58130844327294,55.71659323449099,612.3076923076924 37.58099018845595,55.71658955783682,612.3076923076924 37.58067193371267,55.716585880358274,612.3076923076924 37.580353679043135,55.71658220205538,613.6461017315205 37.58003542444734,55.71657852292811,613.6461017315205 37.57971716992531,55.71657484297648,615.6726672832783 37.57939891547707,55.71657116220048,618.2390506450947 37.57908066110262,55.71656748060014,618.2390506450947 37.57876240680199,55.71656379817543,621.7217090313252 37.578444152575194,55.71656011492635,625.284407395583 37.57812589842224,55.716556430852926,625.284407395583 37.57780764434315,55.71655274595513,626.5615832989033 37.57748939033795,55.71654906023297,624.0266101543721 37.57717113640664,55.71654537368646,624.0266101543721 37.576852882549254,55.716541686315594,624.2048022930439 37.57653462876579,55.716537998120366,623.1969287578877 37.576216375056276,55.71653430910077,623.1969287578877 37.57589812142073,55.71653061925684,625.1538074199971 37.575579867859155,55.71652692858853,625.0561053936299 37.575261614371584,55.71652323709587,625.0561053936299 37.57494336095802,55.716519544778855,622.3975665752705 37.57462510761849,55.716515851637496,620.3346545879658 37.574306854353004,55.716512157671765,620.3346545879658 37.57398860116158,55.71650846288168,622.0835712139424 37.57367034804424,55.716504767267246,625.8150470440205 37.573352095000985,55.716501070828464,625.8150470440205 37.573033842031855,55.71649737356532,626.849348801833 37.57271558913685,55.71649367547782,625.979719895583 37.57239733631599,55.71648997656598,625.979719895583 37.57207908356929,55.71648627682977,623.6149432842549 37.571760830896764,55.71648257626923,620.0568759624775 37.57144257829844,55.71647887488432,620.0568759624775 37.57112432577433,55.716475172675054,618.8810489361103 37.57080607332444,55.716471469641455,619.5130298321064 37.5704878209488,55.71646776578349,619.5130298321064 37.570169568647415,55.716464061101185,620.0542590801533 37.569851316420305,55.71646035559453,620.0436923687275 37.569533064267496,55.71645664926352,620.0436923687275 37.569214812188996,55.71645294210817,618.6840427105244 37.56889656018482,55.716449234128476,617.7263477032002 37.56857830825499,55.71644552532442,617.7263477032002 37.56826005639952,55.71644181569602,618.3182666485127 37.56794180461843,55.716438105243284,618.0106952373799 37.567623552911726,55.71643439396619,618.0106952373799 37.56730530127943,55.71643068186475,617.856543320876 37.56698704972157,55.716426968938954,617.7278201763447 37.56666879823813,55.71642325518883,617.7278201763447 37.56635054682917,55.71641954061436,618.1845996563252 37.56603229549468,55.71641582521555,618.2385699932393 37.56571404423468,55.71641210899238,618.2385699932393 37.56539579304919,55.71640839194487,618.1477267925557 37.56507754193823,55.716404674073026,616.6383273784932 37.564759290901804,55.71640095537683,616.6383273784932 37.564441039939936,55.716397235856284,616.2453906719502 37.56412278905265,55.71639351551141,616.5201785747822 37.56380453823994,55.71638979434219,616.5201785747822 37.563486287501846,55.71638607234863,617.4998233501728 37.56316803683838,55.716382349530726,617.2304141704853 37.562849786249544,55.716378625888495,617.2304141704853 37.562531535735374,55.71637490142192,618.5954883282002 37.56221328529587,55.71637117613099,621.9261920635518 37.56189503493106,55.716367450015724,621.9261920635518 37.56157678464096,55.71636372307613,623.714583176833 37.561258534425576,55.71635999531219,620.7174213115986 37.56094028428494,55.71635626672392,620.7174213115986 37.56062203421905,55.716352537311295,619.0040347759541 37.56030378422793,55.716348807074354,618.905874985915 37.559985534311615,55.71634507601306,618.905874985915 37.559667284470095,55.71634134412744,619.6938541118916 37.559349034703395,55.71633761141747,621.5310199444111 37.559030785011544,55.71633387788319,621.5310199444111 37.558712535394534,55.71633014352455,621.9195392315205 37.5583942858524,55.71632640834159,621.420882004958 37.55807603638516,55.71632267233429,621.420882004958 37.557757786992816,55.716318935502656,619.2942569439228 37.55743953767539,55.7163151978467,619.5845020000752 37.55712128843292,55.716311459366395,619.5845020000752 37.55680303926538,55.71630772006178,621.8155048076924 37.556484790172824,55.7163039799328,627.1567981426533 37.55616654115525,55.71630023897951,627.1567981426533 37.55584829221269,55.716296497201874,635.3512103740986 37.55553004334514,55.71629275459992,647.1594989483174 37.555211794552626,55.716289011173636,647.1594989483174 37.55489354583517,55.71628526692302,657.0521533672627 37.55457529719278,55.716281521848074,663.3698871319111 37.55425704862547,55.7162777759488,663.3698871319111 37.553938800133274,55.71627402922519,665.7245776836689 37.55362055171619,55.71627028167726,666.8123004619893 37.55330230337424,55.71626653330501,666.8123004619893 37.552984055107444,55.71626278410841,665.9586475078877 37.55266580691581,55.7162590340875,662.1160113994893 37.552347558799376,55.71625528324225,662.1160113994893 37.55202931075813,55.71625153157269,654.7377307598408 37.55171106279211,55.71624777907879,635.881819504958 37.55139281490132,55.71624402576057,635.881819504958 37.551074567085784,55.71624027161803,619.7231815044697 37.55075631934551,55.71623651665116,623.4754626934346 37.550438071680524,55.71623276085996,623.4754626934346 37.550119824090835,55.71622900424445,625.5151813213643 37.54980157657647,55.71622524680461,621.2145984356221 37.54948332913743,55.71622148854044,621.2145984356221 37.549165081773744,55.716217729451955,618.5268085186299 37.54884683448543,55.716213969539155,620.2340305034932 37.548528587272486,55.71621020880203,620.2340305034932 37.54821034013495,55.716206447240566,622.4174945537861 37.54789209307283,55.7162026848548,622.2415301983174 37.54757384608614,55.716198921644704,622.2415301983174 37.547255599174896,55.7161951576103,623.5747211162861 37.54693735233912,55.71619139275157,623.721663254958 37.546619105578834,55.716187627068514,623.721663254958 37.54630085889404,55.71618386056114,623.0029437725361 37.54598261228475,55.71618009322946,621.7148883526143 37.54566436575101,55.716176325073455,621.7148883526143 37.54534611929281,55.71617255609313,618.4515445415791 37.54502787291017,55.7161687862885,613.9141376201924 37.544709626603115,55.716165015659534,613.9141376201924 37.54439138037166,55.71616124420626,612.8076923076924 37.544073134215814,55.71615747192868,612.8076923076924 37.543754888135595,55.71615369882678,612.8076923076924 37.543436642131034,55.716149924900556,612.8076923076924 37.543118396202125,55.716146150150024,612.8076923076924 37.5428001503489,55.71614237457518,612.8076923076924 37.542481904571375,55.716138598176016,612.8076923076924 37.542163658869555,55.71613482095255,612.8076923076924 37.54184541324348,55.716131042904756,612.8076923076924 37.54152716769314,55.716127264032664,612.8076923076924 37.54120892221856,55.71612348433626,612.8076923076924 37.54089067681976,55.71611970381554,612.8076923076924 37.540572431496756,55.71611592247049,619.6259143535908 37.54025418624956,55.716112140301156,633.0098407451924 37.539935941078205,55.716108357307505,633.0098407451924 37.539617695982685,55.71610457348954,644.2613361065205 37.53929945096303,55.71610078884727,648.7115771953877 37.53898120601925,55.71609700338069,648.7115771953877 37.53866296115137,55.7160932170898,654.8211200420674 37.5383447163594,55.71608942997459,656.2198627178486 37.53802647164335,55.71608564203509,656.2198627178486 37.53770822700324,55.71608185327127,656.7172534649189 37.5373899824391,55.716078063683156,662.1210467998799 37.53707173795094,55.716074273270735,662.1210467998799 37.53675349353877,55.71607048203399,669.0875842754658 37.536435249202604,55.71606668997296,669.6692035381611 37.53611700494247,55.71606289708761,669.6692035381611 37.535798760758375,55.71605910337796,668.8436572735127 37.53548051665034,55.71605530884401,670.4938647930439 37.535162272618386,55.71605151348575,670.4938647930439 37.53484402866252,55.7160477173032,673.8667285625752 37.534525784782765,55.716043920296336,676.8517139141377 37.53420754097913,55.71604012246517,676.8517139141377 37.53388929725165,55.7160363238097,677.7168872539814 37.53357105360031,55.71603252432994,678.1236560528096 37.53325281002516,55.71602872402586,678.1236560528096 37.5329345665262,55.71602492289748,678.0317676250752 37.53261632310344,55.716021120944816,675.4244220440205 37.532298079756906,55.71601731816784,675.4244220440205 37.53197983648662,55.71601351456657,671.4740741436299 37.53166159329258,55.716009710140995,665.0438831035908 37.53134335017483,55.71600590489114,665.0438831035908 37.53102510713335,55.71600209881696,664.0785052959736 37.530706864168195,55.715998291918496,665.2918536846455 37.53038862127936,55.71599448419575,665.2918536846455 37.53007037846686,55.71599067564867,664.5413196270283 37.52975213573071,55.71598686627732,664.3166644756611 37.529433893070944,55.71598305608166,664.3166644756611 37.52911565048756,55.71597924506172,661.9289233867939 37.52879740798058,55.71597543321747,660.7037799541768 37.52847916555003,55.715971620548935,660.7037799541768 37.52816092319592,55.715967807056096,660.9111621563252 37.52784268091826,55.71596399273897,661.1532275860127 37.52752443871707,55.71596017759755,661.1532275860127 37.527206196592374,55.71595636163183,662.1425159160908 37.526887954544186,55.71595254484182,663.0335986797627 37.52656971257251,55.71594872722752,663.0335986797627 37.52625147067738,55.71594490878893,665.7289111797627 37.5259332288588,55.71594108952604,668.8846118633564 37.52561498711679,55.71593726943887,668.8846118633564 37.525296745451364,55.7159334485274,670.640608567458 37.52497850386255,55.71592962679164,670.2902209942158 37.52466026235035,55.7159258042316,670.2902209942158 37.524342020914794,55.71592198084727,667.2909839336689 37.52402377955588,55.715918156638644,667.495100754958 37.523705538273646,55.71591433160573,667.495100754958 37.5233872970681,55.71591050574853,667.8217914287861 37.523069055939246,55.71590667906704,666.6135242168721 37.52275081488712,55.71590285156127,666.6135242168721 37.52243257391173,55.715899023231195,663.3311298076924 37.522114333013086,55.71589519407685,661.8029163067158 37.52179609219121,55.71589136409821,661.8029163067158 37.52147785144612,55.7158875332953,661.1589801494893 37.52115961077784,55.71588370166808,660.7187946026143 37.520841370186375,55.7158798692166,660.7187946026143 37.520523129671744,55.71587603594082,664.1351611797627 37.52020488923396,55.71587220184076,665.4110706035908 37.519886648873054,55.71586836691642,665.4110706035908 37.519568408589016,55.7158645311678,664.6655566875752 37.519250168381895,55.715860694594895,663.9168994610127 37.51893192825168,55.7158568571977,663.9168994610127 37.51861368819841,55.715853018976226,665.1140735332783 37.518295448222084,55.71584917993048,668.4486530010518 37.51797720832272,55.71584534006045,668.4486530010518 37.51765896850035,55.71584149936613,667.2990100567158 37.517340728754974,55.71583765784753,663.2592914287861 37.51702248908661,55.71583381550466,663.2592914287861 37.516704249495284,55.71582997233751,659.1957996074971 37.516386009981005,55.71582612834608,657.2097461407002 37.51606777054379,55.71582228353037,657.2097461407002 37.515749531183666,55.715818437890384,658.4690540020283 37.51543129190063,55.71581459142611,658.2682025615986 37.51511305269472,55.71581074413757,658.2682025615986 37.514794813565935,55.71580689602475,659.4650104229268 37.5144765745143,55.715803047087654,662.2290790264424 37.514158335539825,55.715799197326284,662.2290790264424 37.51384009664254,55.71579534674064,661.8706195537861 37.51352185782245,55.71579149533073,660.6257312481221 37.51320361907957,55.71578764309653,660.6257312481221 37.51288538041392,55.71578379003805,662.0937640850361 37.51256714182553,55.71577993615532,667.6256244365986 37.512248903314386,55.715776081448304,667.6256244365986 37.51193066488054,55.71577222591701,667.6429736797627 37.51161242652398,55.71576836956146,660.7586047832783 37.51129418824473,55.715764512381625,660.7586047832783 37.51097595004282,55.71576065437752,655.4307391826924 37.51065771191825,55.71575679554914,654.691633958083 37.51033947387104,55.7157529358965,654.691633958083 37.51002123590121,55.71574907541958,651.6584460918721 37.509702998008784,55.71574521411839,651.076155442458 37.50938476019377,55.715741351992946,651.076155442458 37.50906652245617,55.71573748904322,649.3216540996846 37.50874828479603,55.71573362526923,646.5972278301533 37.508430047213345,55.71572976067096,646.5972278301533 37.50811180970814,55.71572589524845,644.953840989333 37.507793572280434,55.715722029001654,643.4449451153096 37.50747533493023,55.71571816193059,643.4449451153096 37.507157097657554,55.715714294035266,641.7068622295674 37.50683886046243,55.71571042531567,639.685042161208 37.50652062334486,55.71570655577182,639.685042161208 37.50620238630488,55.715702685403684,636.1074207012471 37.50588414934248,55.7156988142113,632.844954270583 37.5055659124577,55.71569494219465,632.844954270583 37.50524767565054,55.71569106935374,629.3077380840596 37.504929438921025,55.71568719568857,625.6851337139424 37.50461120226917,55.71568332119912,625.6851337139424 37.50429296569499,55.71567944588542,624.6784198467549 37.5039747291985,55.71567556974745,629.1422565166768 37.50365649277972,55.71567169278522,629.1422565166768 37.503338256438674,55.71566781499873,631.1768481914814 37.50302002017536,55.71566393638798,630.2618396465596 37.50270178398981,55.715660056952984,630.2618396465596 37.50238354788203,55.71565617669372,631.7846973125752 37.50206531185205,55.715652295610184,635.9123065655049 37.50174707589987,55.7156484137024,635.9123065655049 37.501428840025525,55.71564453097036,634.7518298809346 37.50111060422901,55.715640647414055,630.6492450420674 37.50079236851036,55.715636763033494,630.6492450420674 37.500474132869584,55.715632877828675,629.1285083477314 37.5001558973067,55.71562899179961,628.9341724102314 37.499837661821715,55.71562510494628,628.9341724102314 37.49951942641466,55.71562121726869,629.0232837383564 37.49920119108554,55.71561732876685,628.8383014385518 37.498882955834375,55.71561343944076,628.8383014385518 37.4985647206612,55.715609549290406,628.1357104961689 37.49824648556599,55.715605658315795,627.2541034405049 37.49792825054881,55.71560176651693,627.2541034405049 37.49761001560964,55.71559787389383,627.4171588604268 37.497291780748505,55.71559398044646,627.3953387920674 37.49697354596543,55.71559008617484,627.3953387920674 37.49665531126043,55.71558619107898,627.1561725323018 37.49633707663352,55.71558229515886,627.0620105449971 37.496018842084716,55.715578398414486,627.0620105449971 37.495700607614026,55.71557450084587,627.3892657940205 37.49538237322148,55.71557060245299,627.8195789043721 37.49506413890709,55.71556670323587,627.8195789043721 37.494745904670864,55.715562803194494,631.9183337871846 37.49442767051283,55.71555890232889,634.5061481182393 37.494109436433,55.715555000639014,634.5061481182393 37.49379120243139,55.7155510981249,632.1814258282002 37.493472968508016,55.71554719478653,633.5142352764424 37.493154734662895,55.71554329062393,633.5142352764424 37.49283650089605,55.71553938563707,640.0866687481221 37.49251826720749,55.71553547982597,649.6288135235127 37.49220003359723,55.715531573190624,649.6288135235127 37.49188180006529,55.715527665731024,651.4398944561299 37.49156356661168,55.715523757447194,653.9875476543721 37.491245333236435,55.7155198483391,653.9875476543721 37.490927099939555,55.715515938406774,657.0003650371846 37.490608866721054,55.7155120276502,658.4504077617939 37.49029063358096,55.71550811606939,658.4504077617939 37.48997240051928,55.71550420366433,656.6795337383564 37.489654167536045,55.71550029043503,653.8296802227314 37.48933593463126,55.71549637638148,653.8296802227314 37.48901770180493,55.7154924615037,653.6743610088643 37.488699469057096,55.71548854580167,655.3541400615986 37.48838123638776,55.71548462927541,655.3541400615986 37.488063003796945,55.71548071192491,656.3949725811299 37.48774477128466,55.71547679375017,654.5320270244893 37.487426538850926,55.71547287475119,654.5320270244893 37.48710830649576,55.715468954927964,652.0714099590596 37.48679007421917,55.7154650342805,651.6439807598408 37.48647184202119,55.7154611128088,651.6439807598408 37.48615360990183,55.71545719051286,653.0694110576924 37.485835377861086,55.71545326739269,653.9358966533955 37.48551714589901,55.71544934344828,653.9358966533955 37.48519891401559,55.715445418679636,655.4716174785908 37.48488068221085,55.71544149308674,657.7479083721455 37.484562450484816,55.715437566669635,657.7479083721455 37.484244218837496,55.715433639428284,660.2909381573018 37.483925987268904,55.7154297113627,662.6388538067158 37.48360775577906,55.715425782472884,662.6388538067158 37.48328952436799,55.71542185275882,663.7491290752705 37.482971293035696,55.71541792222053,660.2301624004658 37.482653061782194,55.71541399085802,660.2301624004658 37.48233483060752,55.71541005867126,657.2979114239033 37.48201659951167,55.71540612566027,656.4192645733174 37.48169836849466,55.71540219182507,656.4192645733174 37.48138013755652,55.71539825716563,655.3217456524189 37.48106190669726,55.71539432168194,655.9756000225361 37.480743675916905,55.715390385374036,655.9756000225361 37.48042544521545,55.7153864482419,656.0126483623799 37.480107214592934,55.71538251028554,656.9050891582783 37.479788984049364,55.71537857150495,656.9050891582783 37.47947075358475,55.71537463190012,657.7664935772236 37.479152523199126,55.715370691471065,657.3110034649189 37.478834292892486,55.7153667502178,657.3110034649189 37.478516062664866,55.7153628081403,656.8332202617939 37.47819783251627,55.715358865238564,657.2583911602314 37.47787960244673,55.715354921512606,657.2583911602314 37.477561372456236,55.71535097696243,658.0908496563252 37.47724314254483,55.715347031588024,657.864485520583 37.47692491271251,55.71534308538939,657.864485520583 37.476606682959314,55.715339138366524,656.6588733379658 37.47628845328524,55.71533519051945,654.8891284649189 37.47597022369032,55.71533124184814,654.8891284649189 37.47565199417455,55.71532729235262,653.4173877422627 37.475333764737954,55.71532334203286,653.6173236553486 37.475015535380564,55.7153193908889,653.6173236553486 37.47469730610237,55.7153154389207,652.5710590069111 37.47437907690341,55.71531148612829,650.5236499492939 37.4740608477837,55.71530753251166,650.5236499492939 37.473742618743245,55.7153035780708,647.0713489239033 37.47342438978206,55.71529962280572,645.4506519024189 37.47310616090017,55.71529566671642,645.4506519024189 37.47278793209759,55.71529170980291,640.3183124248799 37.47246970337434,55.715287752065194,632.8206927959736 37.47215147473043,55.71528379350323,632.8206927959736 37.47183324616588,55.71527983411706,629.0507800762471 37.47151501768071,55.71527587390667,628.7252032940205 37.47119678927492,55.715271912872076,628.7252032940205 37.47087856094854,55.71526795101325,626.5877521221455 37.47056033270159,55.71526398833022,624.926008958083 37.47024210453408,55.71526002482298,624.926008958083 37.46992387644603,55.71525606049151,624.5773914043721 37.46960564843745,55.71525209533583,627.2111041729268 37.469287420508365,55.715248129355935,627.2111041729268 37.46896919265878,55.71524416255183,628.670882004958 37.468650964888724,55.71524019492351,627.5293872539814 37.46833273719821,55.715236226470985,627.5293872539814 37.46801450958725,55.71523225719423,627.1831348125752 37.46769628205587,55.715228287093275,626.8169696514424 37.46737805460407,55.715224316168104,626.8169696514424 37.46705982723188,55.71522034441873,627.1672961895283 37.46674159993931,55.71521637184514,625.8108661358174 37.46642337272638,55.715212398447335,625.8108661358174 37.46610514559311,55.715208424225324,626.2250354473408 37.465786918539514,55.715204449179105,627.0388782207783 37.4654686915656,55.71520047330868,627.0388782207783 37.46515046467139,55.71519649661404,629.1740405742939 37.4648322378569,55.71519251909519,633.0060413067158 37.46451401112216,55.71518854075215,633.0060413067158 37.464195784467165,55.715184561584884,637.3603809063252 37.46387755789195,55.715180581593415,638.3931415264424 37.46355933139652,55.715176600777745,638.3931415264424 37.46324110498088,55.715172619137874,637.9915454571064 37.462922878645074,55.71516863667379,638.7414233867939 37.4626046523891,55.7151646533855,638.7414233867939 37.462286426212984,55.71516066927301,640.6272723858174 37.461968200116736,55.715156684336314,644.5689838115986 37.461649974100375,55.715152698575416,644.5689838115986 37.46133174816392,55.71514871199031,646.2745654766377 37.461013522307375,55.715144724581,645.3250720684346 37.46069529653077,55.7151407363475,645.3250720684346 37.46037707083413,55.71513674728979,646.7447040264424 37.460058845217446,55.71513275740787,648.3703296367939 37.45974061968075,55.715128766701774,648.3703296367939 37.459422394224056,55.71512477517146,646.2649066631611 37.45910416884738,55.715120782816946,642.6670062725361 37.45878594355074,55.71511678963824,642.6670062725361 37.45846771833415,55.715112795635335,641.5847308819111 37.45814949319764,55.715108800808224,644.0757892315205 37.4578312681412,55.71510480515692,644.0757892315205 37.457513043164866,55.71510080868142,648.8062427227314 37.45719481826865,55.71509681138172,649.262434739333 37.45687659345256,55.71509281325782,649.262434739333 37.45655836871663,55.715088814309716,649.6841418926533 37.45624014406087,55.71508481453743,650.1842792217549 37.455921919485284,55.715080813940936,650.1842792217549 37.455603694989904,55.71507681252026,650.4811999981221 37.45528547057474,55.71507281027539,647.7381122295674 37.454967246239804,55.71506880720632,647.7381122295674 37.45464902198512,55.71506480331306,646.6748340313252 37.4543307978107,55.71506079859561,649.3017871563252 37.45401257371657,55.715056793053954,649.3017871563252 37.45369434970273,55.71505278668812,651.7051990215596 37.45337612576921,55.71504877949808,649.4110553448018 37.453057901916026,55.71504477148385,649.4110553448018 37.45273967814318,55.715040762645444,648.0419299785908 37.4524214544507,55.71503675298284,647.8645160381611 37.45210323083861,55.71503274249604,647.8645160381611 37.45178500730691,55.71502873118506,647.7945697490986 37.451466783855636,55.715024719049886,645.5974261944111 37.45114856048478,55.71502070609052,645.5974261944111 37.450830337194375,55.71501669230696,642.2651813213643 37.45051211398444,55.71501267769923,640.5008228008564 37.45050500159964,55.71519231920927,640.5008228008564 37.45049788913436,55.71537196071343,645.4033801739033 37.45049077658859,55.715551602211704,651.1394946758564 37.450483663962345,55.71573124370408,651.1394946758564 37.45047655125561,55.715910885190574,656.7951038067158 37.45046943846839,55.71609052667116,659.1869495098408 37.450462325600675,55.716270168145854,659.1869495098408 37.45045521265248,55.71644980961467,656.5649860088643 37.4504480996238,55.71662945107759,660.4048297588643 37.45044098651462,55.71680909253462,660.4048297588643 37.45043387332494,55.71698873398574,659.817122239333 37.450426760054775,55.71716837543099,658.6214282696064 37.45041964670412,55.71734801687034,658.6214282696064 37.45041253327296,55.717527658303794,660.2339313213643 37.4504054197613,55.717707299731366,660.1210162823018 37.45039830616914,55.71788694115303,660.1210162823018 37.4503911924965,55.71806658256883,660.1868274395283 37.45038407874333,55.71824622397871,660.0258929912861 37.45070232822263,55.71825023907045,657.3286884014424 37.451020577782415,55.718254253337896,657.0389239971455 37.451338827422674,55.71825826678106,657.0389239971455 37.45165707714339,55.71826227939992,659.7429340069111 37.45197532694453,55.71826629119451,663.3915546123799 37.452293576826094,55.71827030216481,663.3915546123799 37.452611826788065,55.71827431231082,665.2943561260518 37.45293007683042,55.71827832163253,660.4275806133564 37.453248326953144,55.71828233012996,660.4275806133564 37.45356657715623,55.718286337803086,659.3557574932393 37.453884827439644,55.718290344651926,663.0706317608174 37.454203077803385,55.71829435067648,663.0706317608174 37.45452132824744,55.71829835587673,668.4001605694111 37.45483957877177,55.71830236025271,664.3910510723408 37.45515782937637,55.71830636380438,664.3910510723408 37.45547608006123,55.71831036653176,663.7203357403096 37.45579433082633,55.71831436843485,664.1492297832783 37.45611258167166,55.71831836951364,664.1492297832783 37.456430832597185,55.71832236976814,663.6772144024189 37.4567490836029,55.718326369198344,659.1019733135518 37.457067334688794,55.71833036780425,659.1019733135518 37.457385585854844,55.718334365585854,657.7056567852314 37.45770383710102,55.71833836254318,657.1668384258564 37.458022088427334,55.718342358676196,657.1668384258564 37.45834033983375,55.71834635398491,659.9138477032002 37.45865859132026,55.71835034846934,660.6081836407002 37.45897684288684,55.71835434212946,660.6081836407002 37.45929509453348,55.71835833496529,661.8489062969502 37.459613346260156,55.718362326976816,659.8128650371846 37.45993159806686,55.71836631816405,659.8128650371846 37.46024984995358,55.718370308526964,660.6805560772236 37.46056810192027,55.7183742980656,661.7074725811299 37.460886353966956,55.718378286779924,661.7074725811299 37.46120460609359,55.71838227466994,655.5090930645283 37.461522858300164,55.71838626173567,652.1841724102314 37.46184111058667,55.71839024797708,652.1841724102314 37.46215936295308,55.7183942333942,649.2516467754658 37.462477615399386,55.71839821798702,649.7325885479268 37.462795867925564,55.71840220175553,649.7325885479268 37.46311412053161,55.71840618469973,649.0845630352314 37.463432373217486,55.71841016681963,645.3888232891377 37.463750625983195,55.71841414811524,645.3888232891377 37.46406887882872,55.718418128586514,643.7103717510518 37.46438713175403,55.71842210823351,642.9803760235127 37.46470538475912,55.71842608705619,642.9803760235127 37.46502363784396,55.71843006505456,642.9713428203877 37.465341891008556,55.71843404222863,640.7378223125752 37.46566014425288,55.71843801857838,640.7378223125752 37.46597839757691,55.718441994103834,639.3296039287861 37.46629665098064,55.71844596880497,637.5062549297627 37.46661490446404,55.71844994268181,637.5062549297627 37.46693315802711,55.71845391573433,635.0758960430439 37.467251411669814,55.718457887962536,636.3797900860127 37.467569665392155,55.71846185936644,636.3797900860127 37.467887919194105,55.718465829946034,638.7301471416768 37.46820617307565,55.71846979970131,634.9352252666768 37.468524427036776,55.71847376863229,634.9352252666768 37.46884268107746,55.71847773673895,631.2972400371846 37.4691609351977,55.71848170402129,630.6698901836689 37.46947918939746,55.71848567047931,630.6698901836689 37.46979744367674,55.718489636113034,630.4645984356221 37.47011569803551,55.718493600922436,628.3460681621846 37.470433952473755,55.71849756490754,628.3460681621846 37.47075220699147,55.71850152806831,628.6614978496846 37.47107046158864,55.71850549040477,630.8790118877705 37.47138871626523,55.718509451916916,630.8790118877705 37.471706971021234,55.718513412604736,627.8661487285908 37.47202522585664,55.718517372468256,628.7367541973408 37.47234348077142,55.718521331507446,628.7367541973408 37.47266173576558,55.71852528972232,631.783186692458 37.47297999083907,55.71852924711288,631.2424762432393 37.4732982459919,55.71853320367913,631.2424762432393 37.47361650122404,55.718537159421054,628.1740405742939 37.473934756535485,55.718541114338656,626.2801654522236 37.47425301192621,55.71854506843194,626.2801654522236 37.47457126739619,55.71854902170091,626.8678424541768 37.47488952294544,55.718552974145545,630.4219501201924 37.4752077785739,55.71855692576587,630.4219501201924 37.47552603428159,55.71856087656187,635.8034045879658 37.47584429006848,55.71856482653355,635.1675403301533 37.47616254593454,55.71856877568091,635.1675403301533 37.47648080187978,55.71857272400394,635.2658221905049 37.47679905790417,55.71857667150265,634.6838061992939 37.477117314007685,55.71858061817703,634.6838061992939 37.47743557019032,55.71858456402709,635.5719745342549 37.47775382645206,55.71858850905284,637.4583728496846 37.47807208279288,55.71859245325426,637.4583728496846 37.478390339212766,55.71859639663135,638.5688770000752 37.47870859571171,55.7186003391841,638.9540088360127 37.47902685228968,55.71860428091255,638.9540088360127 37.47934510894667,55.71860822181665,642.2336414043721 37.47966336568266,55.718612161896445,644.3230731670674 37.47998162249763,55.7186161011519,644.3230731670674 37.48029987939158,55.71862003958302,644.4397876446064 37.48061813636448,55.71862397718982,644.1387164776143 37.48093639341631,55.7186279139723,644.1387164776143 37.48125465054706,55.71863184993044,640.4526050274189 37.481572907756714,55.71863578506425,637.0075824444111 37.481891165045255,55.71863971937373,637.0075824444111 37.482209422412666,55.71864365285887,633.5069720928486 37.482527679858926,55.718647585519705,634.1275470440205 37.48284593738403,55.718651517356186,634.1275470440205 37.48316419498794,55.718655448368345,635.9810931865986 37.48348245267067,55.71865937855617,633.4602039043721 37.48380071043218,55.718663307919655,633.4602039043721 37.48411896827246,55.71866723645882,630.0235126201924 37.48443722619149,55.71867116417364,631.3382404033955 37.48475548418926,55.71867509106413,631.3382404033955 37.485073742265755,55.71867901713029,633.7659747783955 37.485392000420944,55.71868294237211,634.1684558574971 37.48571025865483,55.71868686678959,634.1684558574971 37.48602851696739,55.718690790382745,635.5202624981221 37.4863467753586,55.718694713151564,634.0730273907002 37.486665033828444,55.71869863509603,634.0730273907002 37.48698329237692,55.71870255621617,631.7768085186299 37.487301551003995,55.718706476511976,631.4416644756611 37.487619809709656,55.71871039598343,631.4416644756611 37.4879380684939,55.71871431463056,632.2030780498799 37.48825632735669,55.71871823245335,630.5668933574971 37.48857458629802,55.71872214945179,630.5668933574971 37.48889284531788,55.718726065625894,629.0390155498799 37.48921110441624,55.71872998097566,629.4283130352314 37.48952936359309,55.71873389550108,629.4283130352314 37.48984762284842,55.718737809202175,631.1898334209736 37.490165882182204,55.718741722078924,631.1516559307393 37.49048414159442,55.71874563413132,631.1516559307393 37.49080240108507,55.71874954535938,628.3533923809346 37.491120660654126,55.71875345576309,622.9712817852314 37.49143892030157,55.71875736534246,622.9712817852314 37.49175718002739,55.71876127409749,621.0731952373799 37.49207543983157,55.71876518202818,622.518049973708 37.49239369971409,55.71876908913452,622.518049973708 37.49271195967493,55.718772995416515,624.4840686504658 37.493030219714086,55.71877690087416,624.951155442458 37.49334847983153,55.718780805507464,624.951155442458 37.493666740027244,55.718784709316424,627.5761859600361 37.49398500030123,55.718788612301026,626.7315967266377 37.494303260653446,55.718792514461285,626.7315967266377 37.4946215210839,55.71879641579721,622.1328418438252 37.49493978159255,55.71880031630877,621.0469501201924 37.4952580421794,55.71880421599599,621.0469501201924 37.49557630284443,55.71880811485887,622.5402515117939 37.49589456358761,55.71881201289739,626.0051715557393 37.496212824408936,55.718815910111545,626.0051715557393 37.4965310853084,55.71881980650137,629.3288104717549 37.49684934628596,55.71882370206685,626.5845020000752 37.49716760734162,55.71882759680796,626.5845020000752 37.49748586847536,55.718831490724725,624.9137866680439 37.497804129687154,55.71883538381714,623.6879413311299 37.498122390977,55.718839276085205,623.6879413311299 37.498440652344875,55.71884316752891,622.3116901104268 37.49875891379075,55.718847058148256,622.5655811016377 37.49907717531463,55.718850947943274,622.5655811016377 37.49939543691649,55.71885483691392,627.6440570537861 37.4997136985963,55.7188587250602,629.7947681133564 37.50003196035407,55.718862612382146,629.7947681133564 37.50035022218976,55.71886649887973,629.2317035381611 37.500668484103365,55.71887038455295,629.3363940899189 37.50098674609486,55.71887426940182,629.3363940899189 37.501305008164245,55.718878153426346,628.0855701153096 37.50162327031149,55.71888203662649,627.7810657207783 37.50194153253657,55.71888591900229,627.7810657207783 37.50225979483949,55.71888980055372,627.1042926494893 37.50257805722023,55.71889368128081,626.5788257305439 37.502896319678754,55.71889756118353,626.5788257305439 37.503214582215065,55.7189014402619,626.8202045147236 37.50353284482914,55.7189053185159,628.4447620098408 37.50385110752095,55.71890919594554,628.4447620098408 37.50416937029051,55.71891307255082,626.3798816387471 37.50448763313778,55.718916948331746,624.6494281475361 37.50480589606274,55.7189208232883,624.6494281475361 37.50512415906538,55.71892469742049,621.3076923076924 37.50544242214569,55.71892857072834,621.3076923076924 37.50576068530365,55.718932443211806,621.3076923076924 37.50607894853924,55.718936314870916,621.3076923076924 37.506397211852445,55.718940185705655,621.3076923076924 37.506715475243254,55.71894405571604,621.3076923076924 37.507033738711634,55.718947924902054,621.3076923076924 37.50735200225759,55.718951793263706,621.3076923076924 37.50767026588109,55.71895566080099,621.3076923076924 37.50798852958212,55.71895952751391,622.0830981914814 37.50830679336068,55.71896339340246,625.4913165752705 37.508625057216726,55.718967258466655,625.4913165752705 37.50894332115026,55.71897112270647,627.7833087627705 37.50926158516126,55.718974986121914,628.6654193584736 37.50957984924971,55.71897884871301,628.6654193584736 37.5098981134156,55.71898271047972,627.7647235576924 37.5102163776589,55.718986571422064,627.828840989333 37.51053464197961,55.71899043154004,627.828840989333 37.51085290637769,55.71899429083365,628.5658099834736 37.511171170853146,55.718998149302884,630.4197528545674 37.511489435405956,55.71900200694775,630.4197528545674 37.5118077000361,55.719005863768245,633.8595264141377 37.512125964743554,55.719009719764365,636.3304279033955 37.51244422952832,55.71901357493613,636.3304279033955 37.512762494390365,55.719017429283504,640.8834674541768 37.51308075932968,55.7190212828065,643.8968951885518 37.51339902434625,55.71902513550514,643.8968951885518 37.51371728944005,55.719028987379396,645.9692371074971 37.51403555461108,55.719032838429285,647.934309739333 37.5143538198593,55.719036688654796,647.934309739333 37.51467208518471,55.71904053805593,649.1757800762471 37.514990350587304,55.71904438663269,648.7401263897236 37.51530861606703,55.71904823438508,648.7401263897236 37.51562688162391,55.71905208131308,647.3743884746846 37.515945147257895,55.71905592741671,647.5690906231221 37.516263412968996,55.719059772695964,647.5690906231221 37.51658167875718,55.71906361715084,648.6174304668721 37.51689994462244,55.71906746078133,649.9309985821064 37.51721821056474,55.71907130358746,649.9309985821064 37.51753647658409,55.7190751455692,651.1982104961689 37.51785474268046,55.719078986726565,651.0557391826924 37.518173008853836,55.719082827059545,651.0557391826924 37.51849127510419,55.71908666656816,648.3704059307393 37.51880954143153,55.71909050525237,646.7395007793721 37.51912780783581,55.71909434311221,646.7395007793721 37.519446074317045,55.71909818014767,646.5852039043721 37.519764340875184,55.71910201635875,646.5654895489033 37.52008260751025,55.71910585174545,646.5654895489033 37.52040087422219,55.71910968630775,647.3204639141377 37.52071914101101,55.71911352004568,648.8391711895283 37.521037407876676,55.71911735295922,648.8391711895283 37.52135567481919,55.71912118504839,647.908674973708 37.52167394183853,55.71912501631317,644.7208545391377 37.52199220893467,55.719128846753556,644.7208545391377 37.522310476107606,55.71913267636957,647.903303879958 37.52262874335731,55.71913650516119,654.2111804668721 37.52294701068377,55.71914033312843,654.2111804668721 37.52326527808698,55.71914416027127,654.0673206035908 37.52358354556691,55.71914798658974,656.2922809307393 37.523901813123544,55.719151812083815,656.2922809307393 37.524220080756876,55.71915563675349,656.3554370586689 37.524538348466876,55.71915946059878,655.9879749004658 37.52485661625354,55.7191632836197,655.9879749004658 37.525174884116836,55.71916710581622,657.8714282696064 37.52549315205676,55.71917092718836,657.4291980449971 37.5258114200733,55.7191747477361,657.4291980449971 37.52612968816643,55.719178567459444,656.4000384990986 37.526447956336135,55.719182386358405,654.8447253887471 37.5267662245824,55.719186204432965,654.8447253887471 37.5270844929052,55.71919002168315,653.2615497295674 37.527402761304536,55.719193838108936,655.5832507793721 37.52772102978038,55.719197653710324,655.5832507793721 37.528039298332715,55.71920146848733,660.4503162090596 37.52835756696153,55.71920528243994,663.5699298565205 37.5286758356668,55.71920909556814,663.5699298565205 37.528994104448515,55.71921290787195,665.6397693340596 37.52931237330666,55.71921671935138,667.8786914532002 37.529630642241216,55.71922053000641,667.8786914532002 37.529948911252156,55.71922433983704,664.4972064678486 37.530267180339486,55.71922814884328,664.2976215069111 37.53058544950317,55.719231957025116,664.2976215069111 37.5309037187432,55.71923576438255,662.6973865215596 37.531221988059556,55.7192395709156,661.1282184307393 37.531540257452235,55.719243376624256,661.1282184307393 37.5318585269212,55.71924718150851,662.0862262432393 37.532176796466445,55.71925098556835,661.8437183086689 37.53249506608795,55.71925478880381,661.8437183086689 37.532813335785704,55.71925859121486,664.3913867657002 37.53313160555968,55.71926239280152,669.4163348858174 37.53344987540988,55.71926619356377,669.4163348858174 37.53376814533627,55.71926999350163,671.7573993389424 37.53408641533884,55.71927379261507,668.9513843242939 37.53440468541757,55.71927759090411,668.9513843242939 37.534722955572455,55.71928138836877,667.9304492657002 37.53504122580346,55.71928518500902,668.9463794414814 37.53535949611059,55.719288980824864,668.9463794414814 37.535677766493805,55.7192927758163,667.7024676983174 37.5359960369531,55.71929656998335,667.1492450420674 37.53631430748847,55.71930036332598,667.1492450420674 37.53663257809988,55.71930415584419,668.183821458083 37.53695084878733,55.71930794753801,669.3801257793721 37.537269119550785,55.719311738407434,669.3801257793721 37.53758739039024,55.71931552845245,662.697493333083 37.53790566130568,55.719319317673055,650.8739154522236 37.538223932297086,55.719323106069254,650.8739154522236 37.538542203364436,55.719326893641046,643.8077228252705 37.53886047450772,55.71933068038843,636.6244189922627 37.539178745726915,55.71933446631141,636.6244189922627 37.539497017022015,55.71933825140998,619.205664414626 37.539815288393,55.719342035684136,612.8076923076924 37.54013355983984,55.71934581913389,612.8076923076924 37.54045183136254,55.719349601759234,612.8076923076924 37.54077010296107,55.71935338356016,612.8076923076924 37.541088374635414,55.71935716453669,612.8076923076924 37.54140664638556,55.7193609446888,612.8076923076924 37.54172491821149,55.7193647240165,612.8076923076924 37.54204319011318,55.719368502519785,612.8076923076924 37.54236146209063,55.71937228019866,613.3378207866963 37.54267973414381,55.719376057053125,614.709082383376 37.54299800627271,55.719379833083174,614.709082383376 37.543316278477306,55.719383608288815,619.4502551739033 37.543634550757595,55.719387382670035,623.0626514141377 37.54395282311354,55.719391156226834,623.0626514141377 37.54427109554515,55.71939492895924,621.9338672344502 37.544589368052385,55.71939870086722,620.9261157696064 37.544907640635245,55.71940247195077,620.9261157696064 37.5452259132937,55.71940624220993,620.2816913311299 37.54554418602774,55.719410011644655,621.4967487041768 37.545862458837355,55.71941378025497,621.4967487041768 37.54618073172252,55.71941754804087,623.2467487041768 37.54649900468323,55.71942131500235,623.226790208083 37.54681727771944,55.71942508113941,623.226790208083 37.54713555083117,55.71942884645206,620.3727100078877 37.547453824018376,55.71943261094028,622.0253436748799 37.547772097281054,55.719436374604086,622.0253436748799 37.548090370619185,55.71944013744347,623.645491379958 37.54840864403276,55.71944389945845,624.4270923321064 37.54872691752175,55.719447660648974,624.4270923321064 37.549045191086144,55.719451421015115,623.0997607891377 37.54936346472593,55.71945518055681,623.3834521953877 37.54968173844108,55.71945893927409,623.3834521953877 37.550000012231585,55.71946269716695,621.9902484600361 37.55031828609743,55.71946645423539,618.9661090557393 37.5506365600386,55.71947021047941,618.9661090557393 37.55095483405506,55.719473965899,616.5925891582783 37.55127310814682,55.71947772049416,616.6528842632588 37.55159138231386,55.7194814742649,616.6528842632588 37.55190965655614,55.71948522721122,617.8984744732197 37.55222793087367,55.719488979333114,617.9117267315205 37.55254620526642,55.719492730630584,617.9117267315205 37.552864479734374,55.719496481103626,617.8923404400166 37.553182754277515,55.71950023075223,617.3124606792744 37.55350102889583,55.71950397957643,617.3124606792744 37.55381930358931,55.719507727576186,617.0795276348408 37.55413757835791,55.71951147475152,617.0888736431416 37.55445585320165,55.71951522110242,617.0888736431416 37.55477412812049,55.719518966628904,617.8079440777119 37.55509240311442,55.71952271133095,620.0917499248799 37.555410678183435,55.71952645520857,620.0917499248799 37.55572895332749,55.71953019826175,620.986799973708 37.556047228546596,55.71953394049052,621.0511005108174 37.55636550384072,55.71953768189484,621.0511005108174 37.55668377920986,55.71954142247474,620.5464008037861 37.55700205465399,55.71954516223021,620.6183154766377 37.55732033017309,55.71954890116123,620.6183154766377 37.55763860576715,55.719552639267846,622.0520007793721 37.557956881436155,55.71955637655001,620.4494617168721 37.558275157180084,55.71956011300775,620.4494617168721 37.55859343299891,55.71956384864105,618.5019824688252 37.558911708892644,55.719567583449916,618.6401889507588 37.55922998486125,55.71957131743435,618.6401889507588 37.55954826090471,55.71957505059436,620.1656100933369 37.55986653702302,55.71957878292992,620.3369128887471 37.560184813216146,55.719582514441036,620.3369128887471 37.56050308948409,55.719586245127736,620.1814487163838 37.560821365826826,55.719589974989994,620.0067508404072 37.561139642244335,55.719593704027815,620.0067508404072 37.561457918736615,55.719597432241194,621.5238330547627 37.56177619530362,55.71960115963014,623.8684985821064 37.562094471945365,55.71960488619465,623.8684985821064 37.56241274866182,55.71960861193472,623.8994281475361 37.56273102545297,55.719612336850346,622.4515063946064 37.563049302318795,55.71961606094154,622.4515063946064 37.56336757925928,55.719619784208284,624.5453784649189 37.56368585627441,55.71962350665059,625.9529102032002 37.564004133364165,55.719627228268465,625.9529102032002 37.56432241052854,55.719630949061894,625.4644153301533 37.5646406877675,55.71963466903088,623.9597613994893 37.56495896508105,55.719638388175426,623.9597613994893 37.56527724246915,55.71964210649553,622.8693530742939 37.565595519931804,55.719645823991186,619.1310794536885 37.56591379746899,55.71964954066241,619.1310794536885 37.56623207508068,55.719653256509176,616.9107272808369 37.566550352766875,55.719656971531506,618.1310718242939 37.566868630527544,55.719660685729394,618.1310718242939 37.56718690836267,55.71966439910283,619.3408801739033 37.56750518627225,55.71966811165183,620.9488513653096 37.56782346425626,55.71967182337638,620.9488513653096 37.56814174231468,55.7196755342765,622.5948169414814 37.5684600204475,55.71967924435214,622.9784228985127 37.5687782986547,55.71968295360336,622.9784228985127 37.56909657693626,55.719686662030114,622.1197345440205 37.56941485529218,55.719690369632424,621.4921863262471 37.569733133722416,55.719694076410306,621.4921863262471 37.570051412226974,55.719697782363724,623.7810962383564 37.570369690805826,55.7197014874927,625.4482562725361 37.570687969458966,55.71970519179722,625.4482562725361 37.571006248186364,55.719708895277286,622.6964557354268 37.571324526988015,55.71971259793291,619.8512180034932 37.571642805863895,55.71971629976407,619.8512180034932 37.571961084814,55.7197200007708,619.5057666485127 37.5722793638383,55.71972370095307,619.5346744243916 37.57259764293677,55.719727400310894,619.5346744243916 37.57291592210941,55.71973109884425,619.9180286114033 37.57323420135621,55.71973479655317,621.713118333083 37.57355248067714,55.71973849343764,621.713118333083 37.573870760072175,55.71974218949764,624.8833148662861 37.574189039541324,55.719745884733186,625.8720081035908 37.57450731908455,55.719749579144285,625.8720081035908 37.57482559870184,55.71975327273093,622.6383044903096 37.575143878393185,55.71975696549311,623.8610370342549 37.575462158158565,55.71976065743084,623.8610370342549 37.57578043799796,55.719764348544125,627.9686877910908 37.57609871791136,55.719768038832946,628.8631732647236 37.57641699789873,55.7197717282973,628.8631732647236 37.57673527796008,55.71977541693722,628.4086902324971 37.57705355809538,55.71977910475266,628.0590503399189 37.577371838304614,55.719782791743654,628.0590503399189 37.57769011858777,55.71978647791019,624.0761859600361 37.57800839894482,55.71979016325226,620.6598346416768 37.57832667937576,55.71979384776988,620.6598346416768 37.57864495988057,55.71979753146304,620.7535999004658 37.57896324045923,55.71980121433174,623.7197864239033 37.579281521111724,55.71980489637596,623.7197864239033 37.57959980183804,55.71980857759574,624.315169114333 37.57991808263816,55.71981225799105,620.2561633770283 37.580236363512064,55.719815937561904,620.2561633770283 37.58055464445974,55.71981961630829,618.7459018413838 37.58087292548117,55.71982329423022,619.8845508282002 37.581191206576335,55.71982697132767,619.8845508282002 37.58150948774522,55.71983064760068,622.0152423565205 37.58182776898781,55.71983432304922,623.2731464092549 37.58214605030408,55.719837997673295,623.2731464092549 37.582464331694034,55.7198416714729,624.5669543926533 37.582782613157626,55.71984534444804,624.2266986553486 37.583100894694866,55.719849016598715,624.2266986553486 37.583419176305725,55.71985268792493,620.7888324444111 37.58373745799019,55.71985635842668,614.700423020583 37.584055739748244,55.71986002810396,614.700423020583 37.58437402157987,55.719863696956764,612.3076923076924 37.58469230348505,55.71986736498511,612.3076923076924 37.58501058546376,55.71987103218899,612.3076923076924 37.585328867516004,55.7198746985684,612.3076923076924 37.58564714964175,55.71987836412334,612.3076923076924 37.58596543184098,55.7198820288538,612.3076923076924 37.5862837141137,55.71988569275981,612.3076923076924 37.586601996459855,55.719889355841346,612.7132098858174 37.58692027887946,55.719893018098404,612.7132098858174 37.58723856137249,55.719896679531,617.4138171856221 37.58755684393892,55.71990034013912,623.8249805157002 37.58787512657874,55.71990399992276,623.8249805157002 37.58819340929194,55.71990765888194,625.9370715801533 37.58851169207849,55.719911317016646,631.6039111797627 37.588829974938385,55.719914974326876,631.6039111797627 37.58914825787161,55.719918630812636,638.6140582744893 37.58946654087813,55.71992228647392,645.3765704815205 37.58978482395794,55.719925941310734,645.3765704815205 37.590103107111034,55.719929595323066,648.930403489333 37.59042139033738,55.71993324851093,648.7724139873799 37.590739673636975,55.71993690087431,648.7724139873799 37.59105795700979,55.71994055241322,647.1381366436299 37.591376240455816,55.71994420312766,646.0437915508564 37.59169452397503,55.71994785301761,646.0437915508564 37.59201280756743,55.7199515020831,644.5677631084736 37.59233109123297,55.7199551503241,642.186751145583 37.592649374971664,55.719958797740624,642.186751145583 37.592967658783486,55.71996244433267,638.2582538311299 37.593285942668416,55.71996609010025,634.8147113506611 37.59360422662643,55.71996973504333,634.8147113506611 37.593922510657535,55.71997337916194,634.4898517315205 37.59424079476169,55.719977022456085,634.8787372295674 37.594559078938886,55.71998066492573,634.8787372295674 37.59487736318911,55.71998430657091,636.9826648418721 37.595195647512355,55.719987947391594,639.4260852520283 37.59551393190859,55.71999158738781,639.4260852520283 37.5958322163778,55.719995226559526,643.6645648662861 37.59615050091997,55.719998864906785,643.1268603985127 37.59646878553509,55.720002502429544,643.1268603985127 37.59678707022312,55.72000613912782,641.003401536208 37.59710535498408,55.720009775001614,640.9865405742939 37.597423639817926,55.720013410050925,640.9865405742939 37.59774192472465,55.72001704427576,639.483626145583 37.598060209704244,55.7200206776761,637.644026536208 37.59837849475668,55.720024310251965,637.644026536208 37.59869677988194,55.72002794200334,638.0335223858174 37.59901506508002,55.72003157293022,638.3373248760518 37.59933335035089,55.72003520303263,638.3373248760518 37.599651635694535,55.72003883231054,637.7902362530049 37.599969921110954,55.72004246076398,639.1739185039814 37.600288206600105,55.720046088392905,639.1739185039814 37.600606492161994,55.72004971519737,640.420393723708 37.6009247777966,55.720053341177326,638.3002002422627 37.601243063503894,55.720056966332805,638.3002002422627 37.60156134928388,55.7200605906638,635.6532581035908 37.60187963513652,55.720064214170286,636.3042590801533 37.60219792106181,55.7200678368523,636.3042590801533 37.60251620705973,55.72007145870982,637.0021350567158 37.60283449313027,55.72007507974285,637.8805072490986 37.6031527792734,55.72007869995138,637.8805072490986 37.60347106548911,55.720082319335425,639.5490253155049 37.60378935177739,55.72008593789498,639.9240253155049 37.60410763813822,55.72008955563005,639.9240253155049 37.60442592457157,55.720093172540615,639.5511310283955 37.604744211077445,55.720096788626684,636.6549670879658 37.605062497655815,55.72010040388827,636.6549670879658 37.60538078430667,55.72010401832536,634.9026782696064 37.60569907102999,55.72010763193795,636.6359546367939 37.606017357825756,55.72011124472604,636.6359546367939 37.60633564469396,55.72011485668965,637.0265033428486 37.606653931634575,55.72011846782876,635.809553879958 37.60697221864759,55.72012207814337,635.809553879958 37.60729050573299,55.720125687633484,635.6444080059346 37.60760879289076,55.7201292962991,635.6017444317158 37.607927080120874,55.72013290414023,635.6017444317158 37.60824536742332,55.72013651115685,636.6387775127705 37.60856365479809,55.72014011734898,636.0535876934346 37.608881942245155,55.720143722716614,636.0535876934346 37.609200229764504,55.720147327259745,632.7910449688252 37.60951851735613,55.72015093097837,631.4796436016377 37.60951213345551,55.7203305851397,631.4796436016377 37.609505749482636,55.720510239295265,631.8467395489033 37.609499365437514,55.72068989344505,629.4339587871846 37.60949298132013,55.72086954758907,629.4339587871846 37.6094865971305,55.72104920172729,630.2735278789814 37.60948021286861,55.721228855859756,633.9427325908955 37.60947382853446,55.721408509986446,633.9427325908955 37.60946744412805,55.72158816410736,635.7137134258564 37.609461059649384,55.72176781822248,633.4591815655049 37.609454675098455,55.721947472331856,633.4591815655049 37.60944829047527,55.72212712643544,631.5258166973408 37.60944190577981,55.72230678053326,633.4170978252705 37.609435521012095,55.722486434625296,633.4170978252705 37.60942913617211,55.72266608871155,636.9741809551533 37.60942275125986,55.722845742792046,638.5123279278096 37.60941636627535,55.72302539686675,638.5123279278096 37.609409981218555,55.7232050509357,636.4016711895283 37.6094035960895,55.723384704998864,632.917708176833 37.60908528221255,55.723381100845714,632.6251819317158 37.60876696840788,55.72337749586796,633.6728198711689 37.60844865467552,55.7233738900656,633.6728198711689 37.608130341015475,55.72337028343867,636.5065143291768 37.60781202742778,55.723366675987116,638.8390491192158 37.607493713912426,55.723363067710984,638.8390491192158 37.607175400469444,55.723359458610254,636.3542926494893 37.60685708709885,55.72335584868492,635.0323474590596 37.606538773800665,55.72335223793499,635.0323474590596 37.606220460574896,55.72334862636046,637.0484149639424 37.60590214742156,55.72334501396135,636.2432544414814 37.60558383434068,55.72334140073764,636.2432544414814 37.60526552133227,55.723337786689335,636.3173206035908 37.60494720839634,55.72333417181643,638.3398578350361 37.60462889553292,55.723330556118945,638.3398578350361 37.604310582742016,55.72332693959685,637.3733203594502 37.60399227002364,55.72332332225018,633.8059070293721 37.60367395737783,55.72331970407891,633.8059070293721 37.60335564480457,55.72331608508305,633.4761645977314 37.603037332303906,55.72331246526259,636.2442157451924 37.60271901987585,55.723308844617556,636.2442157451924 37.6024007075204,55.723305223147925,638.2850940410908 37.60208239523759,55.7233016008537,638.8627612774189 37.60176408302743,55.72329797773488,638.8627612774189 37.60144577088994,55.72329435379149,637.898176926833 37.60112745882513,55.72329072902348,636.8119037334736 37.60080914683302,55.723287103430906,636.8119037334736 37.60049083491363,55.723283477013744,637.8650653545674 37.60017252306697,55.723279849771984,639.6065356914814 37.59985421129307,55.723276221705646,639.6065356914814 37.59953589959192,55.723272592814716,634.4965045635518 37.59921758796357,55.7232689630992,632.8117358867939 37.598899276408005,55.7232653325591,632.8117358867939 37.59858096492526,55.72326170119441,633.3424060528096 37.598262653515356,55.72325806900514,635.6031024639424 37.5979443421783,55.72325443599128,635.6031024639424 37.59762603091411,55.72325080215284,636.0216510479268 37.59730771972279,55.723247167489816,637.3134143535908 37.59698940860438,55.7232435320022,637.3134143535908 37.596671097558875,55.723239895690014,636.1226184551533 37.59635278658631,55.72323625855324,629.4095142071064 37.59603447568669,55.72323262059189,629.4095142071064 37.595716164860036,55.72322898180595,623.7267596905049 37.595397854106366,55.723225342195434,623.1569354717549 37.59507954342569,55.72322170176033,623.1569354717549 37.59476123281803,55.72321806050065,621.4794604961689 37.5944429222834,55.72321441841639,619.5737598125752 37.59412461182181,55.723210775507546,619.5737598125752 37.59380630143329,55.723207131774124,622.6466510479268 37.593487991117854,55.723203487216125,624.3264911358174 37.593169680875505,55.72319984183356,624.3264911358174 37.59285137070628,55.7231961956264,623.777083176833 37.59253306061018,55.72319254859465,621.1919086162861 37.592214750587225,55.72318890073834,621.1919086162861 37.59189644063744,55.723185252057455,616.2551334087666 37.59157813076083,55.723181602551996,613.0193622295674 37.59125982095741,55.72317795222195,613.0193622295674 37.59094151122721,55.72317430106733,612.3076923076924 37.59062320157024,55.72317064908814,612.3076923076924 37.59030489198651,55.72316699628438,612.3076923076924 37.589986582476044,55.72316334265604,612.3076923076924 37.58966827303885,55.72315968820312,612.3076923076924 37.58934996367496,55.72315603292564,612.3076923076924 37.58903165438438,55.72315237682357,612.3076923076924 37.58871334516713,55.72314871989693,612.3076923076924 37.58839503602322,55.72314506214573,612.3076923076924 37.58807672695267,55.72314140356995,612.3076923076924 37.5877584179555,55.7231377441696,615.3046634380635 37.587440109031725,55.723134083944664,615.3046634380635 37.58712180018136,55.72313042289518,622.6942279522236 37.58680349140442,55.72312676102111,625.163069504958 37.586485182700926,55.72312309832249,625.163069504958 37.58616687407089,55.72311943479927,625.0502917949971 37.58584856551433,55.7231157704515,625.2678516094502 37.585530257031266,55.72311210527916,625.2678516094502 37.58521194862171,55.72310843928225,625.8283374492939 37.58489364028568,55.72310477246077,625.610090989333 37.58457533202319,55.72310110481473,625.610090989333 37.58425702383427,55.723097436344105,620.7625110332783 37.583938715718915,55.72309376704894,618.6428973858174 37.58362040767715,55.72309009692919,618.6428973858174 37.583302099709,55.723086425984874,619.9841754619893 37.58298379181447,55.723082754216,621.8662402813252 37.582665483993594,55.723079081622565,621.8662402813252 37.582347176246365,55.72307540820455,621.0337207500752 37.58202886857281,55.72307173396197,621.7006366436299 37.58171056097296,55.723068058894846,621.7006366436299 37.5813922534468,55.723064383003134,623.3377368633564 37.581073945994376,55.72306070628689,625.6845386211689 37.580755638615685,55.72305702874606,625.6845386211689 37.580437331310755,55.723053350380674,627.4804828350361 37.5801190240796,55.72304967119073,628.4700153057393 37.579800716922236,55.72304599117621,628.4700153057393 37.57948240983867,55.72304231033714,630.4441211407002 37.57916410282894,55.723038628673514,630.0929553692158 37.578845795893045,55.723034946185315,630.0929553692158 37.578527489031,55.723031262872574,630.3512408916768 37.57820918224284,55.723027578735255,628.5173785869893 37.57789087552856,55.723023893773394,628.5173785869893 37.57757256888819,55.723020207986956,624.8457935039814 37.57725426232174,55.723016521375975,623.3783710186299 37.576935955829235,55.72301283394044,623.3783710186299 37.57661764941068,55.72300914568034,622.7878863994893 37.5762993430661,55.72300545659567,622.7729022686299 37.575981036795504,55.723001766686465,622.7729022686299 37.575662730598914,55.722998075952695,624.1522510235127 37.57534442447635,55.72299438439436,625.5512988750752 37.57502611842782,55.72299069201148,625.5512988750752 37.57470781245334,55.722986998804046,626.4891956035908 37.57438950655293,55.72298330477205,625.0495746319111 37.57407120072662,55.72297960991551,625.0495746319111 37.57375289497441,55.722975914234404,625.1060016338643 37.57343458929631,55.72297221772876,626.2086322490986 37.573116283692364,55.72296852039855,626.2086322490986 37.57279797816256,55.722964822243796,627.0894611065205 37.57247967270693,55.72296112326449,625.7551410381611 37.572161367325485,55.722957423460635,625.7551410381611 37.571843062018246,55.72295372283222,624.0757739727314 37.57152475678522,55.722950021379255,621.6966693584736 37.57120645162644,55.72294631910175,621.6966693584736 37.570888146541904,55.722942615999685,623.6990955059346 37.57056984153164,55.722938912073076,625.4881580059346 37.57025153659566,55.722935207321925,625.4881580059346 37.569933231733984,55.72293150174621,629.7284534160908 37.56961492694663,55.72292779534595,636.1522510235127 37.56929662223361,55.72292408812115,636.1522510235127 37.56897831759494,55.72292038007179,636.4799487774189 37.568660013030645,55.7229166711979,631.3712299053486 37.56834170854072,55.72291296149944,631.3712299053486 37.568023404125206,55.72290925097645,626.9239185039814 37.567705099784106,55.722905539628925,628.6812579815205 37.56738679551745,55.72290182745684,628.6812579815205 37.56706849132523,55.72289811446021,629.0919177715596 37.56675018720749,55.72289440063904,627.7288043682393 37.56643188316423,55.72289068599332,627.7288043682393 37.56611357919546,55.722886970523064,626.2120044414814 37.56579527530122,55.722883254228265,630.2820728008564 37.56547697148151,55.722879537108916,630.2820728008564 37.56515866773635,55.722875819165026,632.5944507305439 37.56484036406575,55.7228721003966,629.640852708083 37.56452206046974,55.72286838080363,629.640852708083 37.564203756948324,55.72286466038611,628.9465778057393 37.56388545350153,55.72286093914406,631.0241687481221 37.563567150129366,55.72285721707746,631.0241687481221 37.56324884683185,55.72285349418633,628.4212176983174 37.562930543609,55.72284977047067,626.2554156963643 37.56261224046083,55.722846045930446,626.2554156963643 37.562293937387366,55.7228423205657,627.402083176833 37.56197563438861,55.72283859437641,626.0379321758564 37.56165733146459,55.72283486736258,626.0379321758564 37.56133902861531,55.72283113952422,624.5137775127705 37.5610207258408,55.72282741086132,623.8360736553486 37.56070242314107,55.722823681373875,623.8360736553486 37.56038412051614,55.7228199510619,622.3307788555439 37.56006581796602,55.7228162199254,623.1836078350361 37.559747515490734,55.72281248796435,623.1836078350361 37.55942921309029,55.722808755178775,624.0688770000752 37.559110910764716,55.72280502156866,623.3329150860127 37.55879260851402,55.72280128713401,623.3329150860127 37.558474306338226,55.72279755187483,620.7920062725361 37.55815600423733,55.72279381579112,616.9103992168721 37.55783770221137,55.722790078882866,616.9103992168721 37.55751940026037,55.722786341150076,616.2189014141377 37.55720109838431,55.72278260259278,617.5311420147236 37.556882796583245,55.722778863210934,617.5311420147236 37.55656449485717,55.72277512300455,619.7265308086689 37.55624619320611,55.72277138197366,619.7645938579853 37.55592789163008,55.72276764011821,619.7645938579853 37.555609590129094,55.72276389743824,620.6268146221455 37.55529128870317,55.72276015393375,621.1392810528096 37.554972987352315,55.722756409604735,621.1392810528096 37.55465468607657,55.72275266445118,623.289290208083 37.55433638487592,55.7227489184731,624.2692249004658 37.55401808375041,55.72274517167049,624.2692249004658 37.553699782700036,55.722741424043356,622.565413254958 37.55338148172483,55.72273767559168,621.0206134502705 37.5530631808248,55.7227339263155,621.0206134502705 37.55274487999996,55.72273017621479,620.0106265728291 37.55242657925033,55.722726425289544,618.1095416729268 37.55210827857593,55.72272267353978,618.1095416729268 37.551789977976775,55.72271892096549,617.1808612530049 37.551471677452874,55.72271516756667,618.7921512310322 37.551153377004255,55.72271141334333,618.7921512310322 37.55083507663093,55.72270765829546,621.1631305401143 37.550516776332906,55.722703902423085,621.0122668926533 37.55019847611021,55.72270014572617,621.0122668926533 37.54988017596286,55.72269638820474,620.8408191387471 37.54956187589087,55.722692629858784,618.7065036480244 37.54924357589425,55.722688870688316,618.7065036480244 37.54892527597303,55.72268511069332,617.913183945876 37.54860697612722,55.722681349873795,618.7224872295674 37.54828867635682,55.72267758822976,618.7224872295674 37.54797037666187,55.7226738257612,619.5216052715596 37.54765207704238,55.722670062468126,619.6927097027119 37.54733377749836,55.72266629835053,619.6927097027119 37.547015478029834,55.72266253340842,619.1949603740986 37.54669717863681,55.72265876764178,618.6554019634541 37.54637887931932,55.72265500105063,618.6554019634541 37.546060580077366,55.72265123363497,623.5594165508564 37.545742280910964,55.72264746539479,628.2972095196064 37.54542398182014,55.72264369633009,628.2972095196064 37.54510568280491,55.72263992644087,626.7099750225361 37.544787383865284,55.72263615572714,623.8431232158955 37.544469085001275,55.72263238418889,623.8431232158955 37.54415078621291,55.722628611826124,623.6316516582783 37.5438324875002,55.72262483863885,623.5742633526143 37.54351418886316,55.72262106462707,623.5742633526143 37.54319589030182,55.72261728979076,622.3026874248799 37.54287759181617,55.72261351412995,616.4376666729268 37.542559293406256,55.722609737644625,616.4376666729268 37.54224099507207,55.72260596033477,612.8076923076924 37.54192269681364,55.722602182200426,612.8076923076924 37.541604398630994,55.72259840324156,612.8076923076924 37.54128610052413,55.72259462345818,612.8076923076924 37.540967802493064,55.7225908428503,612.8076923076924 37.540649504537825,55.7225870614179,612.8076923076924 37.54033120665842,55.722583279161,612.8076923076924 37.54001290885488,55.72257949607958,617.5507419292744 37.539694611127196,55.72257571217366,617.5507419292744 37.53937631347541,55.72257192744323,630.5260760967549 37.53905801589952,55.72256814188828,643.0965259258564 37.538739718399555,55.72256435550884,643.0965259258564 37.53842142097552,55.72256056830489,651.6362292949971 37.53810312362744,55.72255678027642,659.905012864333 37.537784826355335,55.72255299142345,659.905012864333 37.53746652915921,55.72254920174598,664.3645923321064 37.5371482320391,55.722545411244,661.893049973708 37.536829934995,55.72254161991752,661.893049973708 37.53651163802694,55.72253782776653,657.8177173321064 37.536193341134926,55.72253403479103,654.635481614333 37.53587504431898,55.72253024099104,654.635481614333 37.53555674757912,55.72252644636654,656.7135608379658 37.535238450915365,55.72252265091753,657.3586566631611 37.534920154327736,55.72251885464403,657.3586566631611 37.53460185781623,55.72251505754602,657.8986346905049 37.53428356138088,55.72251125962351,657.4274127666768 37.53396526502169,55.72250746087651,657.4274127666768 37.533646968738694,55.72250366130499,660.5497272198018 37.5333286725319,55.722499860908975,660.9632251446064 37.53301037640132,55.72249605968846,660.9632251446064 37.53269208034697,55.722492257643445,659.8305347149189 37.53237378436887,55.722488454773945,656.0073688213643 37.532055488467044,55.72248465107993,656.0073688213643 37.5317371926415,55.72248084656143,653.4077136699971 37.531418896892255,55.722477041218426,648.8314349834736 37.53110060121933,55.72247323505092,648.8314349834736 37.53078230562273,55.72246942805892,649.3193652813252 37.530464010102484,55.722465620242424,650.7375934307393 37.5301457146586,55.722461811601434,650.7375934307393 37.5298274192911,55.722458002135944,646.1176746074971 37.52950912400001,55.72245419184597,641.6026904766377 37.529190828785325,55.72245038073149,641.6026904766377 37.52887253364707,55.72244656879251,643.2903430645283 37.528554238585265,55.722442756029054,646.1417987530049 37.528235943599924,55.72243894244109,646.1417987530049 37.527917648691066,55.72243512802864,644.5349719707783 37.52759935385871,55.7224313127917,642.7021930401143 37.52728105910286,55.72242749673025,642.7021930401143 37.52696276442355,55.72242367984432,643.9989307110127 37.52664446982078,55.722419862133904,645.1787860576924 37.52632617529458,55.72241604359899,645.1787860576924 37.52600788084496,55.722412224239584,645.8540942852314 37.525689586471934,55.72240840405569,646.0080859844502 37.52537129217552,55.72240458304732,646.0080859844502 37.52505299795574,55.722400761214445,647.2836291973408 37.52473470381261,55.72239693855708,646.6730029766377 37.52441640974613,55.72239311507523,646.6730029766377 37.524098115756345,55.7223892907689,645.7591998760518 37.52377982184325,55.72238546563808,647.0454395000752 37.52346152800687,55.72238163968277,647.0454395000752 37.523143234247215,55.72237781290296,645.1588580791768 37.5228249405643,55.72237398529868,642.8430469219502 37.522506646958156,55.72237015686991,642.8430469219502 37.52218835342879,55.72236632761666,640.6544177715596 37.521870059976216,55.72236249753892,638.5572192852314 37.52155176660046,55.72235866663668,638.5572192852314 37.52123347330153,55.72235483490998,635.1428973858174 37.520915180079434,55.722351002358785,629.0574481670674 37.52059688693421,55.722347168983106,629.0574481670674 37.52027859386586,55.722343334782934,624.8340137188252 37.51996030087441,55.722339499758306,624.3349597637471 37.51964200795987,55.722335663909185,624.3349597637471 37.51932371512225,55.72233182723557,623.7581622783955 37.51900542236157,55.72232798973749,623.5146472637471 37.518687129677865,55.72232415141492,623.5146472637471 37.51836883707112,55.722320312267875,622.4418933574971 37.51805054454138,55.72231647229634,622.2009723369893 37.51773225208865,55.72231263150033,622.2009723369893 37.51741395971293,55.72230878987985,624.5037524883564 37.517095667414274,55.72230494743489,627.6873614971455 37.51677737519267,55.722301104165446,627.6873614971455 37.51645908304814,55.72229726007152,630.0427539532002 37.51614079098071,55.72229341515313,630.8920886699971 37.515822498990374,55.722289569410236,630.8920886699971 37.51550420707717,55.7222857228429,634.004622239333 37.51518591524111,55.72228187545107,632.6414020244893 37.51486762348221,55.722278027234765,632.6414020244893 37.51454933180048,55.72227417819399,631.0108630840596 37.514231040195945,55.72227032832874,630.9469287578877 37.513912748668616,55.72226647763901,630.9469287578877 37.51359445721851,55.72226262612481,628.7929675762471 37.513276165845646,55.722258773786145,628.0141895000752 37.51295787455004,55.72225492062299,628.0141895000752 37.51263958333171,55.722251066635366,626.8627002422627 37.51232129219067,55.72224721182328,625.880110520583 37.51200300112693,55.72224335618671,625.880110520583 37.51168471014052,55.72223949972568,624.2519824688252 37.51136641923144,55.722235642440175,624.8721759502705 37.511048128399736,55.7222317843302,624.8721759502705 37.51072983764539,55.72222792539575,625.6602313701924 37.51041154696844,55.72222406563683,625.9030292217549 37.51009325636889,55.72222020505345,625.9030292217549 37.509774965846766,55.72221634364559,624.3311755840596 37.50945667540208,55.72221248141328,624.0649554912861 37.509138385034845,55.72220861835648,624.0649554912861 37.50882009474509,55.722204754475236,625.1826465313252 37.50850180453282,55.7222008897695,626.1379382793721 37.508183514398056,55.722197024239314,626.1379382793721 37.50786522434081,55.72219315788466,626.8742969219502 37.50754693436111,55.72218929070554,623.9219043438252 37.507228644458955,55.722185422701955,623.9219043438252 37.50691035463438,55.722181553873895,624.5398547832783 37.506592064887386,55.72217768422138,623.8708789532002 37.50627377521799,55.7221738137444,623.8708789532002 37.50595548562623,55.72216994244295,624.1511829082783 37.50563719611209,55.722166070317044,627.1793201153096 37.50531890667561,55.72216219736668,627.1793201153096 37.50500061731681,55.722158323591856,628.494856614333 37.50468232803569,55.722154448992555,629.2984607403096 37.50436403883227,55.722150573568804,629.2984607403096 37.50404574970657,55.72214669732058,627.730208176833 37.50372746065861,55.7221428202479,627.0315540020283 37.503409171688396,55.72213894235078,627.0315540020283 37.50309088279596,55.72213506362918,626.6161639873799 37.502772593981305,55.72213118408312,626.6892383282002 37.502454305244456,55.722127303712604,626.6892383282002 37.50213601658542,55.72212342251763,626.1276080791768 37.50181772800421,55.722119540498205,628.0083301250752 37.50149943950087,55.72211565765433,628.0083301250752 37.50118115107539,55.72211177398597,629.9962299053486 37.50086286272779,55.722107889493174,631.242659348708 37.500544574458104,55.722104004175925,631.242659348708 37.500226286266326,55.722100118034206,629.3346698467549 37.49990799815248,55.722096231068036,626.9900348369893 37.49958971011659,55.72209234327741,626.9900348369893 37.499271422158664,55.722088454662334,625.1821582500752 37.49895313427872,55.7220845652228,625.7549579326924 37.49863484647678,55.722080674958825,625.7549579326924 37.49831655875286,55.722076783870385,629.4059283916768 37.49799827110697,55.72207289195748,631.8133990948018 37.49767998353912,55.72206899922015,631.8133990948018 37.497361696049346,55.72206510565835,631.8847186748799 37.49704340863766,55.72206121127212,632.0984943096455 37.49672512130406,55.72205731606142,632.0984943096455 37.496406834048585,55.72205342002626,634.4206531231221 37.49608854687124,55.72204952316667,636.2778613750752 37.495770259772044,55.72204562548262,636.2778613750752 37.49545197275101,55.722041726974126,637.4004810039814 37.49513368580816,55.72203782764119,636.2548206035908 37.49481539894351,55.722033927483785,636.2548206035908 37.49449711215708,55.72203002650195,636.1509082500752 37.49417882544887,55.72202612469567,636.7055347149189 37.493860538818915,55.72202222206493,636.7055347149189 37.49354225226722,55.72201831860975,637.0460803692158 37.4932239657938,55.72201441433012,637.1787860576924 37.49290567939869,55.72201050922605,637.1787860576924 37.492587393081884,55.722006603297515,636.9576709453877 37.492269106843416,55.72200269654457,636.5730884258564 37.49195082068329,55.72199878896716,636.5730884258564 37.49163253460153,55.7219948805653,635.8301074688252 37.491314248598144,55.72199097133902,635.3778979961689 37.49099596267316,55.721987061288274,635.3778979961689 37.490677676826586,55.72198315041309,635.1347034160908 37.49035939105845,55.721979238713466,634.948225754958 37.490041105368746,55.7219753261894,634.948225754958 37.48972281975751,55.721971412840894,635.7535999004658 37.489404534224754,55.721967498667944,640.9417255108174 37.4890862487705,55.721963583670565,640.9417255108174 37.48876796339474,55.721959667848736,647.0354449932393 37.488449678097524,55.72195575120246,650.7702930157002 37.48813139287885,55.721951833731765,650.7702930157002 37.48781310773873,55.72194791543662,651.8354175274189 37.4874948226772,55.72194399631703,652.6267535869893 37.48717653769425,55.72194007637301,652.6267535869893 37.486858252789915,55.72193615560456,652.857893723708 37.48653996796421,55.72193223401166,650.3882434551533 37.48622168321715,55.721928311594326,650.3882434551533 37.48590339854876,55.72192438835256,645.613753098708 37.485585113959026,55.721920464286356,636.1560352032002 37.485266829448,55.72191653939572,636.1560352032002 37.484948545015676,55.72191261368064,631.7766101543721 37.48463026066208,55.72190868714114,628.7603595440205 37.48431197638724,55.72190475977719,628.7603595440205 37.48399369219114,55.721900831588826,631.5276477520283 37.48367540807383,55.72189690257602,634.5779102032002 37.4833571240353,55.72189297273877,634.5779102032002 37.48303884007559,55.72188904207711,634.7940356914814 37.4827205561947,55.721885110590996,635.7809589092549 37.482402272392655,55.72188117828046,635.7809589092549 37.482083988669466,55.7218772451455,637.0670612041768 37.481765705025154,55.72187331118609,635.7903888408955 37.48144742145973,55.72186937640228,635.7903888408955 37.48112913797321,55.72186544079402,635.4100024883564 37.480810854565625,55.72186150436133,633.3073108379658 37.48049257123697,55.72185756710422,633.3073108379658 37.48017428798728,55.721853629022675,629.4436938946064 37.47985600481656,55.721849690116706,627.4997241680439 37.47953772172484,55.72184575038632,627.4997241680439 37.47921943871212,55.721841809831496,631.5219867412861 37.478901155778416,55.72183786845224,631.6659381573018 37.478582872923766,55.721833926248564,631.6659381573018 37.478264590148164,55.72182998322046,634.6082141582783 37.47794630745164,55.72182603936794,635.2108447735127 37.477628024834196,55.721822094690985,635.2108447735127 37.477309742295866,55.721818149189616,634.6148822490986 37.47699145983666,55.72181420286381,632.3111865703877 37.47667317745658,55.72181025571359,632.3111865703877 37.47635489515567,55.72180630773895,631.0054767315205 37.476036612933925,55.72180235893988,633.7776477520283 37.47571833079137,55.721798409316385,633.7776477520283 37.47540004872803,55.72179445886847,635.3935229961689 37.4750817667439,55.72179050759615,636.8598163311299 37.474763484839,55.72178655549939,636.8598163311299 37.474445203013374,55.72178260257822,637.8096606914814 37.47412692126701,55.72177864883263,639.2342059795674 37.47380863959993,55.72177469426262,639.2342059795674 37.47349035801216,55.72177073886819,642.198958176833 37.4731720765037,55.72176678264934,643.4123218242939 37.47285379507459,55.72176282560607,643.4123218242939 37.47253551372483,55.72175886773839,644.600081223708 37.47221723245444,55.72175490904629,642.6470630352314 37.471898951263434,55.72175094952976,642.6470630352314 37.47158067015182,55.72174698918882,642.1961353008564 37.471262389119644,55.72174302802347,645.0925738994893 37.470944108166904,55.72173906603371,645.0925738994893 37.47062582729361,55.72173510321953,646.5170428936299 37.47030754649978,55.72173113958094,648.6919696514424 37.46998926578544,55.72172717511793,648.6919696514424 37.46967098515061,55.72172320983051,649.9549091045674 37.46935270459529,55.721719243718674,649.6444690410908 37.469034424119506,55.72171527678242,649.6444690410908 37.46871614372327,55.721711309021764,646.5866382305439 37.46839786340661,55.72170734043668,643.3684985821064 37.468079583169526,55.7217033710272,643.3684985821064 37.46776130301205,55.721699400793305,643.9978625957783 37.46744302293419,55.721695429735,645.2888629619893 37.467124742935965,55.72169145785229,645.2888629619893 37.466806463017384,55.72168748514517,644.9038379375752 37.46648818317848,55.72168351161363,644.7000873272236 37.46616990341925,55.721679537257685,644.7000873272236 37.46585162373973,55.72167556207734,645.6013629619893 37.46553334413992,55.721671586072574,645.0875384990986 37.46521506461985,55.72166760924342,645.0875384990986 37.46489678517952,55.721663631589834,647.124007004958 37.46457850581896,55.72165965311186,646.2660815899189 37.46426022653819,55.72165567380947,646.2660815899189 37.463941947337204,55.721651693682674,644.9171588604268 37.463623668216044,55.72164771273148,645.4091327373799 37.463305389174714,55.72164373095588,645.4091327373799 37.462987110213234,55.72163974835588,644.8976581280049 37.46266883133161,55.72163576493147,643.8890826885518 37.462350552529884,55.721631780682664,643.8890826885518 37.46203227380805,55.72162779560944,647.7894733135518 37.46171399516612,55.72162380971182,645.5271289532002 37.46139571660413,55.72161982298981,645.5271289532002 37.46107743812209,55.72161583544339,644.4836414043721 37.46075915972001,55.721611847072566,647.4833514873799 37.460440881397915,55.72160785787734,647.4833514873799 37.46012260315581,55.721603867857716,650.5401904766377 37.459804324993726,55.721599877013695,652.2207477276143 37.45948604691167,55.721595885345266,652.2207477276143 37.45916776890966,55.721591892852445,653.3515765850361 37.45884949098771,55.72158789953523,653.3592670147236 37.45853121314584,55.7215839053936,653.3592670147236 37.458212935384076,55.72157991042759,657.3350818340596 37.45789465770242,55.72157591463718,657.3475330059346 37.45757638010089,55.72157191802238,657.3475330059346 37.4572581025795,55.72156792058317,658.2316577617939 37.45693982513828,55.72156392231956,656.7340991680439 37.45662154777724,55.72155992323156,656.7340991680439 37.45630327049639,55.72155592331917,654.7163226787861 37.45598499329575,55.72155192258239,655.8191363994893 37.45566671617535,55.72154792102121,655.8191363994893 37.455348439135186,55.72154391863564,654.7915179912861 37.455030162175284,55.721539915425666,653.3048846905049 37.45471188529566,55.721535911391314,653.3048846905049 37.454393608496325,55.72153190653256,653.1101825420674 37.45407533177731,55.721527900849416,655.4676807110127 37.45375705513862,55.721523894341885,655.4676807110127 37.45343877858027,55.721519887009954,656.5929553692158 37.45312050210228,55.72151587885365,657.4480579082783 37.452802225704666,55.72151186987294,657.4480579082783 37.45248394938745,55.721507860067845,659.6809680645283 37.452165673150645,55.72150384943836,662.5731036846455 37.45184739699427,55.72149983798448,662.5731036846455 37.45152912091832,55.72149582570623,660.2990100567158 37.45121084492284,55.72149181260358,658.5017841045674 37.450892569007834,55.721487798676534,658.5017841045674 37.450574293173325,55.72148378392512,657.3402240459736 37.45025601741933,55.721479768349305,658.4383685772236 37.4502489021364,55.72165940964726,658.4383685772236 37.45024178677295,55.72183905093932,658.6775195782002 37.45023467132897,55.72201869222549,657.7254321758564 37.45022755580447,55.722198333505766,657.7254321758564 37.45022044019943,55.72237797478015,656.4283435528096 37.45021332451387,55.72255761604864,655.6608264629658 37.45020620874776,55.722737257311245,655.6608264629658 37.45019909290112,55.72291689856796,656.7741992657002 37.450191976973954,55.72309653981877,658.2239978496846 37.450184860966246,55.7232761810637,658.2239978496846 37.450177744878005,55.72345582230274,659.7800433819111 37.45017062870922,55.723635463535885,660.3906238262471 37.450163512459895,55.72381510476313,660.3906238262471 37.45015639613003,55.72399474598449,659.9621112530049 37.450149279719625,55.72417438719995,659.3486316387471 37.450142163228676,55.724354028409536,659.3486316387471 37.450135046657174,55.72453366961323,660.3827655498799 37.45012793000514,55.724713310811026,660.8345630352314 37.450446232039184,55.72471732687099,663.2443378155049 37.45076453415378,55.72472134210646,667.6861255352314 37.451082836348874,55.72472535651745,667.6861255352314 37.451401138624476,55.724729370103965,669.7531421367939 37.45171944098055,55.724733382865985,671.5634906475361 37.452037743417094,55.72473739480351,671.5634906475361 37.452356045934096,55.72474140591654,670.7805621807393 37.45267434853152,55.7247454162051,670.3314655010518 37.45299265120936,55.72474942566917,670.3314655010518 37.4533109539676,55.72475343430875,669.5626819317158 37.45362925680622,55.72475744212383,666.6745288555439 37.45394755972521,55.72476144911443,666.6745288555439 37.454265862724554,55.72476545528053,663.3076160137471 37.45458416580423,55.724769460622156,663.0962665264424 37.454902468964214,55.72477346513928,663.0962665264424 37.4552207722045,55.72477746883191,664.9342334453877 37.455539075525074,55.72478147170004,663.4084613506611 37.45585737892591,55.72478547374368,663.4084613506611 37.456175682407,55.72478947496285,660.2967517559346 37.45649398596833,55.72479347535751,661.9258563701924 37.45681228960987,55.72479747492767,661.9258563701924 37.45713059333161,55.724801473673345,663.4687030498799 37.45744889713354,55.72480547159452,659.6343524639424 37.457767201015635,55.7248094686912,659.6343524639424 37.45808550497788,55.72481346496338,657.8277576153096 37.45840380902027,55.72481746041106,657.8143603985127 37.45872211314277,55.72482145503425,657.8143603985127 37.45904041734537,55.724825448832945,661.4895465557393 37.45935872162806,55.72482944180714,664.0487201397236 37.45967702599082,55.724833433956846,664.0487201397236 37.45999533043362,55.72483742528204,660.0401447002705 37.46031363495647,55.72484141578274,655.5229938213643 37.460631939559335,55.72484540545895,655.5229938213643 37.460950244242206,55.724849394310645,655.7847125713643 37.46126854900506,55.72485338233785,657.3081195537861 37.461586853847884,55.72485736954053,657.3081195537861 37.46190515877066,55.72486135591874,658.8292987530049 37.46222346377338,55.72486534147243,656.1085956280049 37.46254176885601,55.72486932620162,656.1085956280049 37.46286007401855,55.72487331010632,656.2475726787861 37.46317837926098,55.7248772931865,656.9282977764424 37.463496684583276,55.72488127544218,656.9282977764424 37.46381498998542,55.72488525687337,654.6908405010518 37.46413329546742,55.72488923748005,653.1660297100361 37.46445160102923,55.72489321726222,653.1660297100361 37.464769906670846,55.72489719621988,653.8226916973408 37.46508821239225,55.72490117435305,652.4692828838643 37.46540651819343,55.72490515166169,652.4692828838643 37.465724824074364,55.724909128145846,651.4877307598408 37.46604313003503,55.724913103805484,651.3849017803486 37.466361436075424,55.724917078640615,651.3849017803486 37.466679742195524,55.72492105265124,651.283430833083 37.46699804839531,55.72492502583736,653.1521594707783 37.46731635467477,55.72492899819896,653.1521594707783 37.46763466103389,55.72493296973606,652.8197314922627 37.46795296747265,55.72493694044866,649.5129382793721 37.46827127399103,55.724940910336734,649.5129382793721 37.46858958058901,55.7249448794003,650.6084277813252 37.468907887266596,55.724948847639354,657.4146564190205 37.46922619402374,55.724952815053896,657.4146564190205 37.46954450086046,55.724956781643925,661.5081775371846 37.46986280777671,55.72496074740945,658.1542499248799 37.47018111477248,55.72496471235045,658.1542499248799 37.47049942184776,55.72496867646695,659.1298358623799 37.47081772900253,55.72497263975893,657.8404224102314 37.47113603623678,55.72497660222639,657.8404224102314 37.471454343550484,55.72498056386935,655.8208606426533 37.471772650943635,55.72498452468778,654.6063373272236 37.4720909584162,55.724988484681695,654.6063373272236 37.47240926596819,55.72499244385111,654.6620624248799 37.47272757359956,55.72499640219599,655.1467578594502 37.47304588131031,55.72500035971637,655.1467578594502 37.473364189100415,55.725004316412225,654.3870532696064 37.47368249696987,55.72500827228355,649.2759540264424 37.474000804918646,55.72501222733038,649.2759540264424 37.47431911294673,55.72501618155267,648.8290393535908 37.47463742105411,55.725020134950455,648.4856250469502 37.47495572924077,55.72502408752372,648.4856250469502 37.475274037506686,55.72502803927246,647.8556354229268 37.475592345851844,55.72503199019667,647.3573596660908 37.475910654276234,55.72503594029637,647.3573596660908 37.476228962779835,55.725039889571555,646.737288254958 37.47654727136263,55.72504383802221,648.7542712871846 37.476865580024594,55.72504778564835,648.7542712871846 37.47718388876572,55.72505173244996,649.5495746319111 37.477502197586,55.72505567842704,651.1296527569111 37.4778205064854,55.725059623579604,651.1296527569111 37.478138815463915,55.72506356790766,646.4679858867939 37.47845712452153,55.72506751141117,638.1033771221455 37.47877543365822,55.72507145409016,638.1033771221455 37.47909374287397,55.72507539594463,636.3445422832783 37.47941205216876,55.725079336974574,634.1001727764424 37.479730361542586,55.725083277179984,634.1001727764424 37.48004867099543,55.72508721656088,633.4923236553486 37.480366980527265,55.725091155117234,634.5175006573018 37.48068529013808,55.725095092849074,634.5175006573018 37.48100359982785,55.72509902975638,638.2989185039814 37.48132190959657,55.72510296583915,642.3718707744893 37.48164021944422,55.725106901097405,642.3718707744893 37.481958529370786,55.725110835531126,646.6732318584736 37.48227683937625,55.725114769140305,653.6982715313252 37.48259514946059,55.72511870192498,653.6982715313252 37.4829134596238,55.725122633885114,658.954573411208 37.48323176986585,55.7251265650207,662.0853259746846 37.48355008018674,55.725130495331776,662.0853259746846 37.48386839058644,55.72513442481831,663.3625018780049 37.48418670106494,55.725138353480304,662.6367480938252 37.48450501162222,55.72514228131778,662.6367480938252 37.484823322258265,55.72514620833071,662.737776536208 37.485141632973054,55.72515013451913,663.7035510723408 37.48545994376657,55.72515405988299,663.7035510723408 37.48577825463882,55.725157984422324,663.2026813213643 37.486096565589754,55.725161908137125,661.3272693340596 37.48641487661937,55.72516583102738,661.3272693340596 37.48673318772766,55.72516975309312,661.1536548321064 37.487051498914596,55.725173674334314,661.8257739727314 37.48736981018016,55.725177594750974,661.8257739727314 37.48768812152434,55.725181514343085,662.6703174297627 37.48800643294713,55.72518543311067,664.6545398418721 37.4883247444485,55.725189351053714,664.6545398418721 37.48864305602844,55.72519326817223,665.9449603740986 37.48896136768691,55.72519718446619,665.976546067458 37.48927967942394,55.72520109993562,665.976546067458 37.48959799123947,55.7252050145805,665.3863055889424 37.489916303133505,55.72520892840085,665.3005664532002 37.490234615106026,55.72521284139665,665.3005664532002 37.49055292715702,55.72521675356792,665.8796527569111 37.490871239286456,55.72522066491465,664.9221942608174 37.49118955149432,55.72522457543682,664.9221942608174 37.49150786378062,55.725228485134465,663.6868121807393 37.49182617614531,55.72523239400757,663.0401599590596 37.49214448858839,55.72523630205612,663.0401599590596 37.49246280110984,55.72524020928013,662.4587695782002 37.49278111370964,55.72524411567959,658.7240894024189 37.49309942638777,55.725248021254515,658.7240894024189 37.49341773914423,55.72525192600489,654.5539539043721 37.493736051978985,55.72525582993072,649.0504749004658 37.49405436489202,55.725259733032,649.0504749004658 37.494372677883334,55.72526363530875,649.3829639141377 37.494690990952904,55.72526753676093,648.4882953350361 37.4950093041007,55.72527143738858,648.4882953350361 37.49532761732672,55.72527533719168,647.8133075420674 37.49564593063095,55.72527923617023,646.0892169658955 37.495964244013365,55.72528313432422,646.0892169658955 37.49628255747395,55.72528703165368,641.2506854717549 37.49660087101268,55.72529092815858,643.3489520733174 37.49691918462956,55.72529482383893,643.3489520733174 37.49723749832455,55.72529871869474,642.2297504131611 37.49755581209765,55.72530261272599,641.2957599346455 37.49787412594884,55.725306505932686,641.2957599346455 37.4981924398781,55.72531039831484,643.9185626690205 37.49851075388541,55.725314289872436,647.2164294903096 37.49882906797077,55.725318180605484,647.2164294903096 37.49914738213414,55.725322070513975,650.5902393047627 37.499465696375516,55.72532595959791,650.9027545635518 37.49978401069489,55.72532984785729,650.9027545635518 37.50010232509223,55.725333735292125,650.6459491436299 37.50042063956753,55.7253376219024,650.8386371319111 37.50073895412076,55.725341507688114,650.8386371319111 37.50105726875192,55.72534539264929,650.580061692458 37.50137558346099,55.72534927678589,650.8832996074971 37.50169389824794,55.72535316009795,650.8832996074971 37.50201221311277,55.72535704258545,651.122786301833 37.50233052805546,55.72536092424839,651.0186145489033 37.50264884307598,55.72536480508677,651.0186145489033 37.50296715817433,55.7253686851006,650.0150287334736 37.50328547335049,55.72537256428986,648.3545978252705 37.50360378860444,55.72537644265457,648.3545978252705 37.503922103936155,55.72538032019471,643.0069110576924 37.504240419345635,55.725384196910305,637.5194842998799 37.504558734832855,55.72538807280133,637.5194842998799 37.5048770503978,55.72539194786779,635.0562579815205 37.505195366040454,55.7253958221097,634.9622028057393 37.5055136817608,55.725399695527045,634.9622028057393 37.50583199755882,55.72540356811983,635.5713794414814 37.506150313434496,55.72540743988804,635.6156299297627 37.50646862938782,55.72541131083171,635.6156299297627 37.50678694541877,55.7254151809508,635.4874561016377 37.50710526152732,55.72541905024533,635.2824695293721 37.507423577713475,55.7254229187153,635.2824695293721 37.50774189397719,55.7254267863607,634.8690173809346 37.50806021031848,55.72543065318153,635.4885547344502 37.50837852673731,55.7254345191778,635.4885547344502 37.508696843233665,55.7254383843495,635.6701953594502 37.509015159807525,55.725442248696645,637.8793628399189 37.509333476458885,55.72544611221922,637.8793628399189 37.50965179318772,55.725449974917225,637.3243243877705 37.509970109994015,55.725453836790656,636.8407428448018 37.51028842687775,55.72545769783954,636.8407428448018 37.51060674383892,55.72546155806383,638.0580280010518 37.5109250608775,55.72546541746357,637.2064960186299 37.51124337799347,55.72546927603872,637.2064960186299 37.51156169518681,55.725473133789315,636.1497180645283 37.51188001245753,55.72547699071534,636.6364886944111 37.512198329805585,55.725480846816794,636.6364886944111 37.51251664723097,55.72548470209369,636.7461688701924 37.51283496473367,55.72548855654598,636.7570789043721 37.51315328231366,55.72549241017372,636.7570789043721 37.513471599970934,55.72549626297689,637.6507251446064 37.513789917705466,55.72550011495549,636.2193896953877 37.51410823551725,55.72550396610951,636.2193896953877 37.51442655340626,55.725507816438956,635.6476428692158 37.51474487137248,55.72551166594383,635.9495074932393 37.5150631894159,55.72551551462413,635.9495074932393 37.51538150753649,55.725519362479844,637.0407397930439 37.51569982573425,55.725523209510996,636.436751145583 37.51601814400916,55.72552705571756,636.436751145583 37.5163364623612,55.72553090109957,636.6751239483174 37.51665478079035,55.72553474565698,638.1474597637471 37.5169730992966,55.72553858938983,638.1474597637471 37.51729141787993,55.725542432298084,636.8687732403096 37.51760973654033,55.72554627438177,631.8253619854268 37.51792805527777,55.72555011564088,631.8253619854268 37.51824637409224,55.7255539560754,627.5729358379658 37.51856469298373,55.72555779568536,626.7252032940205 37.51888301195222,55.72556163447074,626.7252032940205 37.51920133099768,55.72556547243152,623.3397967998799 37.51951965012012,55.72556930956773,621.8805682842549 37.519837969319504,55.72557314587936,621.8805682842549 37.520156288595814,55.72557698136641,623.3131396953877 37.52047460794904,55.725580816028874,623.6265704815205 37.52079292737917,55.72558464986676,623.6265704815205 37.521111246886186,55.72558848288006,621.4990222637471 37.52142956647006,55.72559231506879,620.4320666973408 37.52174788613079,55.72559614643291,620.4320666973408 37.52206620586835,55.725599976972475,622.248762864333 37.522384525682725,55.72560380668744,625.6641376201924 37.5227028455739,55.725607635577816,625.6641376201924 37.52302116554186,55.72561146364362,633.5481250469502 37.52333948558659,55.725615290884825,638.9110706035908 37.52365780570807,55.72561911730144,638.9110706035908 37.52397612590628,55.725622942893494,641.4120013897236 37.52429444618121,55.725626767660934,642.3026263897236 37.52461276653284,55.7256305916038,642.3026263897236 37.52493108696115,55.72563441472208,641.4975116436299 37.52524940746614,55.725638237015765,639.8627002422627 37.525567728047776,55.725642058484866,639.8627002422627 37.52588604870604,55.725645879129374,639.0449817364033 37.52620436944093,55.7256496989493,636.5773608867939 37.52652269025242,55.725653517944636,636.5773608867939 37.52684101114049,55.725657336115376,639.2686908428486 37.527159332105136,55.72566115346152,641.9616840069111 37.527477653146335,55.725664969983086,641.9616840069111 37.527795974264066,55.72566878568005,638.4578845684346 37.528114295458316,55.72567260055243,636.8632342998799 37.52843261672907,55.72567641460021,636.8632342998799 37.528750938076314,55.7256802278234,641.423811692458 37.52906925950002,55.725684040222,643.0718829815205 37.52938758100019,55.725687851796,643.0718829815205 37.52970590257679,55.72569166254541,642.7400806133564 37.530024224229805,55.72569547247023,642.2200153057393 37.53034254595923,55.725699281570435,642.2200153057393 37.53066086776504,55.725703089846064,642.339583176833 37.530979189647226,55.725706897297094,642.5681903545674 37.531297511605764,55.72571070392353,642.5681903545674 37.531615833640636,55.72571450972537,643.4109485332783 37.531934155751834,55.7257183147026,643.6950977032002 37.53225247793933,55.72572211885524,643.6950977032002 37.532570800203125,55.72572592218329,644.0043933574971 37.53288912254318,55.72572972468673,645.2479236309346 37.533207444959494,55.72573352636557,645.2479236309346 37.53352576745205,55.725737327219825,644.3433826153096 37.53384409002083,55.72574112724948,645.1512592022236 37.53416241266581,55.72574492645451,645.1512592022236 37.53448073538697,55.72574872483495,644.8104541485127 37.534799058184326,55.7257525223908,644.1329639141377 37.53511738105782,55.72575631912204,644.1329639141377 37.53543570400746,55.72576011502869,648.8623798076924 37.53575402703322,55.72576391011072,651.0870807354268 37.53607235013509,55.72576770436817,651.0870807354268 37.53639067331304,55.72577149780099,653.994124192458 37.53670899656708,55.725775290409224,654.2200610821064 37.53702731989717,55.72577908219286,654.2200610821064 37.5373456433033,55.72578287315188,651.9857013408955 37.537663966785445,55.72578666328629,647.6076648418721 37.537982290343614,55.7257904525961,647.6076648418721 37.53830061397776,55.72579424108132,649.3071277324971 37.538618937687886,55.72579802874191,647.4494159405049 37.538937261473976,55.72580181557791,647.4494159405049 37.539255585335994,55.725805601589286,643.5919482891377 37.53957390927395,55.72580938677607,642.2205646221455 37.53989223328781,55.72581317113825,642.2205646221455 37.540210557377556,55.72581695467581,638.9532916729268 37.54052888154318,55.72582073738876,635.8109424297627 37.540847205784665,55.72582451927711,635.8109424297627 37.54116553010199,55.725828300340844,629.754866379958 37.54148385449515,55.72583208057996,618.5717761699971 37.541802178964105,55.725835859994476,618.5717761699971 37.54212050350886,55.7258396385844,613.1535022442158 37.5424388281294,55.725843416349676,612.8076923076924 37.54275715282568,55.72584719329036,612.8076923076924 37.54307547759772,55.72585096940644,612.8076923076924 37.54339380244548,55.72585474469789,612.8076923076924 37.54371212736895,55.72585851916474,612.8076923076924 37.54403045236811,55.72586229280697,612.8076923076924 37.544348777442956,55.725866065624594,612.8076923076924 37.54466710259345,55.7258698376176,612.8076923076924 37.5449854278196,55.72587360878599,615.3215930645283 37.545303753121374,55.72587737912976,617.6799609844502 37.54562207849876,55.725881148648924,617.6799609844502 37.54594040395174,55.725884917343464,618.3869998638447 37.5462587294803,55.725888685213405,617.6360385601338 37.54657705508441,55.72589245225871,617.6360385601338 37.546895380764084,55.7258962184794,617.3800342266377 37.54721370651927,55.72589998387547,617.3593433086689 37.54753203234998,55.72590374844693,617.3593433086689 37.54785035825618,55.72590751219378,619.709585923415 37.54816868423786,55.725911275116005,619.5137393657978 37.548487010295,55.7259150372136,619.5137393657978 37.548805336427584,55.72591879848659,621.7942493145283 37.5491236626356,55.72592255893495,625.4615161602314 37.549441988919035,55.72592631855869,625.4615161602314 37.549760315277865,55.725930077357816,625.3254077617939 37.55007864171207,55.72593383533231,622.932356614333 37.55039696822164,55.725937592482204,622.932356614333 37.55071529480656,55.72594134880745,622.6834857647236 37.5510336214668,55.72594510430809,622.6831195537861 37.55135194820237,55.725948858984104,622.6831195537861 37.551670275013215,55.72595261283549,620.6858813946064 37.55198860189936,55.725956365862245,620.8060596172627 37.55230692886076,55.72596011806439,620.8060596172627 37.55262525589741,55.72596386944191,622.7816455547627 37.552943583009295,55.7259676199948,624.1218860332783 37.55326191019639,55.72597136972307,624.1218860332783 37.55358023745869,55.72597511862671,623.6428821270283 37.55389856479617,55.72597886670572,624.848860520583 37.55421689220881,55.7259826139601,624.848860520583 37.5545352196966,55.72598636038987,628.3610980694111 37.554853547259526,55.725990105994995,629.8741748516377 37.55517187489756,55.725993850775495,629.8741748516377 37.5554902026107,55.725997594731375,628.1642444317158 37.55580853039892,55.72600133786262,626.4126422588643 37.55612685826221,55.726005080169244,626.4126422588643 37.55644518620054,55.726008821651234,628.2787616436299 37.55676351421391,55.72601256230858,630.9387653057393 37.557081842302296,55.72601630214132,630.9387653057393 37.557400170465684,55.726020041149404,630.6949603740986 37.557718498704055,55.726023779332884,629.0821368877705 37.55803682701739,55.726027516691715,629.0821368877705 37.55835515540568,55.72603125322591,630.1440112774189 37.5586734838689,55.726034988935474,632.7907855694111 37.55899181240704,55.726038723820416,632.7907855694111 37.559310141020084,55.72604245788072,631.5615527813252 37.559628469708,55.72604619111639,629.8840930645283 37.55994679847079,55.72604992352742,629.8840930645283 37.56026512730844,55.72605365511382,631.4373309795674 37.56058345622091,55.726057385875585,630.8121326153096 37.560901785208216,55.72606111581271,630.8121326153096 37.56122011427031,55.72606484492522,631.2317187969502 37.561538443407194,55.72606857321307,633.8087299053486 37.56185677261885,55.726072300676286,633.8087299053486 37.562175101905254,55.726076027314875,633.4636676494893 37.5624934312664,55.72607975312882,631.7570789043721 37.56281176070226,55.72608347811813,631.7570789043721 37.563130090212816,55.7260872022828,632.5512073223408 37.563448419798064,55.72609092562283,631.5711963360127 37.56376674945799,55.72609464813822,631.5711963360127 37.56408507919256,55.72609836982897,632.8751666729268 37.56440340900177,55.72610209069508,632.5919177715596 37.5647217388856,55.726105810736556,632.5919177715596 37.565040068844034,55.72610952995338,633.6875140850361 37.56535839887705,55.72611324834557,633.0788867657002 37.56567672898464,55.72611696591313,633.0788867657002 37.56599505916679,55.72612068265603,631.9690387432393 37.56631338942347,55.72612439857429,631.0920093242939 37.566631719754675,55.726128113667905,631.0920093242939 37.56695005016038,55.72613182793689,628.7195422832783 37.567268380640584,55.72613554138122,625.0780017559346 37.56758671119525,55.72613925400091,625.0780017559346 37.567905041824375,55.72614296579595,627.5997760479268 37.56822337252793,55.72614667676634,629.5653674785908 37.56854170330592,55.7261503869121,629.5653674785908 37.568860034158305,55.72615409623321,628.922590989333 37.56917836508508,55.72615780472967,628.6545703594502 37.56949669608623,55.72616151240148,628.6545703594502 37.569815027161745,55.72616521924865,627.9245746319111 37.57013335831159,55.72616892527118,627.3448474590596 37.57045168953576,55.726172630469044,627.3448474590596 37.57077002083423,55.726176334842265,627.1953876201924 37.571088352207,55.726180038390844,629.2926471416768 37.57140668365404,55.72618374111477,629.2926471416768 37.57172501517533,55.72618744301404,627.1260822002705 37.57204334677087,55.72619114408868,625.8067157451924 37.57236167844063,55.72619484433865,625.8067157451924 37.57268001018459,55.72619854376398,623.8452899639424 37.57299834200275,55.72620224236465,619.339583176833 37.573316673895086,55.726205940140666,619.339583176833 37.573635005861576,55.72620963709203,617.665022629958 37.5739533379022,55.72621333321876,617.1843631450947 37.57427167001696,55.726217028520814,617.1843631450947 37.57459000220583,55.72622072299823,619.2600696270283 37.57490833446878,55.72622441665099,624.0843799297627 37.57522666680581,55.726228109479095,624.0843799297627 37.5755449992169,55.72623180148254,628.3308551494893 37.57586333170203,55.72623549266134,629.7743365948018 37.57618166426119,55.72623918301548,629.7743365948018 37.576499996894356,55.72624287254496,631.9898669903096 37.576818329601515,55.72624656124978,632.2028949444111 37.57713666238265,55.72625024912995,632.2028949444111 37.577454995237744,55.726253936185465,627.0736224834736 37.577773328166785,55.72625762241632,624.1755359356221 37.57809166116975,55.72626130782251,624.1755359356221 37.57840999424662,55.72626499240405,624.1413867657002 37.57872832739739,55.72626867616093,625.4329517071064 37.57904666062203,55.72627235909316,625.4329517071064 37.57936499392054,55.72627604120071,627.4780261699971 37.57968332729289,55.72627972248362,626.3093707744893 37.580001660739065,55.72628340294186,626.3093707744893 37.58031999425905,55.726287082575446,623.3677203838643 37.58063832785284,55.72629076138436,622.4323718731221 37.58095666152039,55.72629443936862,622.4323718731221 37.581274995261715,55.72629811652822,623.0348041240986 37.58159332907678,55.72630179286315,623.7997577373799 37.581911662965574,55.72630546837342,623.7997577373799 37.582229996928085,55.72630914305903,627.2364947979268 37.582548330964286,55.72631281691997,631.1343829815205 37.58286666507417,55.72631648995625,631.1343829815205 37.5831849992577,55.726320162167866,631.5478656475361 37.5835033335149,55.72632383355482,632.1136920635518 37.58382166784571,55.72632750411711,632.1136920635518 37.584140002250145,55.726331173854724,631.6192462627705 37.58445833672817,55.72633484276768,629.5971210186299 37.584776671279776,55.72633851085596,629.5971210186299 37.58509500590495,55.72634217811959,628.1419513408955 37.585413340603665,55.726345844558544,627.4369037334736 37.585731675375904,55.726349510172824,627.4369037334736 37.58605001022167,55.72635317496244,625.9763629619893 37.586368345140926,55.72635683892738,621.5676257793721 37.58668668013367,55.726360502067664,621.5676257793721 37.587005015199864,55.726364164383284,620.9332416240986 37.58732335033951,55.72636782587421,622.2124316875752 37.58764168555259,55.72637148654049,622.2124316875752 37.587960020839084,55.72637514638209,623.2074725811299 37.58827835619898,55.72637880539903,623.8514545147236 37.588596691632254,55.72638246359127,623.8514545147236 37.58891502713889,55.726386120958864,620.1584003155049 37.58923336271888,55.72638977750177,618.3647220318135 37.5895516983722,55.726393433220004,618.3647220318135 37.58987003409883,55.72639708811357,618.792464036208 37.59018836989877,55.72640074218248,619.1720874492939 37.590506705771986,55.726404395426705,619.1720874492939 37.59082504171847,55.72640804784625,617.8246677105244 37.59114337773819,55.726411699441115,616.7185886089619 37.59146171383116,55.72641535021132,616.7185886089619 37.59178004999734,55.72641900015683,612.9170062725361 37.59209838623672,55.72642264927768,612.3076923076924 37.59241672254929,55.726426297573845,612.3076923076924 37.59273505893501,55.72642994504534,612.3076923076924 37.593053395393895,55.726433591692164,612.3076923076924 37.593371731925906,55.72643723751429,612.3076923076924 37.59369006853104,55.72644088251175,612.3076923076924 37.59400840520927,55.72644452668453,612.3076923076924 37.594326741960586,55.72644817003264,612.3076923076924 37.59464507878497,55.72645181255606,613.5382373516377 37.59496341568241,55.726455454254804,620.4099719707783 37.59528175265288,55.72645909512887,620.4099719707783 37.59560008969636,55.72646273517825,626.4893329326924 37.59591842681285,55.72646637440295,628.7425830547627 37.59623676400232,55.72647001280297,628.7425830547627 37.59655510126477,55.72647365037831,626.0072162334736 37.59687343860016,55.726477287128965,622.585188645583 37.59719177600849,55.72648092305495,622.585188645583 37.59751011348975,55.72648455815624,618.4533832256611 37.597828451043895,55.726488192432846,618.186636704665 37.59814678867093,55.72649182588477,618.186636704665 37.59846512637084,55.72649545851201,620.002051133376 37.5987834641436,55.72649909031457,620.8438251201924 37.59910180198919,55.72650272129244,620.8438251201924 37.599420139907615,55.72650635144563,621.4596851055439 37.599738477898825,55.72650998077413,622.3070209209736 37.60005681596284,55.726513609277944,622.3070209209736 37.600375154099616,55.726517236957065,621.2519061748799 37.60069349230914,55.72652086381151,619.9474551861103 37.60101183059141,55.72652448984127,619.9474551861103 37.6013301689464,55.726528115046335,619.8916080181416 37.601648507374094,55.72653173942672,619.9907672588643 37.60196684587447,55.7265353629824,619.9907672588643 37.60228518444752,55.726538985713404,621.1387317364033 37.60260352309323,55.72654260761971,621.6037585918721 37.602921861811566,55.72654622870134,621.6037585918721 37.60324020060254,55.72654984895827,623.5416400615986 37.603558539466114,55.72655346839051,629.3410937969502 37.60387687840227,55.72655708699808,629.3410937969502 37.604195217411004,55.72656070478092,630.2809741680439 37.604513556492286,55.72656432173909,629.5608813946064 37.604831895646115,55.72656793787257,629.5608813946064 37.60515023487247,55.72657155318135,631.595930833083 37.60546857417132,55.72657516766544,632.5074603740986 37.60578691354266,55.72657878132483,632.5074603740986 37.60610525298648,55.72658239415955,633.2147510235127 37.60642359250276,55.72658600616955,635.0428455059346 37.60674193209147,55.72658961735486,635.0428455059346 37.60706027175261,55.72659322771548,637.1994617168721 37.60737861148615,55.72659683725141,636.2794330303486 37.607696951292084,55.72660044596264,636.2794330303486 37.608015291170396,55.72660405384917,634.5544879619893 37.60833363112106,55.726607660911,630.0453479473408 37.60865197114406,55.726611267148144,630.0453479473408 37.608970311239396,55.72661487256058,628.7174365703877 37.609288651407034,55.72661847714833,631.5890033428486 37.60928226490464,55.72679813110176,631.5890033428486 37.609275878329946,55.726977785049435,631.4645221416768 37.60926949168296,55.727157438991334,629.4595935528096 37.60926310496368,55.727337092927456,629.4595935528096 37.609256718172105,55.727516746857795,626.8191974346455 37.60925033130823,55.72769640078236,624.4380176250752 37.60924394437206,55.72787605470117,624.4380176250752 37.60923755736359,55.72805570861418,626.2299335186299 37.60923117028282,55.72823536252143,627.2567432110127 37.609224783129754,55.72841501642291,627.2567432110127 37.60921839590438,55.72859467031861,627.0417621319111 37.6092120086067,55.72877432420853,626.7907092754658 37.60920562123672,55.728953978092676,626.7907092754658 37.60919923379443,55.72913363197105,626.2025745098408 37.60919284627983,55.72931328584366,625.8513171856221 37.60918645869293,55.72949293971047,625.8513171856221 37.60918007103372,55.72967259357153,626.8948962871846 37.6091736833022,55.729852247426805,629.1291949932393 37.60885531683852,55.72984864240439,627.4814899151143 37.608536950447174,55.72984503655718,626.0676868145283 37.60821858412817,55.729841429885184,626.0676868145283 37.60790021788152,55.72983782238839,624.3981006328877 37.607581851707266,55.729834214066805,621.4257190410908 37.60726348560539,55.72983060492041,621.4257190410908 37.60694511957593,55.72982699494922,618.9013736431416 37.6066267536189,55.729823384153256,618.3213794414814 37.6063083877343,55.72981977253248,618.3213794414814 37.605990021922175,55.729816160086905,618.0807712261494 37.60567165618252,55.72981254681654,618.7694156353291 37.60535329051536,55.7298089327214,618.7694156353291 37.60503492492071,55.72980531780146,619.974837083083 37.60471655939859,55.72980170205671,621.974348801833 37.60439819394901,55.72979808548719,621.974348801833 37.60407982857198,55.729794468092855,622.4367816631611 37.60376146326754,55.72979084987375,619.1739566509541 37.60344309803568,55.72978723082985,619.1739566509541 37.60312473287644,55.72978361096115,617.291357774001 37.602806367789825,55.72977999026767,618.2425754253682 37.60248800277585,55.72977636874939,618.2425754253682 37.60216963783453,55.729772746406326,617.6987598125752 37.60185127296588,55.72976912323848,614.5264041607197 37.60153290816993,55.72976549924584,614.5264041607197 37.60121454344669,55.72976187442841,616.2707889263447 37.60089617879616,55.729758248786204,622.2730548565205 37.60057781421838,55.7297546223192,622.2730548565205 37.60025944971336,55.729750995027416,624.0416400615986 37.59994108528112,55.729747366910836,620.09606053279 37.59962272092166,55.72974373796947,620.09606053279 37.59930435663501,55.729740108203316,617.6153934185322 37.598985992421184,55.7297364776124,618.3462131206807 37.5986676282802,55.72973284619668,618.3462131206807 37.59834926421207,55.729729213956176,618.9225070659932 37.59803090021681,55.7297255808909,620.7983997051533 37.597712536294445,55.729721947000826,620.7983997051533 37.597394172444986,55.72971831228598,617.0197742168721 37.59707580866844,55.729714676746354,613.4206073467549 37.59675744496485,55.72971104038193,613.4206073467549 37.5964390813342,55.729707403192734,612.3076923076924 37.59612071777654,55.729703765178755,612.3076923076924 37.595802354291855,55.729700126340006,612.3076923076924 37.59548399088018,55.72969648667646,612.3076923076924 37.595165627541526,55.729692846188144,612.3076923076924 37.59484726427591,55.72968920487504,612.3076923076924 37.59452890108335,55.72968556273717,612.3076923076924 37.59421053796387,55.72968191977451,613.0262973491963 37.593892174917464,55.72967827598708,613.0262973491963 37.59357381194417,55.72967463137485,616.5221393291768 37.593255449043994,55.72967098593786,621.0760638897236 37.592937086216956,55.7296673396761,621.0760638897236 37.592618723463076,55.729663692589554,622.271223801833 37.59230036078236,55.729660044678226,622.5832050030049 37.59198199817484,55.72965639594213,622.5832050030049 37.591663635640515,55.729652746381255,627.0700061504658 37.59134527317941,55.72964909599561,628.7267749492939 37.59102691079155,55.72964544478518,628.7267749492939 37.59070854847694,55.72964179274999,627.8750293438252 37.590390186235595,55.729638139890014,628.1378467266377 37.590071824067536,55.72963448620526,628.1378467266377 37.589753461972784,55.729630831695744,626.098616379958 37.58943509995136,55.729627176361454,626.6577289287861 37.589116738003256,55.72962352020238,626.6577289287861 37.58879837612851,55.729619863218545,632.0430896465596 37.58848001432714,55.72961620540995,630.2362048809346 37.58816165259914,55.72961254677656,630.2362048809346 37.587843290944555,55.729608887318406,627.0325763408955 37.58752492936338,55.729605227035485,625.9961078350361 37.58720656785565,55.7296015659278,625.9961078350361 37.586888206421364,55.72959790399534,625.5653369610127 37.586569845060545,55.729594241238104,625.8979633037861 37.58625148377322,55.72959057765611,625.8979633037861 37.58593312255939,55.72958691324934,626.8934467022236 37.58561476141907,55.7295832480178,630.2260425274189 37.5852964003523,55.7295795819615,630.2260425274189 37.58497803935907,55.72957591508044,635.0570209209736 37.58465967843941,55.7295722473746,636.0796497051533 37.584341317593335,55.729568578844,636.0796497051533 37.58402295682085,55.72956490948862,632.7494800274189 37.58370459612199,55.729561239308495,628.1356189434346 37.58338623549677,55.7295575683036,628.1356189434346 37.58306787494519,55.72955389647394,627.0599048321064 37.58274951446728,55.72955022381951,627.5285785381611 37.58243115406305,55.729546550340324,627.5285785381611 37.58211279373253,55.72954287603637,627.5620715801533 37.58179443347571,55.729539200907645,629.9254749004658 37.581476073292635,55.72953552495417,629.9254749004658 37.5811577131833,55.729531848175924,631.1010120098408 37.58083935314774,55.72952817057292,632.5959155742939 37.58052099318595,55.72952449214516,632.5959155742939 37.580202633297965,55.72952081289264,633.1585071270283 37.57988427348379,55.729517132815346,631.7317340557393 37.57956591374346,55.7295134519133,631.7317340557393 37.579247554076964,55.729509770186496,630.1308124248799 37.57892919448434,55.72950608763493,629.9574268047627 37.578610834965595,55.729502404258604,629.9574268047627 37.57829247552075,55.729498720057514,629.6228625957783 37.57797411614981,55.72949503503168,630.0496051494893 37.577655756852806,55.72949134918109,630.0496051494893 37.577337397629755,55.72948766250573,631.0661609356221 37.577019038480664,55.72948397500561,632.8886096660908 37.57670067940555,55.72948028668075,632.8886096660908 37.576382320404434,55.729476597531125,633.178206223708 37.57606396147733,55.72947290755673,633.0783221905049 37.57574560262426,55.7294692167576,633.0783221905049 37.57542724384523,55.72946552513371,636.8646381084736 37.57510888514027,55.72946183268507,636.8747546856221 37.57479052650938,55.729458139411676,636.8747546856221 37.57447216795259,55.72945444531352,633.3294665996846 37.57415380946992,55.72945075039061,631.3436114971455 37.57383545106138,55.729447054642954,631.3436114971455 37.57351709272697,55.729443358070554,632.1331317608174 37.573198734466736,55.729439660673386,633.5798480694111 37.57288037628067,55.729435962451475,633.5798480694111 37.5725620181688,55.7294322634048,636.2522113506611 37.57224366013115,55.72942856353339,638.9386737530049 37.57192530216773,55.72942486283723,638.9386737530049 37.57160694427854,55.72942116131631,638.9504840557393 37.57128858646362,55.729417458970644,636.8266132061299 37.57097022872298,55.72941375580024,636.8266132061299 37.57065187105663,55.72941005180507,629.7994220440205 37.57033351346459,55.72940634698517,627.6121509258564 37.570015155946884,55.7294026413405,627.6121509258564 37.56969679850351,55.7293989348711,628.5598895733174 37.5693784411345,55.72939522757695,632.8475024883564 37.56906008383987,55.729391519458055,632.8475024883564 37.568741726619635,55.72938781051441,634.2273395244893 37.56842336947381,55.72938410074602,628.4738757793721 37.568105012402405,55.72938039015288,628.4738757793721 37.56778665540545,55.729376678735,629.8362415020283 37.56746829848295,55.729372966492384,632.1734912578877 37.56714994163492,55.72936925342501,632.1734912578877 37.56683158486139,55.7293655395329,633.4582812969502 37.56651322816237,55.729361824816046,635.5419299785908 37.566194871537874,55.729358109274436,635.5419299785908 37.56587651498792,55.72935439290811,636.8663928692158 37.565558158512516,55.72935067571702,635.7856128399189 37.5652398021117,55.7293469577012,635.7856128399189 37.56492144578547,55.729343238860636,632.1524951641377 37.56460308953385,55.72933951919533,629.8508289043721 37.56428473335685,55.72933579870529,629.8508289043721 37.563966377254495,55.729332077390495,630.6148669903096 37.5636480212268,55.72932835525098,634.9639880840596 37.56332966527377,55.72932463228671,634.9639880840596 37.563011309395435,55.729320908497705,634.8560626690205 37.56269295359181,55.72931718388398,633.0918567364033 37.562374597862906,55.72931345844548,633.0918567364033 37.56205624220874,55.72930973218228,633.9006030742939 37.56173788662933,55.72930600509433,634.3172443096455 37.5614195311247,55.729302277181624,634.3172443096455 37.56110117569485,55.72929854844421,634.6111896221455 37.56078282033981,55.729294818882046,634.6469409649189 37.5604644650596,55.72929108849516,634.6469409649189 37.56014610985422,55.72928735728352,635.2500140850361 37.559827754723706,55.72928362524716,633.5933215801533 37.55950939966806,55.72927989238606,633.5933215801533 37.5591910446873,55.72927615870023,630.3149860088643 37.558872689781445,55.729272424189666,627.7596118633564 37.55855433495051,55.72926868885436,627.7596118633564 37.558235980194524,55.72926495269433,626.7224414532002 37.55791762551348,55.72926121570957,624.3350207989033 37.55759927090742,55.729257477900084,624.3350207989033 37.557280916376335,55.72925373926585,622.0939014141377 37.55696256192026,55.729249999806896,623.3775165264424 37.55664420753921,55.72924625952321,623.3775165264424 37.55632585323319,55.72924251841479,624.0523059551533 37.55600749900223,55.729238776481644,622.4015338604268 37.55568914484633,55.729235033723775,622.4015338604268 37.55537079076554,55.72923129014118,623.6773822490986 37.55505243675983,55.72922754573384,620.9643848125752 37.55473408282925,55.729223800501785,620.9643848125752 37.55441572897381,55.729220054445,617.2155215923603 37.554097375193514,55.72921630756348,613.8934772198018 37.553779021488396,55.72921255985724,613.8934772198018 37.55346066785846,55.72920881132628,612.8076923076924 37.55314231430373,55.729205061970596,612.8076923076924 37.55282396082421,55.72920131179017,612.8076923076924 37.55250560741993,55.72919756078503,612.8076923076924 37.55218725409091,55.72919380895517,612.8076923076924 37.55186890083716,55.72919005630058,612.8076923076924 37.551550547658685,55.729186302821276,612.8076923076924 37.55123219455551,55.72918254851723,612.8076923076924 37.55091384152766,55.72917879338847,612.8076923076924 37.55059548857515,55.729175037434985,612.8076923076924 37.55027713569798,55.729171280656786,612.8076923076924 37.549958782896184,55.72916752305387,612.8076923076924 37.549640430169774,55.72916376462622,612.8076923076924 37.54932207751876,55.72916000537385,612.8076923076924 37.54900372494317,55.72915624529677,612.8076923076924 37.548685372443,55.729152484394966,612.896094102126 37.5483670200183,55.729148722668434,613.1213519756611 37.54804866766905,55.72914496011719,613.1213519756611 37.5477303153953,55.72914119674124,614.6916186992939 37.54741196319704,55.72913743254055,620.1643588726338 37.547093611074295,55.72913366751515,620.1643588726338 37.546775259027086,55.72912990166504,626.3573444073018 37.54645690705542,55.72912613499021,626.5512683574971 37.54613855515933,55.72912236749065,626.5512683574971 37.54582020333882,55.72911859916639,620.2784869854268 37.545501851593905,55.729114830017416,617.9847247783955 37.54518349992461,55.729111060043714,617.9847247783955 37.54486514833095,55.729107289245306,616.1595294658955 37.54454679681293,55.729103517622185,616.8225925152119 37.544228445370585,55.729099745174345,616.8225925152119 37.54391009400392,55.72909597190179,619.9348972027119 37.54359174271295,55.72909219780453,620.3017947857197 37.54327339149769,55.72908842288255,620.3017947857197 37.542955040358166,55.72908464713586,621.7155902569111 37.54263668929439,55.72908087056447,621.2370288555439 37.54231833830637,55.72907709316835,621.2370288555439 37.54199998739414,55.729073314947534,623.9657733623799 37.54168163655771,55.729069535902006,624.7517535869893 37.5413632857971,55.72906575603176,624.7517535869893 37.5410449351123,55.729061975336805,627.3097675030049 37.54072658450336,55.72905819381714,631.364973801833 37.54040823397028,55.72905441147277,631.364973801833 37.54008988351309,55.72905062830369,632.7237384502705 37.53977153313178,55.7290468443099,626.5076892559346 37.53945318282639,55.7290430594914,626.5076892559346 37.53913483259693,55.72903927384821,621.7884357158955 37.53881648244342,55.7290354873803,620.9617908184346 37.53849813236587,55.729031700087674,620.9617908184346 37.538179782364296,55.72902791197036,621.143049973708 37.53786143243872,55.72902412302834,621.8469836895283 37.53754308258915,55.7290203332616,621.8469836895283 37.53722473281562,55.72901654267017,622.8120715801533 37.53690638311813,55.72901275125403,626.3432147686299 37.5365880334967,55.729008959013186,626.3432147686299 37.53626968395135,55.72900516594765,628.3422382061299 37.53595133448209,55.72900137205739,629.0992877666768 37.53563298508895,55.72899757734244,629.0992877666768 37.53531463577193,55.72899378180279,628.2268665020283 37.53499628653106,55.72898998543844,627.4622638408955 37.53467793736635,55.72898618824938,627.4622638408955 37.534359588277816,55.72898239023562,627.2687061016377 37.53404123926548,55.72897859139716,627.2312152569111 37.533722890329344,55.728974791734004,627.2312152569111 37.533404541469444,55.72897099124615,628.8331134502705 37.53308619268578,55.728967189933584,629.7500446026143 37.53276784397838,55.728963387796334,629.7500446026143 37.53244949534725,55.728959584834385,630.7512500469502 37.53213114679242,55.72895578104773,630.4666431133564 37.5318127983139,55.728951976436385,630.4666431133564 37.53149444991171,55.72894817100033,630.2354572002705 37.53117610158586,55.7289443647396,629.866438645583 37.530857753336356,55.72894055765416,629.866438645583 37.53053940516324,55.72893674974403,629.5080096905049 37.53022105706651,55.7289329410092,630.2714984600361 37.5299027090462,55.728929131449675,630.2714984600361 37.5295843611023,55.728925321065454,631.2575061504658 37.52926601323485,55.72892150985654,632.1584460918721 37.52894766544386,55.72891769782294,632.1584460918721 37.52862931772934,55.72891388496464,632.2536151592549 37.52831097009131,55.72891007128165,630.6659839336689 37.527992622529794,55.728906256773975,630.6659839336689 37.527674275044795,55.72890244144159,627.9538104717549 37.52735592763634,55.72889862528453,626.3590686504658 37.527037580304444,55.728894808302776,626.3590686504658 37.526719233049114,55.72889099049633,624.729475754958 37.52640088587039,55.72888717186519,627.6920001690205 37.52608253876826,55.72888335240936,627.6920001690205 37.52576419174275,55.72887953212885,625.8244922344502 37.52544584479389,55.72887571102364,625.0171954815205 37.52512749792169,55.72887188909375,625.0171954815205 37.52480915112615,55.72886806633917,626.4185321514424 37.5244908044073,55.7288642427599,623.5703265850361 37.52417245776516,55.728860418355936,623.5703265850361 37.523854111199746,55.7288565931273,621.5505969707783 37.52353576471107,55.728852767073974,625.1929309551533 37.52321741829915,55.72884894019596,625.1929309551533 37.52289907196399,55.728845112493254,627.077620286208 37.52258072570563,55.72884128396587,626.6675555889424 37.52226237952408,55.728837454613796,626.6675555889424 37.52194403341934,55.72883362443705,625.6871326153096 37.52162568739144,55.72882979343561,625.5753925030049 37.5213073414404,55.728825961609495,625.5753925030049 37.52098899556622,55.72882212895868,625.9800403301533 37.52067064976894,55.7288182954832,626.0373218242939 37.52035230404856,55.72881446118303,626.0373218242939 37.5200339584051,55.728810626058184,627.5828082744893 37.519715612838574,55.728806790108656,632.2791583721455 37.51939726734901,55.728802953334444,632.2791583721455 37.519078921936405,55.728799115735555,636.2518603985127 37.5187605766008,55.72879527731199,639.0702350323018 37.518442231342185,55.72879143806373,639.0702350323018 37.518123886160595,55.7287875979908,639.6300037090596 37.51780554105604,55.7287837570932,639.442610520583 37.51748719602854,55.72877991537091,639.442610520583 37.51716885107811,55.72877607282395,638.0132739727314 37.51685050620476,55.728772229452304,637.0457141582783 37.51653216140852,55.72876838525599,637.0457141582783 37.516213816689394,55.728764540234984,636.5752856914814 37.515895472047404,55.72876069438933,637.567122239333 37.515577127482565,55.72875684771898,637.567122239333 37.5152587829949,55.72875300022395,636.5364825908955 37.51494043858441,55.72874915190426,635.211409348708 37.51462209425113,55.7287453027599,635.211409348708 37.514303749995065,55.72874145279086,635.2522876446064 37.513985405816236,55.72873760199713,635.5256488506611 37.513667061714656,55.72873375037874,635.5256488506611 37.51334871769034,55.72872989793568,635.4344318096455 37.51303037374331,55.728726044667944,635.3125903789814 37.51271202987358,55.72872219057554,635.3125903789814 37.51239368608117,55.72871833565846,636.0543506328877 37.512075342366096,55.72871447991671,638.7814319317158 37.511756998728366,55.7287106233503,638.7814319317158 37.51143865516801,55.7287067659592,642.0016315166768 37.511120311685026,55.728702907743454,644.5352313701924 37.51080196827945,55.72869904870303,644.5352313701924 37.51048362495129,55.72869518883792,644.5383746807393 37.51016528170056,55.728691328148166,649.3252093975361 37.509846938527275,55.72868746663374,649.3252093975361 37.50952859543146,55.728683604294645,648.3389728252705 37.509210252413126,55.72867974113087,645.1867206280049 37.5088919094723,55.728675877142436,645.1867206280049 37.50857356660897,55.72867201232935,645.4236591045674 37.508255223823184,55.728668146691575,646.2524097149189 37.50793688111495,55.72866428022915,646.2524097149189 37.50761853848427,55.728660412942055,648.7134845440205 37.50730019593117,55.7286565448303,651.7357623760518 37.506981853455684,55.72865267589388,651.7357623760518 37.506663511057795,55.72864880613279,654.1339099590596 37.506345168737546,55.728644935547045,655.4003436748799 37.506026826494946,55.72864106413663,655.4003436748799 37.50570848433001,55.72863719190156,655.8543994610127 37.505390142242746,55.72863331884182,657.7017352764424 37.50507180023318,55.72862944495742,657.7017352764424 37.50475345830134,55.728625570248376,658.8395984356221 37.50443511644722,55.728621694714654,657.6102893535908 37.50411677467085,55.72861781835628,657.6102893535908 37.50379843297224,55.72861394117324,656.0802142803486 37.503480091351406,55.72861006316554,655.8807361309346 37.50316174980837,55.72860618433319,655.8807361309346 37.502843408343146,55.72860230467618,656.8830249492939 37.502525066955755,55.72859842419451,658.7615955059346 37.502206725646204,55.72859454288819,658.7615955059346 37.50188838441452,55.7285906607572,659.596174973708 37.50157004326071,55.72858677780155,658.6269672100361 37.5012517021848,55.72858289402126,658.6269672100361 37.5009333611868,55.72857900941631,656.6508929912861 37.500615020266736,55.72857512398671,653.2300098125752 37.5002966794246,55.72857123773244,653.2300098125752 37.49997833866043,55.728567350653506,648.5554950420674 37.49965999797425,55.72856346274994,646.6762073223408 37.49934165736605,55.72855957402172,646.6762073223408 37.499023316835874,55.72855568446884,648.2442462627705 37.49870497638371,55.728551794091324,652.6508319561299 37.4983866360096,55.72854790288914,652.6508319561299 37.498068295713544,55.7285440108623,658.7517383282002 37.49774995549557,55.72854011801081,664.3775165264424 37.49743161535569,55.72853622433468,664.3775165264424 37.49711327529391,55.72853232983389,667.623762864333 37.49679493531027,55.728528434508455,668.5976092998799 37.49647659540476,55.728524538358364,668.5976092998799 37.49615825557741,55.72852064138363,666.6732318584736 37.49583991582825,55.72851674358425,662.4977710430439 37.495521576157266,55.72851284496022,662.4977710430439 37.4952032365645,55.72850894551154,657.6860645000752 37.49488489704996,55.728505045238215,653.2289569561299 37.49456655761365,55.72850114414023,653.2289569561299 37.49424821825561,55.728497242217614,650.5012500469502 37.49392987897584,55.728493339470354,648.974348801833 37.49361153977437,55.72848943589844,648.974348801833 37.493293200651195,55.728485531501875,648.6414783184346 37.492974861606356,55.72848162628068,649.9073016826924 37.492656522639855,55.72847772023483,649.9073016826924 37.492338183751706,55.72847381336434,651.573469895583 37.492019844941936,55.72846990566921,654.1237933819111 37.49170150621055,55.72846599714943,654.1237933819111 37.49138316755758,55.728462087805006,659.4708392803486 37.49106482898303,55.72845817763594,665.7454364483174 37.49074649048692,55.72845426664224,665.7454364483174 37.49042815206926,55.7284503548239,669.1517780010518 37.49010981373008,55.72844644218092,669.6550738994893 37.48979147546939,55.72844252871328,669.6550738994893 37.489473137287206,55.72843861442102,668.7386920635518 37.48915479918354,55.728434699304124,667.2647235576924 37.48883646115842,55.728430783362576,667.2647235576924 37.48851812321185,55.728426866596386,666.9769427959736 37.48819978534385,55.72842294900558,666.0845630352314 37.48788144755444,55.72841903059011,666.0845630352314 37.48756310984364,55.72841511135001,665.5147998516377 37.48724477221146,55.728411191285275,664.4945209209736 37.486926434657924,55.72840727039591,664.4945209209736 37.48660809718303,55.72840334868191,662.0532214824971 37.486289759786814,55.72839942614326,661.9411304180439 37.485971422469284,55.72839550277998,661.9411304180439 37.48565308523046,55.728391578592074,662.0312030498799 37.48533474807036,55.72838765357954,661.459456223708 37.48501641098899,55.72838372774235,661.459456223708 37.48469807398638,55.72837980108054,658.3090045635518 37.48437973706253,55.728375873594096,654.0364978496846 37.484061400217485,55.728371945283016,654.0364978496846 37.48374306345123,55.728368016147314,648.3354175274189 37.4834247267638,55.728364086186964,643.3776080791768 37.48310639015519,55.728360155402,643.3776080791768 37.482788053625455,55.72835622379239,643.7522571270283 37.48246971717458,55.728352291358156,644.5530078594502 37.48215138080259,55.72834835809929,644.5530078594502 37.48183304450951,55.7283444240158,645.3203723614033 37.48151470829534,55.72834048910768,647.7771747295674 37.48119637216011,55.72833655337493,647.7771747295674 37.48087803610383,55.728332616817546,646.4925525371846 37.48055970012652,55.72832867943554,646.0153949444111 37.48024136422819,55.72832474122891,646.0153949444111 37.47992302840887,55.72832080219764,646.8264758770283 37.479604692668566,55.72831686234176,645.9923236553486 37.47928635700729,55.72831292166126,645.9923236553486 37.478968021425075,55.728308980156115,645.6235339824971 37.47864968592192,55.728305037826345,644.5503986065205 37.478331350497854,55.72830109467196,644.5503986065205 37.47801301515288,55.72829715069295,643.7434528057393 37.47769467988704,55.72829320588931,645.3673846905049 37.47737634470031,55.72828926026106,645.3673846905049 37.477058009592746,55.72828531380817,644.760481614333 37.47673967456435,55.72828136653067,645.823714036208 37.47642133961513,55.72827741842854,645.823714036208 37.476103004745106,55.728273469501794,647.5995166485127 37.47578466995431,55.72826951975043,646.9098041240986 37.47546633524274,55.72826556917444,646.9098041240986 37.475148000610425,55.72826161777384,643.1269824688252 37.47482966605737,55.728257665548604,644.5557697002705 37.47451133158359,55.728253712498756,644.5557697002705 37.47419299718912,55.72824975862429,648.1903064434346 37.47387466287396,55.728245803925205,648.7288196270283 37.47355632863813,55.7282418484015,648.7288196270283 37.47323799448166,55.72823789205318,649.2376392071064 37.47291966040455,55.728233934880244,649.7037646953877 37.47260132640681,55.72822997688269,649.7037646953877 37.47228299248847,55.72822601806052,650.7295978252705 37.47196465864956,55.72822205841372,651.7004382793721 37.471646324890074,55.728218097942325,651.7004382793721 37.47132799121003,55.728214136646315,653.6541583721455 37.47100965760945,55.72821017452569,654.1841418926533 37.47069132408835,55.72820621158044,654.1841418926533 37.47037299064675,55.72820224781058,654.9204700176533 37.47005465728466,55.72819828321611,657.1380145733174 37.46973632400211,55.72819431779702,657.1380145733174 37.4694179907991,55.72819035155332,660.6582019512471 37.46909965767565,55.72818638448502,664.857893723708 37.46878132463178,55.728182416592105,664.857893723708 37.46846299166751,55.728178447874576,666.6405627910908 37.468144658782855,55.728174478332434,668.6272723858174 37.46782632597782,55.72817050796568,668.6272723858174 37.46750799325243,55.72816653677431,668.8557574932393 37.467189660606714,55.72816256475835,666.9193103496846 37.46687132804067,55.72815859191777,666.9193103496846 37.466552995554316,55.72815461825259,664.6984088604268 37.46623466314768,55.728150643762795,663.6419665996846 37.46591633082077,55.728146668448396,663.6419665996846 37.46559799857361,55.728142692309376,662.3422076885518 37.4652796664062,55.72813871534577,661.7990710918721 37.46496133431857,55.728134737557546,661.7990710918721 37.464643002310744,55.72813075894473,660.3729388897236 37.46432467038272,55.72812677950729,660.129133958083 37.464006338534524,55.728122799245256,660.129133958083 37.463688006766176,55.72811881815862,662.3504626934346 37.46336967507768,55.72811483624737,662.6909625713643 37.46305134346907,55.72811085351153,662.6909625713643 37.462733011940344,55.72810686995108,661.8194720928486 37.462414680491534,55.728102885566024,659.8640582744893 37.46209634912265,55.72809890035638,659.8640582744893 37.46177801783371,55.728094914322114,660.5299518291768 37.46145968662473,55.72809092746326,660.584456223708 37.46114135549572,55.7280869397798,660.584456223708 37.4608230244467,55.72808295127175,663.8567340557393 37.460504693477695,55.72807896193908,664.1793353740986 37.460186362588715,55.72807497178184,664.1793353740986 37.45986803177978,55.72807098079998,663.3102710430439 37.459549701050896,55.728066988993525,661.6963641826924 37.459231370402094,55.72806299636247,661.6963641826924 37.45891303983338,55.728059002906825,661.2173755352314 37.45859470934477,55.72805500862658,661.0088489239033 37.45827637893628,55.72805101352173,661.0088489239033 37.45795804860794,55.728047017592296,660.7996661846455 37.45763971835976,55.72804302083826,661.0557849590596 37.457321388191744,55.72803902325964,661.0557849590596 37.45700305810393,55.7280350248564,661.2256915752705 37.45668472809631,55.72803102562859,661.5622852032002 37.456366398168925,55.72802702557618,661.5622852032002 37.45604806832178,55.72802302469916,662.0479877178486 37.455729738554886,55.72801902299758,663.5485065166768 37.455411408868265,55.728015020471375,663.5485065166768 37.455093079261935,55.728011017120586,664.3470752422627 37.45477474973591,55.72800701294521,665.0310352032002 37.45445642029021,55.72800300794525,665.0310352032002 37.45413809092484,55.7279990021207,664.0685260479268 37.45381976163984,55.72799499547154,663.6517780010518 37.453501432435196,55.7279909879978,663.6517780010518 37.45318310331095,55.72798697969947,662.9018695537861 37.45286477426711,55.72798297057656,661.6972644512471 37.452546445303696,55.72797896062906,661.6972644512471 37.45222811642071,55.727974949856964,661.2444141094502 37.451909787618185,55.72797093826028,661.1534564678486 37.451591458896125,55.727966925839006,661.1534564678486 37.451273130254556,55.72796291259315,662.9967792217549 37.45095480169349,55.727958898522715,663.3528430645283 37.450636473212946,55.727954883627675,663.3528430645283 37.45031814481294,55.72795086790807,661.5915210430439 37.44999981649349,55.727946851363875,660.1767718975361 37.44999269831082,55.728126492449725,660.1767718975361 37.44998558004759,55.7283061335297,657.8441760723408 37.449978461703786,55.72848577460376,656.4289233867939 37.449971343279394,55.728665415671955,656.4289233867939 37.44996422477445,55.728845056734244,655.9085376446064 37.44995710618891,55.729024697790635,653.9122150127705 37.4499499875228,55.72920433884115,653.9122150127705 37.44994286877611,55.72938397988577,651.5371539776143 37.44993574994884,55.72956362092448,650.3016650860127 37.44992863104098,55.729743261957324,650.3016650860127 37.449921512052555,55.72992290298426,649.5068805401143 37.44991439298354,55.73010254400531,648.1203601543721 37.44990727383393,55.73028218502048,648.1203601543721 37.449900154603746,55.73046182602973,646.0280749981221 37.449893035292966,55.73064146703312,644.7691028301533 37.4498859159016,55.730821108030604,644.7691028301533 37.449878796429644,55.73100074902219,644.9889209453877 37.4498716768771,55.7311803900079,644.6260211651143 37.4501900314873,55.7311844070364,646.0292041485127 37.45050838617808,55.73118842324024,647.2307880108174 37.45082674094942,55.73119243861938,647.2307880108174 37.4511450958013,55.73119645317383,647.1760699932393 37.451463450733705,55.73120046690361,649.0298602764424 37.45178180574663,55.731204479808696,649.0298602764424 37.45210016084003,55.73120849188909,652.5476520244893 37.45241851601392,55.73121250314481,656.1943652813252 37.45273687126827,55.73121651357584,656.1943652813252 37.45305522660306,55.731220523182174,660.2018115703877 37.45337358201829,55.73122453196382,664.1634967510518 37.453691937513916,55.73122853992077,664.1634967510518 37.454010293089944,55.731232547053054,664.0730121319111 37.45432864874635,55.73123655336063,661.537092942458 37.45464700448311,55.73124055884352,661.537092942458 37.45496536030022,55.73124456350172,660.4524219219502 37.455283716197656,55.73124856733523,663.0780322735127 37.45560207217541,55.73125257034405,663.0780322735127 37.455920428233455,55.73125657252818,658.1182086651143 37.456238784371784,55.73126057388761,657.9112079326924 37.45655714059037,55.731264574422354,657.9112079326924 37.4568754968892,55.7312685741324,656.9856097881611 37.457193853268265,55.73127257301775,655.3335254375752 37.45751220972754,55.73127657107842,655.3335254375752 37.457830566267006,55.73128056831437,656.1946399395283 37.45814892288666,55.73128456472565,656.6844012920674 37.45846727958647,55.73128856031222,656.6844012920674 37.458785636366436,55.7312925550741,656.4109485332783 37.45910399322652,55.731296549011276,656.7868945782002 37.459422350166726,55.73130054212376,656.7868945782002 37.45974070718703,55.73130453441155,658.1799609844502 37.46005906428741,55.73130852587464,656.9737384502705 37.46037742146786,55.731312516513036,656.9737384502705 37.46069577872836,55.73131650632673,659.1929767315205 37.461014136068876,55.73132049531572,659.2964770977314 37.461332493489415,55.73132448348002,659.2964770977314 37.461650850989955,55.73132847081961,659.9278094951924 37.46196920857047,55.7313324573345,661.3657672588643 37.462287566230955,55.7313364430247,661.3657672588643 37.462605923971395,55.731340427890196,662.1328723614033 37.46292428179176,55.73134441193098,660.8563831035908 37.463242639692034,55.731348395147066,660.8563831035908 37.46356099767222,55.73135237753846,658.9793079082783 37.46387935573228,55.731356359105135,658.4921252910908 37.46419771387221,55.73136033984712,658.4921252910908 37.46451607209198,55.731364319764396,659.4190051739033 37.46483443039159,55.73136829885698,655.8500964824971 37.46515278877102,55.731372277124834,655.8500964824971 37.465471147230254,55.731376254568,655.9713733379658 37.46578950576926,55.73138023118645,656.2432391826924 37.466107864388036,55.731384206980195,656.2432391826924 37.46642622308656,55.731388181949235,658.6220386211689 37.46674458186482,55.73139215609357,659.3536975567158 37.4670629407228,55.7313961294132,659.3536975567158 37.46738129966048,55.731400101908115,658.7212665264424 37.467699658677844,55.731404073578325,656.2367847149189 37.468018017774874,55.73140804442383,656.2367847149189 37.468336376951555,55.73141201444462,654.1760394756611 37.468654736207874,55.73141598364071,655.2623126690205 37.46897309554381,55.73141995201208,655.2623126690205 37.46929145495935,55.73142391955874,655.9532001201924 37.46960981445447,55.7314278862807,657.6185901348408 37.46992817402916,55.73143185217794,657.6185901348408 37.4702465336834,55.731435817250464,658.4095142071064 37.470564893417176,55.73143978149828,655.8145740215596 37.470883253230475,55.731443744921386,655.8145740215596 37.47120161312328,55.73144770751977,651.6329486553486 37.47151997309556,55.731451669293435,650.1500384990986 37.47183833314732,55.7314556302424,650.1500384990986 37.47215669327852,55.73145959036665,655.3919818584736 37.47247505348917,55.73146354966618,661.1977985088643 37.472793413779236,55.731467508140994,661.1977985088643 37.473111774148705,55.731471465791095,657.8405749981221 37.473430134597564,55.73147542261648,654.3364856426533 37.47374849512578,55.731479378617145,654.3364856426533 37.47406685573336,55.7314833337931,653.6675708477314 37.47438521642028,55.73148728814433,654.6911914532002 37.47470357718652,55.73149124167084,654.6911914532002 37.47502193803206,55.731495194372634,654.0273883526143 37.475340298956894,55.73149914624972,653.6946094219502 37.47565865996099,55.73150309730206,653.6946094219502 37.47597702104435,55.7315070475297,654.1791522686299 37.47629538220694,55.73151099693263,654.4496295635518 37.47661374344875,55.73151494551082,654.4496295635518 37.47693210476978,55.731518893264294,654.250227708083 37.47725046616999,55.731522840193044,653.2707812969502 37.47756882764937,55.73152678629706,653.2707812969502 37.47788718920791,55.73153073157638,652.5365436260518 37.47820555084559,55.73153467603096,651.1872241680439 37.47852391256239,55.731538619660824,651.1872241680439 37.47884227435829,55.73154256246596,649.620344895583 37.47916063623329,55.731546504446364,649.0426624004658 37.47947899818735,55.73155044560205,649.0426624004658 37.47979736022048,55.73155438593303,649.5158374492939 37.48011572233264,55.73155832543926,648.4379260723408 37.480434084523836,55.731562264120775,648.4379260723408 37.48075244679403,55.73156620197756,647.4499805157002 37.48107080914322,55.73157013900961,648.1729724590596 37.48138917157138,55.73157407521695,648.1729724590596 37.48170753407849,55.73157801059955,647.4116504375752 37.48202589666455,55.731581945157416,649.4471728985127 37.48234425932954,55.73158587889057,649.4471728985127 37.48266262207343,55.731589811798976,647.7432849590596 37.48298098489621,55.73159374388266,640.6044147198018 37.48329934779787,55.73159767514162,640.6044147198018 37.48361771077838,55.73160160557585,636.7924945537861 37.48393607383774,55.73160553518534,637.3221881573018 37.484254436975924,55.73160946397011,637.3221881573018 37.484572800192915,55.73161339193014,639.5296313946064 37.484891163488705,55.73161731906543,638.4454639141377 37.485209526863265,55.731621245376,638.4454639141377 37.485527890316575,55.73162517086183,638.6990955059346 37.48584625384864,55.731629095522926,636.6191699688252 37.48616461745942,55.7316330193593,636.6191699688252 37.486482981148924,55.731636942370926,635.0763232891377 37.48680134491712,55.73164086455783,640.9517200176533 37.487119708763984,55.73164478591998,640.9517200176533 37.48743807268951,55.73164870645741,650.6430652324971 37.48775643669369,55.7316526261701,653.8193652813252 37.48807480077648,55.73165654505806,653.8193652813252 37.48839316493789,55.73166046312127,651.7207782451924 37.48871152917789,55.731664380359746,647.4125507061299 37.48902989349647,55.73166829677349,647.4125507061299 37.48934825789362,55.73167221236249,647.6956470196064 37.4896666223693,55.731676127126754,646.8463123028096 37.48998498692351,55.73168004106628,646.8463123028096 37.490303351556236,55.731683954181065,644.894026536208 37.49062171626746,55.7316878664711,646.0843951885518 37.49094008105716,55.731691777936405,646.0843951885518 37.49125844592532,55.73169568857696,649.784895676833 37.491576810871926,55.73169959839279,649.8561237041768 37.49189517589696,55.73170350738386,649.8561237041768 37.49221354100041,55.7317074155502,649.2270190899189 37.49253190618225,55.73171132289179,649.2658069317158 37.49285027144247,55.731715229408636,649.2658069317158 37.49316863678106,55.73171913510074,649.2646472637471 37.493487002197995,55.7317230399681,650.3951709453877 37.49380536769325,55.731726944010724,650.3951709453877 37.494123733266825,55.7317308472286,651.0292957012471 37.4944420989187,55.73173474962173,651.3582294170674 37.49476046464885,55.73173865119011,651.3582294170674 37.49507883045727,55.73174255193374,652.9998614971455 37.49539719634393,55.73174645185263,654.5207965557393 37.495715562308824,55.73175035094677,654.5207965557393 37.49603392835193,55.73175424921617,656.0135791485127 37.49635229447323,55.73175814666081,657.8328387920674 37.49667066067271,55.7317620432807,657.8328387920674 37.49698902695037,55.731765939075856,659.2302539532002 37.497307393306166,55.731769834046254,659.1079852764424 37.497625759740096,55.731773728191904,659.1079852764424 37.497944126252136,55.731777621512805,659.0907123272236 37.49826249284229,55.73178151400895,658.5476825420674 37.49858085951051,55.73178540568035,658.5476825420674 37.498899226256796,55.73178929652699,661.1134479229268 37.49921759308114,55.731793186548884,662.7479083721455 37.49953595998351,55.73179707574602,662.7479083721455 37.4998543269639,55.73180096411841,661.9026477520283 37.50017269402229,55.73180485166605,661.5121753399189 37.500491061158655,55.731808738388935,661.5121753399189 37.500809428372996,55.73181262428706,660.4127643291768 37.50112779566528,55.73181650936043,657.5628192608174 37.5014461630355,55.73182039360905,657.5628192608174 37.501764530483634,55.731824277032906,658.1551959698018 37.502082898009675,55.73182815963202,662.2085712139424 37.50240126561359,55.73183204140637,662.2085712139424 37.50271963329538,55.73183592235597,664.2786090557393 37.50303800105502,55.731839802480806,663.1344745342549 37.50335636889249,55.73184368178089,663.1344745342549 37.50367473680778,55.731847560256206,659.6085498516377 37.50399310480087,55.73185143790676,660.3526447002705 37.50431147287175,55.73185531473257,660.3526447002705 37.50462984102039,55.731859190733616,662.3477313701924 37.504948209246784,55.7318630659099,662.3174884502705 37.50526657755092,55.73186694026142,662.3174884502705 37.50558494593277,55.73187081378819,662.2376849834736 37.50590331439232,55.73187468649019,661.3570392315205 37.50622168292956,55.73187855836744,661.3570392315205 37.50654005154446,55.73188242941991,662.0393207256611 37.506858420237016,55.73188629964763,662.6025989239033 37.50717678900721,55.73189016905058,662.6025989239033 37.507495157855026,55.73189403762877,661.9326312725361 37.507813526780446,55.73189790538219,661.9156787578877 37.50813189578344,55.73190177231086,661.9156787578877 37.50845026486402,55.73190563841476,660.0435474102314 37.50876863402214,55.7319095036939,659.3292072002705 37.509087003257804,55.73191336814827,659.3292072002705 37.50940537257099,55.73191723177787,657.4570911114033 37.50972374196167,55.7319210945827,656.2001636211689 37.51004211142985,55.731924956562764,656.2001636211689 37.510360480975486,55.73192881771808,656.1755511944111 37.510678850598595,55.7319326780486,656.4403369610127 37.510997220299124,55.731936537554375,656.4403369610127 37.51131559007708,55.73194039623537,655.7642963115986 37.511633959932446,55.73194425409161,655.3108356182393 37.511952329865196,55.73194811112307,655.3108356182393 37.512270699875316,55.73195196732975,654.2755420391377 37.51258906996279,55.731955822711676,651.9739978496846 37.512907440127606,55.731959677268826,651.9739978496846 37.51322581036975,55.7319635310012,649.9179217998799 37.51354418068919,55.73196738390881,646.7649829571064 37.51386255108592,55.731971235991644,646.7649829571064 37.51418092155993,55.73197508724971,645.2710254375752 37.51449929211119,55.731978937682996,638.7775409405049 37.51481766273969,55.731982787291514,638.7775409405049 37.51513603344541,55.73198663607526,629.7130267803486 37.515454404228336,55.731990484034235,627.7347400371846 37.51577277508845,55.73199433116843,627.7347400371846 37.51609114602575,55.73199817747785,628.3560474102314 37.5164095170402,55.7320020229625,628.9429004375752 37.51672788813179,55.73200586762237,628.9429004375752 37.5170462593005,55.73200971145746,627.7897327129658 37.51736463054632,55.73201355446777,626.5783679668721 37.51768300186923,55.73201739665331,626.5783679668721 37.51800137326922,55.73202123801408,627.7013385479268 37.518319744746265,55.73202507855006,629.2765796367939 37.518638116300345,55.73202891826127,629.2765796367939 37.518956487931455,55.7320327571477,630.7085254375752 37.51927485963957,55.73203659520935,632.1938007061299 37.51959323142468,55.732040432446205,632.1938007061299 37.519911603286765,55.7320442688583,632.4499805157002 37.52022997522581,55.7320481044456,632.1413715069111 37.520548347241785,55.73205193920814,632.1413715069111 37.5208667193347,55.73205577314588,631.4593341533955 37.52118509150452,55.73205960625885,632.1311481182393 37.52150346375123,55.732063438547016,632.1311481182393 37.52182183607482,55.732067270010425,632.1776874248799 37.522140208475264,55.73207110064905,632.4468372051533 37.52245858095255,55.73207493046288,632.4468372051533 37.52277695350667,55.73207875945193,632.5689075176533 37.52309532613759,55.73208258761619,632.0601489727314 37.52341369884532,55.73208641495567,632.0601489727314 37.52373207162981,55.73209024147037,632.0030963604268 37.52405044449107,55.732094067160276,632.8537128155049 37.52436881742907,55.73209789202541,632.8537128155049 37.52468719044379,55.73210171606574,633.5610645000752 37.52500556353523,55.732105539281285,634.4833972637471 37.525323936703366,55.73210936167206,634.4833972637471 37.525642309948175,55.73211318323802,635.2692401592549 37.52596068326965,55.73211700397921,634.7498462383564 37.52627905666777,55.73212082389561,634.7498462383564 37.52659743014251,55.73212464298723,633.599348801833 37.52691580369386,55.73212846125404,633.6789539043721 37.52723417732181,55.73213227869607,633.6789539043721 37.52755255102634,55.732136095313315,633.6151874248799 37.52787092480744,55.73213991110576,633.9112842266377 37.52818929866507,55.73214372607342,633.9112842266377 37.52850767259924,55.73214754021629,635.7403552715596 37.528826046609915,55.73215135353436,636.3284290020283 37.52914442069709,55.73215516602764,636.3284290020283 37.52946279486074,55.732158977696116,637.8751819317158 37.529781169100865,55.732162788539824,639.2281329815205 37.53009954341743,55.73216659855873,639.2281329815205 37.53041791781042,55.732170407752825,639.0848224346455 37.530736292279826,55.73217421612214,638.1013934795674 37.53105466682563,55.73217802366667,638.1013934795674 37.53137304144781,55.73218183038639,639.4716022198018 37.53169141614636,55.732185636281315,640.3535144512471 37.53200979092125,55.732189441351444,640.3535144512471 37.532328165772476,55.732193245596775,642.1696307842549 37.53264654070002,55.73219704901731,640.265364426833 37.53296491570386,55.73220085161305,640.265364426833 37.53328329078397,55.732204653384,638.8467548076924 37.53360166594035,55.732208454330134,635.0034167949971 37.53392004117299,55.73221225445149,635.0034167949971 37.53423841648185,55.73221605374803,636.6023700420674 37.534556791866926,55.732219852219785,638.809553879958 37.53487516732821,55.732223649866725,638.809553879958 37.53519354286566,55.73222744668886,638.9331958477314 37.53551191847929,55.73223124268621,638.0445392315205 37.53583029416906,55.73223503785876,638.0445392315205 37.53614866993497,55.73223883220649,637.8528583233174 37.53646704577699,55.73224262572944,635.8037555401143 37.53678542169511,55.732246418427565,635.8037555401143 37.53710379768931,55.732250210300904,637.9333179180439 37.53742217375958,55.73225400134943,642.2238300030049 37.537740549905905,55.73225779157316,642.2238300030049 37.53805892612826,55.73226158097207,638.3354633037861 37.538377302426625,55.7322653695462,634.2690112774189 37.538695678801,55.7322691572955,634.2690112774189 37.53901405525135,55.73227294422001,631.5361774151143 37.539332431777666,55.73227673031971,631.6688678448018 37.53965080837994,55.73228051559461,631.6688678448018 37.53996918505815,55.73228430004468,629.342024583083 37.54028756181227,55.73228808366998,627.2002704326924 37.540605938642294,55.73229186647044,627.2002704326924 37.54092431554821,55.7322956484461,624.1630084698018 37.541242692529984,55.73229942959695,620.6492755596455 37.54156106958761,55.73230320992301,620.6492755596455 37.541879446721076,55.73230698942424,619.1949527447041 37.54219782393036,55.73231076810066,619.3095233623799 37.54251620121544,55.732314545952285,619.3095233623799 37.54283457857631,55.73231832297909,619.4953220073994 37.54315295601295,55.73232209918108,621.7258746807393 37.543471333525346,55.73232587455826,621.7258746807393 37.543789711113476,55.73232964911063,616.88414647029 37.54410808877732,55.73233342283818,617.5601108257588 37.544426466516875,55.73233719574093,617.5601108257588 37.54474484433211,55.73234096781887,623.8900287334736 37.545063222223014,55.73234473907198,626.8274982158955 37.54538160018957,55.7323485095003,626.8274982158955 37.54569997823177,55.73235227910378,625.076155442458 37.546018356349585,55.73235604788246,621.8301990215596 37.546336734543004,55.73235981583632,621.8301990215596 37.54665511281201,55.73236358296536,621.4354694073018 37.54697349115659,55.732367349269595,622.1869037334736 37.547291869576725,55.732371114749014,622.1869037334736 37.547610248072395,55.7323748794036,620.5783221905049 37.54792862664359,55.73237864323337,622.8235767071064 37.54824700529028,55.73238240623834,622.8235767071064 37.54856538401247,55.73238616841847,626.7172992412861 37.54888376281012,55.732389929773795,626.3358295147236 37.54920214168323,55.7323936903043,626.3358295147236 37.54952052063178,55.732397450009984,622.6342761699971 37.54983889965575,55.73240120889084,618.7619388286885 37.55015727875512,55.732404966946895,618.7619388286885 37.550475657929894,55.73240872417811,620.506087083083 37.55079403718003,55.732412480584514,622.9566333477314 37.551112416505525,55.73241623616609,622.9566333477314 37.551430795906356,55.73241999092285,622.6197498028096 37.55174917538251,55.73242374485479,622.0186450664814 37.55206755493398,55.73242749796191,622.0186450664814 37.552385934560725,55.7324312502442,623.3636310283955 37.55270431426275,55.73243500170166,620.6830280010518 37.55302269404003,55.73243875233429,620.6830280010518 37.553341073892554,55.732442502142106,621.7192828838643 37.553659453820295,55.7324462511251,623.3701312725361 37.553977833823254,55.73244999928327,623.3701312725361 37.554296213901395,55.732453746616606,622.1667926494893 37.55461459405471,55.732457493125125,621.2044971172627 37.55493297428319,55.73246123880882,621.2044971172627 37.5552513545868,55.73246498366767,618.4528262798603 37.555569734965545,55.7324687277017,614.3882434551533 37.55588811541939,55.732472470910906,614.3882434551533 37.55620649594833,55.732476213295286,613.0509708111103 37.556524876552345,55.73247995485483,612.8435657207783 37.55684325723142,55.73248369558956,612.8435657207783 37.55716163798554,55.73248743549944,612.8076923076924 37.55748001881467,55.7324911745845,612.8076923076924 37.55779839971883,55.73249491284473,612.8076923076924 37.55811678069797,55.73249865028013,612.8076923076924 37.55843516175209,55.732502386890694,612.8505084698018 37.55875354288116,55.73250612267643,612.8505084698018 37.55907192408518,55.73250985763733,613.1699130718525 37.55939030536413,55.7325135917734,613.3640353863057 37.55970868671798,55.732517325084636,613.3640353863057 37.56002706814673,55.732521057571034,615.4166858379658 37.560345449650356,55.73252478923261,618.4585025493916 37.56066383122885,55.73252852006935,618.4585025493916 37.56098221288218,55.73253225008124,620.0402362530049 37.56130059461033,55.73253597926831,622.6762683574971 37.5616189764133,55.73253970763055,622.6762683574971 37.56193735829106,55.73254343516794,626.3216083233174 37.5622557402436,55.732547161880504,629.9363391582783 37.5625741222709,55.73255088776823,629.9363391582783 37.56289250437294,55.73255461283111,631.7395160381611 37.56321088654972,55.732558337069165,630.7214038555439 37.563529268801204,55.73256206048237,630.7214038555439 37.563847651127375,55.73256578307075,631.2624652569111 37.56416603352824,55.73256950483427,632.2674396221455 37.56448441600375,55.73257322577296,632.2674396221455 37.56480279855392,55.73257694588683,634.0308673565205 37.56512118117871,55.732580665175824,634.9280841533955 37.56543956387812,55.73258438364001,634.9280841533955 37.56575794665212,55.73258810127933,635.9149310772236 37.566076329500696,55.73259181809383,633.7163989727314 37.56639471242384,55.73259553408348,633.7163989727314 37.566713095421534,55.73259924924829,632.6946399395283 37.56703147849375,55.732602963588256,633.3008563701924 37.56734986164049,55.73260667710337,633.3008563701924 37.567668244861714,55.73261038979364,634.5590198223408 37.56798662815741,55.73261410165909,635.2820728008564 37.56830501152759,55.73261781269967,635.2820728008564 37.568623394972214,55.732621522915416,633.8498828594502 37.568941778491265,55.732625232306326,634.1012103740986 37.569260162084724,55.732628940872374,634.1012103740986 37.56957854575259,55.732632648613595,633.2733295147236 37.56989692949483,55.73263635552995,633.7603137676533 37.57021531331144,55.73264006162147,633.7603137676533 37.570533697202386,55.73264376688814,633.9138629619893 37.57085208116767,55.73264747132996,636.5194995586689 37.571170465207274,55.73265117494693,636.5194995586689 37.57148884932117,55.73265487773906,636.9060504619893 37.57180723350936,55.732658579706325,636.7727954571064 37.5721256177718,55.732662280848764,636.7727954571064 37.5724440021085,55.73266598116635,635.9237048809346 37.57276238651942,55.732669680659065,632.5541370098408 37.57308077100456,55.73267337932695,632.5541370098408 37.57339915556391,55.73267707716998,631.6764667217549 37.57371754019743,55.73268077418816,633.7161548321064 37.57403592490512,55.73268447038148,633.7161548321064 37.57435430968697,55.732688165749956,635.5489337627705 37.57467269454293,55.73269186029357,636.0816028301533 37.57499107947302,55.732695554012345,636.0816028301533 37.575309464477215,55.73269924690625,634.4982593242939 37.57562784955549,55.732702938975315,637.2915027324971 37.57594623470783,55.73270663021952,637.2915027324971 37.576264619934214,55.732710320638866,639.3191211407002 37.576583005234646,55.73271401023337,637.4161060039814 37.57690139060908,55.73271769900301,637.4161060039814 37.577219776057525,55.732721386947794,636.3200977032002 37.57753816157995,55.73272507406772,638.3976428692158 37.577856547176346,55.7327287603628,638.3976428692158 37.57817493284669,55.732732445833015,639.024153489333 37.57849331859098,55.73273613047837,639.6694476787861 37.57881170440917,55.732739814298874,639.6694476787861 37.57913009030128,55.73274349729451,630.6416614239033 37.57944847626726,55.73274717946529,629.0104510967549 37.57976686230711,55.732750860811215,629.0104510967549 37.58008524842082,55.732754541332284,630.1708209698018 37.58040363460836,55.73275822102849,632.0603625957783 37.58072202086972,55.732761899899835,632.0603625957783 37.58104040720488,55.73276557794632,632.4973132793721 37.58135879361383,55.73276925516794,633.0804431621846 37.581677180096555,55.732772931564696,633.0804431621846 37.58199556665303,55.7327766071366,632.2974841778096 37.58231395328323,55.732780281883635,632.8024890606221 37.582632339987164,55.732783955805814,632.8024890606221 37.58295072676479,55.732787628903125,635.2586200420674 37.58326911361611,55.732791301175574,638.5786273662861 37.58358750054111,55.732794972623154,638.5786273662861 37.58390588753974,55.732798643245886,640.3912341778096 37.584224274612026,55.732802313043734,639.958479661208 37.58454266175792,55.73280598201673,639.958479661208 37.58486104897743,55.732809650164846,636.8236377422627 37.58517943627053,55.7328133174881,634.5762622539814 37.58549782363719,55.7328169839865,634.5762622539814 37.58581621107741,55.73282064966002,632.8936450664814 37.586134598591165,55.732824314508676,631.8484027569111 37.586452986178436,55.73282797853246,631.8484027569111 37.58677137383923,55.73283164173138,631.584700364333 37.587089761573495,55.73283530410544,631.9934222881611 37.58740814938124,55.73283896565462,631.9934222881611 37.58772653726244,55.73284262637894,629.4734637920674 37.588044925217076,55.73284628627838,626.8680255596455 37.58836331324514,55.73284994535295,626.8680255596455 37.5886817013466,55.73285360360267,624.6326587383564 37.58900008952146,55.7328572610275,626.5364368145283 37.58931847776969,55.73286091762746,626.5364368145283 37.589636866091276,55.73286457340255,627.3286273662861 37.58995525448619,55.732868228352764,627.2606799785908 37.59027364295445,55.732871882478115,627.2606799785908 37.590592031496,55.73287553577858,627.4198444073018 37.59091042011085,55.73287918825418,626.1590259258564 37.59122880879897,55.7328828399049,626.1590259258564 37.59154719756034,55.73288649073075,626.6985919658955 37.59186558639496,55.73289014073173,624.720930833083 37.592183975302795,55.732893789907834,624.720930833083 37.592502364283845,55.73289743825905,622.8853595440205 37.59282075333809,55.73290108578541,627.2113940899189 37.5931391424655,55.73290473248688,627.2113940899189 37.59345753166607,55.73290837836347,626.9914844219502 37.593775920939784,55.732912023415196,626.1692645733174 37.59409431028662,55.73291566764205,626.1692645733174 37.594412699706574,55.732919311044,624.1542499248799 37.59473108919961,55.73292295362109,623.4696185772236 37.59504947876572,55.7329265953733,623.4696185772236 37.59536786840489,55.732930236300625,621.1586597149189 37.59568625811711,55.73293387640308,619.0536792461689 37.59600464790235,55.732937515680646,619.0536792461689 37.5963230377606,55.732941154133336,615.6869418804463 37.59664142769184,55.732944791761135,612.3076923076924 37.59695981769606,55.73294842856406,612.3076923076924 37.59727820777324,55.73295206454211,612.3076923076924 37.59759659792336,55.732955699695275,612.3076923076924 37.597914988146414,55.73295933402357,612.3076923076924 37.59823337844237,55.73296296752696,612.3076923076924 37.59855176881122,55.732966600205465,612.3076923076924 37.59887015925295,55.732970232059095,612.3076923076924 37.59918854976754,55.73297386308785,612.3698032085713 37.59950694035498,55.73297749329171,613.9314181988057 37.59982533101523,55.73298112267069,613.9314181988057 37.60014372174831,55.73298475122478,617.6888950054463 37.60046211255417,55.73298837895398,619.3747699444111 37.600780503432816,55.732992005858314,619.3747699444111 37.60109889438422,55.73299563193774,620.8119800274189 37.601417285408374,55.73299925719228,621.4144580547627 37.60173567650525,55.73300288162195,621.4144580547627 37.60205406767484,55.733006505226726,623.0020282451924 37.602372458917124,55.733010128006605,622.1676013653096 37.602690850232094,55.7330137499616,622.1676013653096 37.60300924161972,55.733017371091705,618.1430804912861 37.60332763307999,55.73302099139692,617.7910907451924 37.60364602461289,55.73302461087725,617.7910907451924 37.6039644162184,55.73302822953269,617.8656680767353 37.60428280789652,55.733031847363236,618.1425006573018 37.604601199647206,55.733035464368896,618.1425006573018 37.604919591470455,55.73303908054966,618.3821551983174 37.60523798336626,55.73304269590554,618.5819156353291 37.60555637533459,55.733046310436514,618.5819156353291 37.605874767375425,55.733049924142605,618.3613422100361 37.60619315948877,55.7330535370238,619.5828387920674 37.606511551674586,55.7330571490801,619.5828387920674 37.60682994393287,55.733060760311524,620.8390643780049 37.607148336263606,55.733064370718026,622.1463916485127 37.607466728666765,55.73306798029965,622.1463916485127 37.607785121142335,55.73307158905637,622.2080676739033 37.60810351369031,55.73307519698821,619.9242923443135 37.60842190631067,55.73307880409514,619.9242923443135 37.60874029900339,55.733082410377186,619.9593951885518 37.60905869176845,55.733086015834324,621.3989551250752 37.609052302662825,55.733265669579886,621.3989551250752 37.60904591348486,55.733445323319664,619.9047839824971 37.60903952423456,55.73362497705368,619.6404636089619 37.60903313491193,55.73380463078191,619.6404636089619 37.60902674551696,55.73398428450438,619.4156482403096 37.609020356049655,55.73416393822107,620.0653522198018 37.609013966510005,55.73434359193198,620.0653522198018 37.60900757689803,55.73452324563712,620.7070758526143 37.6090011872137,55.73470289933648,621.7978198711689 37.608994797457036,55.73488255303007,621.7978198711689 37.608988407628026,55.73506220671789,621.6627032940205 37.608982017726674,55.73524186039993,619.40611912654 37.608975627752976,55.73542151407621,619.40611912654 37.60896923770693,55.735601167746694,619.2607791607197 37.608962847588536,55.7357808214114,621.5261371319111 37.608956457397795,55.735960475070364,621.5261371319111 37.60895006713471,55.73614012872353,621.9819324199971 37.608943676799264,55.73631978237092,618.7415149395283 37.608625257727454,55.736316176478965,619.8026111309346 37.608306838728005,55.73631256976203,620.3942401592549 37.60798841980095,55.73630896222008,620.3942401592549 37.607670000946285,55.73630535385315,620.1288745586689 37.60735158216404,55.73630174466121,619.2180774395283 37.60703316345424,55.736298134644294,619.2180774395283 37.60671474481688,55.73629452380237,618.7879474346455 37.606396326251996,55.73629091213546,618.0487582866963 37.60607790775959,55.73628729964356,618.0487582866963 37.60575948933969,55.736283686326665,615.9290759746846 37.6054410709923,55.73628007218477,613.3278110210713 37.60512265271745,55.73627645721789,613.3278110210713 37.60480423451514,55.73627284142602,612.7092197124775 37.604485816385406,55.73626922480915,612.3076923076924 37.60416739832826,55.7362656073673,612.3076923076924 37.6038489803437,55.73626198910045,612.3076923076924 37.603530562431764,55.73625837000861,612.3076923076924 37.60321214459246,55.73625475009178,612.3076923076924 37.602893726825805,55.73625112934997,612.3076923076924 37.602575309131815,55.73624750778317,612.3076923076924 37.602256891510514,55.736243885391374,612.3076923076924 37.60193847396191,55.7362402621746,612.3076923076924 37.60162005648601,55.73623663813284,612.4060428325947 37.601301639082855,55.73623301326608,612.4060428325947 37.60098322175244,55.73622938757434,613.4905460064228 37.60066480449479,55.736225761057604,614.3032520000752 37.60034638730993,55.7362221337159,614.3032520000752 37.600027970197864,55.736218505549196,616.0537021343525 37.59970955315861,55.736214876557526,617.050406235915 37.599391136192196,55.73621124674085,617.050406235915 37.59907271929862,55.73620761609921,616.6759097759541 37.59875430247792,55.73620398463256,617.3901813213643 37.59843588573009,55.73620035234095,617.3901813213643 37.598117469055154,55.73619671922434,621.1252429668721 37.59779905245314,55.736193085282764,621.4665668194111 37.59748063592406,55.73618945051619,621.4665668194111 37.59716221946792,55.736185814924646,620.1104724590596 37.596843803084745,55.736182178508116,620.8650653545674 37.596525386774545,55.736178541266604,620.8650653545674 37.59620697053735,55.736174903200116,623.8383929912861 37.59588855437316,55.736171264308645,624.2042987530049 37.595570138282014,55.7361676245922,624.2042987530049 37.5952517222639,55.73616398405076,625.0238330547627 37.59493330631885,55.73616034268436,625.3403613750752 37.594614890446884,55.73615670049297,625.3403613750752 37.59429647464802,55.736153057476606,627.3542468731221 37.593978058922254,55.73614941363526,626.5227191631611 37.593659643269625,55.73614576896893,626.5227191631611 37.59334122769013,55.73614212347764,624.1093433086689 37.59302281218382,55.73613847716136,625.0170123760518 37.59270439675067,55.73613483002012,625.0170123760518 37.59238598139072,55.73613118205389,623.0824420635518 37.59206756610398,55.73612753326269,624.5687396709736 37.59174915089047,55.73612388364651,624.5687396709736 37.5914307357502,55.73612023320536,626.3781879131611 37.591112320683195,55.73611658193924,627.5080707256611 37.59079390568947,55.73611292984813,627.5080707256611 37.59047549076904,55.73610927693206,628.361067551833 37.590157075921915,55.73610562319102,628.7318561260518 37.58983866114812,55.73610196862501,628.7318561260518 37.58952024644766,55.73609831323401,631.9403064434346 37.58920183182058,55.73609465701805,633.4833667461689 37.588883417266864,55.73609099997713,633.4833667461689 37.58856500278654,55.736087342111226,633.6389301006611 37.588246588379626,55.736083683420354,634.4785754864033 37.58792817404615,55.73608002390451,634.4785754864033 37.5876097597861,55.7360763635637,633.7567432110127 37.58729134559952,55.73607270239791,632.0343921367939 37.586972931486414,55.736069040407166,632.0343921367939 37.586654517446796,55.73606537759145,628.4023730938252 37.5863361034807,55.73606171395077,625.3100726787861 37.58601768958811,55.73605804948511,625.3100726787861 37.58569927576908,55.73605438419448,622.6876208965596 37.5853808620236,55.73605071807891,622.6523730938252 37.58506244835169,55.73604705113835,622.6523730938252 37.584744034753385,55.736043383372824,626.4269702617939 37.584425621228675,55.73603971478234,629.0861957256611 37.5841072077776,55.736036045366895,629.0861957256611 37.58378879440016,55.73603237512648,630.3973529522236 37.58347038109638,55.7360287040611,628.956526536208 37.58315196786628,55.73602503217076,628.956526536208 37.58283355470986,55.73602135945546,630.3899982158955 37.582515141627155,55.736017685915186,632.3192126934346 37.582196728618165,55.736014011549955,632.3192126934346 37.58187831568293,55.73601033635976,633.5239703838643 37.58155990282144,55.7360066603446,631.6264789287861 37.581241490033726,55.73600298350449,631.6264789287861 37.58092307731981,55.73599930583941,632.4327075664814 37.58060466467969,55.73599562734936,633.0168140117939 37.580286252113396,55.73599194803437,633.0168140117939 37.57996783962094,55.73598826789441,635.4033343975361 37.57964942720235,55.73598458692951,635.2675311748799 37.57933101485762,55.73598090513962,635.2675311748799 37.57901260258679,55.73597722252479,638.9357898418721 37.57869419038986,55.735973539084995,642.5347278301533 37.57837577826685,55.73596985482024,642.5347278301533 37.578057366217784,55.735966169730546,642.3413531963643 37.57773895424267,55.73596248381587,639.800520676833 37.577420542341535,55.73595879707626,639.800520676833 37.57710213051438,55.73595510951168,636.6063831035908 37.576783718761234,55.73595142112215,635.9650256817158 37.57646530708211,55.735947731907665,635.9650256817158 37.576146895477024,55.735944041868215,631.5448749248799 37.57582848394599,55.73594035100382,630.5444476787861 37.575510072489024,55.73593665931447,630.5444476787861 37.575191661106146,55.73593296680017,632.0764758770283 37.57487324979738,55.73592927346091,635.0990894024189 37.574554838562726,55.7359255792967,635.0990894024189 37.57423642740222,55.735921884307544,635.8557117168721 37.57391801631586,55.73591818849343,637.0366809551533 37.57359960530367,55.735914491854366,637.0366809551533 37.57328119436567,55.73591079439035,634.9783771221455 37.57296278350187,55.73590709610138,634.2032916729268 37.5726443727123,55.73590339698746,634.2032916729268 37.57232596199695,55.735899697048595,634.0899799053486 37.57200755135586,55.73589599628478,636.4907977764424 37.57168914078904,55.73589229469602,636.4907977764424 37.57137073029651,55.73588859228231,636.3622119610127 37.57105231987828,55.73588488904364,632.3741901104268 37.57073390953436,55.73588118498003,632.3741901104268 37.57041549926479,55.735877480091474,634.8378131573018 37.57009708906956,55.73587377437798,633.4384753887471 37.56977867894871,55.73587006783953,633.4384753887471 37.56946026890224,55.73586636047612,635.6836383526143 37.569141858930166,55.735862652287786,637.9474475567158 37.568823449032514,55.73585894327451,637.9474475567158 37.5685050392093,55.73585523343627,634.1515643780049 37.568186629460534,55.73585152277309,627.5228107158955 37.56786821978624,55.73584781128497,627.5228107158955 37.56754981018643,55.73584409897191,622.4845264141377 37.567231400661115,55.735840385833896,618.2437579815205 37.566912991210316,55.73583667187095,618.2437579815205 37.56659458183406,55.73583295708306,615.9494617168721 37.56627617253235,55.73582924147023,613.3076923076924 37.56595776330521,55.73582552503245,613.3076923076924 37.56563935415265,55.73582180776973,613.3076923076924 37.56532094507469,55.735818089682084,613.3076923076924 37.56500253607135,55.73581437076948,613.3076923076924 37.564684127142634,55.73581065103194,613.3076923076924 37.56436571828858,55.73580693046947,613.3076923076924 37.56404730950918,55.73580320908205,613.3076923076924 37.56372890080447,55.7357994868697,613.3128879253682 37.56341049217446,55.73579576383241,613.932730454665 37.56309208361917,55.73579203997017,613.932730454665 37.562773675138594,55.73578831528302,616.2639148418721 37.56245526673278,55.73578458977091,618.8940646831807 37.56213685840173,55.73578086343386,618.8940646831807 37.561818450145466,55.73577713627189,620.2578036968525 37.561500041963995,55.73577340828499,621.9559314434346 37.56118163385734,55.73576967947313,621.9559314434346 37.560863225825514,55.735765949836356,625.6983020489033 37.56054481786854,55.73576221937463,628.5203387920674 37.560226409986434,55.73575848808799,628.5203387920674 37.559908002179206,55.735754755976394,629.1680133526143 37.55958959444687,55.73575102303989,628.2098529522236 37.55927118678945,55.73574728927843,628.2098529522236 37.55895277920697,55.73574355469206,626.4955432598408 37.558634371699426,55.73573981928074,624.3709247295674 37.558315964266846,55.735736083044486,624.3709247295674 37.55799755690925,55.73573234598331,623.0706927959736 37.55767914962665,55.7357286080972,622.3803699199971 37.557360742419064,55.73572486938617,622.3803699199971 37.55704233528651,55.735721129850205,620.5970599834736 37.556723928229,55.7357173894893,619.8484485332783 37.55640552124655,55.73571364830348,619.8484485332783 37.556087114339185,55.735709906292726,619.2338931743916 37.555768707506914,55.73570616345704,617.6406772320088 37.555450300749754,55.735702419796425,617.6406772320088 37.55513189406773,55.73569867531089,618.9630496685322 37.55481348746084,55.73569493000043,620.0497119610127 37.554495080929115,55.73569118386503,620.0497119610127 37.55417667447257,55.735687436904726,619.0261829082783 37.55385826809122,55.735683689119476,618.7198016826924 37.553539861785076,55.735679940509314,618.7198016826924 37.55322145555417,55.73567619107422,619.3483951275166 37.55290304939851,55.7356724408142,620.3435657207783 37.552584643318106,55.73566868972926,620.3435657207783 37.55226623731298,55.735664937819394,621.4496143047627 37.551947831383146,55.7356611850846,620.3895251934346 37.551629425528624,55.73565743152489,620.3895251934346 37.55131101974943,55.73565367714026,620.525862473708 37.55099261404558,55.735649921930715,621.4848315899189 37.55067420841709,55.735646165896235,621.4848315899189 37.55035580286398,55.73564240903684,621.7463977520283 37.55003739738626,55.73563865135252,621.0947864239033 37.54971899198395,55.73563489284328,621.0947864239033 37.54940058665707,55.73563113350913,620.8866565410908 37.54908218140563,55.73562737335005,622.0882861797627 37.54876377622965,55.73562361236604,622.0882861797627 37.54844537112914,55.73561985055714,621.9732806865986 37.548126966104135,55.73561608792331,621.3542010967549 37.54780856115463,55.735612324464554,621.3542010967549 37.54749015628065,55.73560856018089,620.8431384746846 37.54717175148222,55.735604795072305,621.1577747051533 37.54685334675934,55.735601029138806,621.1577747051533 37.54653494211204,55.7355972623804,621.4793842022236 37.54621653754034,55.73559349479706,621.8350818340596 37.54589813304424,55.73558972638881,621.8350818340596 37.545579728623764,55.73558595715565,622.5892627422627 37.545261324278925,55.735582187097584,624.0697162334736 37.544942920009746,55.73557841621459,624.0697162334736 37.544624515816245,55.735574644506684,623.6226642315205 37.54430611169844,55.73557087197388,624.2672717754658 37.543987707656335,55.735567098616144,624.2672717754658 37.54366930368995,55.73556332443349,624.5301807110127 37.543350899799314,55.73555954942594,624.7879321758564 37.54303249598443,55.73555577359348,624.7879321758564 37.54271409224532,55.7355519969361,623.7908618633564 37.542395688582005,55.73554821945382,623.1025073711689 37.54207728499449,55.73554444114663,623.1025073711689 37.5417588814828,55.73554066201453,623.5732410137471 37.54144047804696,55.7355368820575,629.5251453106221 37.54112207468697,55.735533101275585,629.5251453106221 37.54080367140284,55.73552931966875,627.927473801833 37.540485268194615,55.73552553723702,624.9998920147236 37.54016686506229,55.735521753980365,624.9998920147236 37.539848462005885,55.73551796989881,624.3434741680439 37.53953005902542,55.735514184992354,625.0360248272236 37.53921165612091,55.73551039926098,625.0360248272236 37.53889325329238,55.73550661270472,623.7620380108174 37.538574850539824,55.73550282532354,623.2589099590596 37.53825644786328,55.73549903711746,623.2589099590596 37.53793804526277,55.73549524808647,623.9542377178486 37.537619642738285,55.73549145823057,624.3741138164814 37.53730124028985,55.73548766754978,624.3741138164814 37.53698283791749,55.735483876044086,624.5288226787861 37.536664435621226,55.735480083713476,624.7852771465596 37.53634603340106,55.73547629055798,624.7852771465596 37.536027631257014,55.73547249657757,624.8181903545674 37.53570922918911,55.73546870177226,625.2431628887471 37.535390827197354,55.735464906142056,625.2431628887471 37.53507242528177,55.735461109686945,625.2430255596455 37.53475402344237,55.73545731240693,625.3609454815205 37.53443562167917,55.73545351430202,625.3609454815205 37.5341172199922,55.73544971537221,626.4618213360127 37.53379881838146,55.73544591561751,626.1276996319111 37.53348041684698,55.7354421150379,626.1276996319111 37.53316201538876,55.735438313633395,625.9054401104268 37.532843614006836,55.735434511404,626.6648700420674 37.53252521270121,55.735430708349696,626.6648700420674 37.532206811471895,55.73542690447049,627.1735065166768 37.53188841031892,55.73542309976641,629.3328845684346 37.5315700092423,55.73541929423742,629.3328845684346 37.53125160824205,55.73541548788353,632.9531848614033 37.530933207318185,55.73541168070476,637.9900806133564 37.530614806470716,55.73540787270107,637.9900806133564 37.53029640569967,55.7354040638725,642.7809741680439 37.529978005005056,55.735400254219044,642.5075671856221 37.52965960438689,55.73539644374069,642.5075671856221 37.5293412038452,55.73539263243743,643.1012103740986 37.52902280337999,55.735388820309296,643.7496631328877 37.52870440299128,55.73538500735626,643.7496631328877 37.52838600267909,55.73538119357833,645.3321521465596 37.528067602443436,55.73537737897551,645.9208057110127 37.527749202284326,55.73537356354781,645.9208057110127 37.52743080220179,55.735369747295195,644.0986774151143 37.52711240219583,55.73536593021771,643.1587665264424 37.52679400226647,55.735362112315336,643.1587665264424 37.52647560241373,55.735358293588064,644.8622119610127 37.52615720263763,55.73535447403591,647.8423755352314 37.52583880293817,55.73535065365887,647.8423755352314 37.52552040331537,55.73534683245692,646.9015186016377 37.525202003769266,55.7353430104301,648.5137775127705 37.52488360429986,55.735339187578404,648.5137775127705 37.524565204907155,55.7353353639018,649.8080127422627 37.5242468055912,55.73533153940032,651.0498340313252 37.523928406351985,55.73532771407396,651.0498340313252 37.52361000718954,55.7353238879227,653.8781879131611 37.52329160810387,55.73532006094657,660.6044910137471 37.522973209095,55.73531623314554,660.6044910137471 37.52265481016294,55.73531240451963,661.0189960186299 37.52233641130772,55.73530857506885,658.3323657696064 37.522018012529344,55.735304744793176,658.3323657696064 37.521699613827835,55.73530091369262,658.3299396221455 37.521381215203206,55.735297081767186,657.2762134258564 37.52106281665547,55.73529324901686,657.2762134258564 37.520744418184655,55.73528941544166,657.8128802959736 37.52042601979077,55.73528558104157,660.1312549297627 37.520107621473834,55.735281745816614,660.1312549297627 37.51978922323385,55.735277909766765,661.1496265117939 37.519470825070854,55.73527407289205,661.9647815410908 37.51915242698485,55.735270235192445,661.9647815410908 37.51883402897587,55.73526639666796,659.1265247051533 37.518515631043904,55.735262557318606,653.8617694561299 37.518197233189,55.73525871714437,653.8617694561299 37.517878835411146,55.73525487614525,651.3582141582783 37.51756043771037,55.73525103432125,648.6696918194111 37.51724204008671,55.73524719167239,648.6696918194111 37.516923642540135,55.735243348198644,649.2834918682393 37.51660524507071,55.73523950390001,651.1451404278096 37.51628684767842,55.73523565877651,651.1451404278096 37.51596845036329,55.73523181282814,651.4175098125752 37.51565005312535,55.73522796605489,651.3944080059346 37.515331655964594,55.73522411845677,651.3944080059346 37.515013258881055,55.73522027003378,651.3140704815205 37.51469486187474,55.7352164207859,651.8237903301533 37.51437646494567,55.735212570713166,651.8237903301533 37.51405806809386,55.735208719815546,651.0655353252705 37.51373967131933,55.73520486809307,651.4539478008564 37.51342127462209,55.735201015545705,651.4539478008564 37.513102878002165,55.73519716217348,651.3800037090596 37.51278448145957,55.73519330797638,651.1247852032002 37.512466084994315,55.73518945295441,651.1247852032002 37.51214768860642,55.73518559710757,650.6888721172627 37.5118292922959,55.735181740435856,653.0140369121846 37.511510896062774,55.73517788293927,653.0140369121846 37.51119249990706,55.735174024617834,654.0873248760518 37.51087410382877,55.7351701654715,654.6219775860127 37.510555707827926,55.73516630550033,654.6219775860127 37.51023731190453,55.73516244470427,654.8712604229268 37.50991891605862,55.73515858308335,655.7974078838643 37.5096005202902,55.73515472063757,655.7974078838643 37.50928212459929,55.735150857366925,656.3837115948018 37.50896372898591,55.73514699327141,658.5559833233174 37.50864533345006,55.73514312835102,658.5559833233174 37.50832693799178,55.735139262605784,659.0776813213643 37.50800854261107,55.735135396035666,659.1617267315205 37.507690147307954,55.73513152864069,659.1617267315205 37.50737175208245,55.73512766042085,658.9267871563252 37.507053356934556,55.73512379137616,658.7079608623799 37.50673496186432,55.735119921506595,658.7079608623799 37.50641656687173,55.73511605081216,657.8279102032002 37.506098171956815,55.735112179292884,657.0731189434346 37.50577977711959,55.73510830694873,657.0731189434346 37.505461382360075,55.73510443377971,656.9247424785908 37.50514298767828,55.73510055978584,657.0834644024189 37.50482459307423,55.73509668496712,657.0834644024189 37.50450619854794,55.73509280932353,657.0963123028096 37.504187804099416,55.735088932855085,655.6148517315205 37.503869409728686,55.735085055561775,655.6148517315205 37.50355101543576,55.735081177443604,654.3613727276143 37.503232621220654,55.735077298500585,652.4855334942158 37.502914227083394,55.7350734187327,652.4855334942158 37.50259583302399,55.73506953813996,649.6699969951924 37.50227743904246,55.73506565672237,648.5622699444111 37.501959045138804,55.73506177447992,648.5622699444111 37.50164065131307,55.735057891412616,646.766585129958 37.50132225756525,55.73505400752046,644.6281116192158 37.50100386389537,55.735050122803436,644.6281116192158 37.500685470303445,55.73504623726157,641.2516620342549 37.50036707678949,55.735042350894844,638.1873157207783 37.500048683353526,55.73503846370327,638.1873157207783 37.49973028999557,55.73503457568683,636.8798968975361 37.49941189671563,55.735030686845555,635.9287707989033 37.49909350351372,55.735026797179415,635.9287707989033 37.49877511038988,55.73502290668843,634.2201068584736 37.4984567173441,55.735019015372586,632.4910571758564 37.49813832437641,55.735015123231896,632.4910571758564 37.49781993148683,55.735011230266366,631.6830585186299 37.497501538675365,55.73500733647597,633.0329730694111 37.49718314594203,55.735003441860734,633.0329730694111 37.49686475328686,55.73499954642064,634.6168506328877 37.49654636070985,55.734995650155696,634.7945850078877 37.49622796821104,55.73499175306593,634.7945850078877 37.495909575790414,55.73498785515128,635.3549030010518 37.49559118344802,55.734983956411796,638.4310901348408 37.49527279118386,55.73498005684748,638.4310901348408 37.49495439899795,55.7349761564583,642.5343311016377 37.49463600689031,55.73497225524428,643.430159348708 37.494317614860954,55.73496835320542,643.430159348708 37.493999222909906,55.7349644503417,642.4836108867939 37.49368083103717,55.73496054665315,642.8228748028096 37.49336243924277,55.73495664213975,642.8228748028096 37.49304404752672,55.7349527368015,643.1347797100361 37.492725655889046,55.73494883063842,639.3860309307393 37.49240726432975,55.73494492365049,639.3860309307393 37.49208887284886,55.73494101583771,641.4590747539814 37.49177048144639,55.7349371072001,642.6609027569111 37.491452090122344,55.73493319773765,642.6609027569111 37.49113369887676,55.734929287450335,643.1440723125752 37.49081530770963,55.73492537633821,646.397200364333 37.49049691662099,55.73492146440122,646.397200364333 37.49017852561085,55.734917551639406,647.4061725323018 37.48986013467923,55.734913638052745,647.7610614483174 37.489541743826145,55.734909723641245,647.7610614483174 37.48922335305161,55.73490580840492,646.3373248760518 37.48890496235563,55.734901892343736,643.5104205791768 37.488586571738246,55.73489797545773,643.5104205791768 37.48826818119946,55.734894057746864,641.0440051739033 37.48794979073928,55.73489013921119,639.5417010967549 37.48763140035774,55.73488621985067,639.5417010967549 37.48731301005485,55.7348822996653,638.8921497051533 37.486994619830625,55.734878378655104,641.8578174297627 37.486676229685074,55.73487445682008,641.8578174297627 37.48635783961823,55.734870534160216,643.1182391826924 37.4860394496301,55.73486661067552,644.2470691387471 37.4857210597207,55.734862686365986,644.2470691387471 37.48540266989005,55.73485876123161,648.3537891094502 37.48508428013817,55.734854835272415,649.6062762920674 37.48476589046506,55.73485090848839,649.6062762920674 37.48444750087075,55.73484698087952,647.8309009258564 37.48412911135526,55.734843052445825,646.8471973125752 37.4838107219186,55.73483912318731,646.8471973125752 37.483492332560786,55.73483519310394,645.6409595196064 37.483173943281834,55.734831262195755,647.1351154033955 37.48285555408176,55.734827330462736,647.1351154033955 37.48253716496058,55.7348233979049,645.606428879958 37.48221877591833,55.73481946452222,645.5246722881611 37.481900386955,55.734815530314705,645.5246722881611 37.48158199807061,55.73481159528237,649.3941943828877 37.48126360926519,55.73480765942522,651.5179431621846 37.48094522053875,55.73480372274322,651.5179431621846 37.48062683189131,55.73479978523641,650.6708972637471 37.480308443322876,55.734795846904774,651.6604449932393 37.479990054833465,55.73479190774832,651.6604449932393 37.47967166642311,55.73478796776702,659.0180957500752 37.479353278091814,55.7347840269609,660.9212634746846 37.479034889839596,55.73478008532995,660.9212634746846 37.478716501666476,55.73477614287418,656.7588794414814 37.47839811357247,55.73477219959361,655.1371753399189 37.478079725557585,55.734768255488184,655.1371753399189 37.47776133762184,55.734764310557956,655.8435046856221 37.47744294976526,55.73476036480289,658.6664111797627 37.477124561987864,55.734756418223014,658.6664111797627 37.47680617428966,55.734752470818314,659.2881610576924 37.476487786670674,55.734748522588795,657.9354083721455 37.4761693991309,55.73474457353444,657.9354083721455 37.47585101167038,55.734740623655284,658.1705463115986 37.47553262428912,55.7347366729513,655.7874744121846 37.475214236987135,55.734732721422496,655.7874744121846 37.474895849764444,55.73472876906888,652.9730975811299 37.474577462621056,55.734724815890445,651.2517383282002 37.474259075557,55.734720861887176,651.2517383282002 37.47394068857229,55.7347169070591,650.4004657451924 37.47362230166694,55.734712951406216,650.5566394512471 37.47330391484096,55.73470899492851,650.5566394512471 37.472985528094384,55.734705037625986,654.1689899151143 37.4726671414272,55.734701079498635,655.6548907940205 37.47234875483945,55.73469712054648,655.6548907940205 37.47203036833115,55.73469316076951,655.3723895733174 37.471711981902295,55.73468920016772,654.5858600323018 37.471393595552925,55.73468523874112,654.5858600323018 37.47107520928304,55.73468127648972,656.3297870342549 37.47075682309267,55.734677313413485,655.4443042461689 37.47043843698182,55.73467334951245,655.4443042461689 37.47012005095051,55.7346693847866,650.7628467266377 37.46980166499876,55.73466541923593,650.9697711651143 37.469483279126585,55.73466145286046,650.9697711651143 37.469164893334,55.73465748566018,651.1796558086689 37.46884650762102,55.73465351763508,650.5248096172627 37.468528121987674,55.73464954878518,650.5248096172627 37.46820973643396,55.734645579110456,648.2512958233174 37.46789135095991,55.734641608610936,644.3322742168721 37.46757296556552,55.7346376372866,644.3322742168721 37.467254580250824,55.73463366513747,640.8656299297627 37.46693619501585,55.734629692163516,638.5626971905049 37.46661780986058,55.73462571836476,638.5626971905049 37.466299424785056,55.7346217437412,637.9838092510518 37.46598103978929,55.73461776829283,637.7065723125752 37.4656626548733,55.734613792019665,637.7065723125752 37.465344270037086,55.734609814921676,637.7399890606221 37.46502588528069,55.73460583699889,637.6301715557393 37.464707500604106,55.73460185825129,637.6301715557393 37.464389116007375,55.7345978786789,637.3076923076924 37.46407073149048,55.7345938982817,637.3076923076924 37.46375234705347,55.7345899170597,637.3076923076924 37.46343396269635,55.734585935012895,637.3076923076924 37.46311557841913,55.73458195214129,637.3076923076924 37.462797194221835,55.73457796844488,637.3076923076924 37.46247881010447,55.734573983923674,637.3076923076924 37.462160426067065,55.734569998577655,638.3997333233174 37.46184204210962,55.73456601240685,638.3997333233174 37.46152365823218,55.73456202541123,641.4678485576924 37.46120527443474,55.73455803759082,641.6611926739033 37.46088689071731,55.734554048945604,641.6611926739033 37.46056850707992,55.7345500594756,640.2589099590596 37.46025012352259,55.73454606918079,641.7888477032002 37.45993174004533,55.73454207806118,641.7888477032002 37.459613356648156,55.73453808611677,642.9173114483174 37.459294973331076,55.73453409334757,643.0556628887471 37.458976590094125,55.73453009975358,643.0556628887471 37.4586582069373,55.73452610533478,642.0911853496846 37.45833982386064,55.73452211009119,643.6810138408955 37.458021440864144,55.73451811402281,643.6810138408955 37.45770305794783,55.73451411712962,645.7543018047627 37.457384675111726,55.73451011941165,647.7059009258564 37.457066292355826,55.73450612086888,647.7059009258564 37.456747909680175,55.734502121501315,647.4740588848408 37.45642952708477,55.73449812130897,648.6311328594502 37.45611114456963,55.73449412029182,648.6311328594502 37.455792762134784,55.73449011844988,648.6957233135518 37.455474379780235,55.73448611578314,650.5842578594502 37.455155997506004,55.73448211229162,650.5842578594502 37.45483761531211,55.734478107975306,651.5090625469502 37.45451923319856,55.73447410283421,651.7785785381611 37.454200851165375,55.73447009686831,651.7785785381611 37.45388246921259,55.734466090077625,653.0116107647236 37.45356408734019,55.73446208246216,653.9641711895283 37.45324570554821,55.734458074021894,653.9641711895283 37.45292732383667,55.73445406475684,656.0861346905049 37.45260894220557,55.73445005466701,659.3662402813252 37.452290560654944,55.73444604375238,659.3662402813252 37.4519721791848,55.73444203201297,658.3875110332783 37.45165379779515,55.734438019448774,655.9493243877705 37.451335416486025,55.734434006059786,655.9493243877705 37.45101703525743,55.73442999184602,658.8355090801533 37.450698654109374,55.734425976807465,660.5311877910908 37.450380273041894,55.734421960944125,660.5311877910908 37.45006189205499,55.734417944255995,660.8291309063252 37.44974351114869,55.7344139267431,662.6200244610127 37.449736390064665,55.73459356761686,662.6200244610127 37.449729268900036,55.73477320848475,662.0989062969502 37.449722147654775,55.73495284934672,664.8431995098408 37.4497150263289,55.735132490202815,664.8431995098408 37.449707904922406,55.735312131053014,665.4528796856221 37.44970078343529,55.73549177189732,666.5485217754658 37.449693661867556,55.73567141273574,666.5485217754658 37.4496865402192,55.73585105356826,667.5176074688252 37.449679418490206,55.736030694394906,667.4167010967549 37.44967229668059,55.73621033521565,667.4167010967549 37.44966517479035,55.736389976030495,666.7229755108174 37.44965805281948,55.73656961683947,665.9928119365986 37.44965093076797,55.736749257642536,665.9928119365986 37.44964380863584,55.73692889843971,668.8494708721455 37.44963668642308,55.73710853923101,669.5169818584736 37.44962956412968,55.73728818001639,669.5169818584736 37.44962244175565,55.7374678207959,666.7514789287861 37.449615319300975,55.73764746156952,666.0157001201924 37.44993372650873,55.7376514795669,666.0499408428486 37.45025213379711,55.73765549673941,666.0366504375752 37.45057054116609,55.73765951308701,666.0366504375752 37.450888948615656,55.73766352860974,665.0225360576924 37.4512073561458,55.73766754330759,663.4111468975361 37.45152576375649,55.73767155718054,663.4111468975361 37.451844171447725,55.73767557022862,663.1927631084736 37.45216257921948,55.737679582451804,663.9846942608174 37.45248098707174,55.737683593850115,663.9846942608174 37.45279939500449,55.73768760442352,665.6144397442158 37.45311780301771,55.73769161417205,667.9055164043721 37.45343621111139,55.737695623095696,667.9055164043721 37.453754619285505,55.73769963119445,663.1826160137471 37.45407302754005,55.737703638468325,657.4632404033955 37.45439143587499,55.73770764491729,657.4632404033955 37.45470984429033,55.73771165054138,658.3571765606221 37.455028252786036,55.73771565534058,660.0621936504658 37.4553466613621,55.73771965931489,660.0621936504658 37.455665070018505,55.73772366246431,663.9933154766377 37.455983478755236,55.73772766478883,668.3166492168721 37.45630188757228,55.73773166628847,668.3166492168721 37.4566202964696,55.73773566696321,670.5705859844502 37.4569387054472,55.73773966681306,669.7319781963643 37.45725711450506,55.737743665838025,669.7319781963643 37.457575523643165,55.737747664038075,665.7424304668721 37.45789393286149,55.73775166141325,657.2541949932393 37.458212342160024,55.73775565796353,657.2541949932393 37.458530751538746,55.737759653688904,657.7151172344502 37.458849160997644,55.73776364858939,661.1221759502705 37.4591675705367,55.73776764266499,661.1221759502705 37.4594859801559,55.73777163591568,665.2320850078877 37.45980438985522,55.73777562834148,666.7451465313252 37.460122799634654,55.73777961994238,666.7451465313252 37.460441209494185,55.73778361071839,666.3666675274189 37.46075961943378,55.73778760066949,667.6992633526143 37.46107802945345,55.7377915897957,667.6992633526143 37.46139643955315,55.73779557809701,665.4432666485127 37.46171484973288,55.73779956557342,662.3014667217549 37.462033259992616,55.737803552224925,662.3014667217549 37.46235167033235,55.737807538051534,660.5584857647236 37.46267008075206,55.737811523053246,659.9463184063252 37.46298849125173,55.73781550723006,659.9463184063252 37.463306901831345,55.73781949058196,661.8621509258564 37.46362531249088,55.73782347310897,662.0995471660908 37.46394372323034,55.737827454811075,662.0995471660908 37.464262134049676,55.73783143568828,662.4996936504658 37.464580544948895,55.73783541574057,661.020003098708 37.46489895592798,55.73783939496797,661.020003098708 37.465217366986906,55.73784337337045,659.8420093242939 37.46553577812566,55.73784735094805,656.4853656475361 37.46585418934423,55.73785132770073,656.4853656475361 37.46617260064259,55.73785530362849,654.832991379958 37.46649101202073,55.73785927873137,652.3478229229268 37.46680942347863,55.73786325300933,652.3478229229268 37.46712783501628,55.73786722646239,653.8121020977314 37.46744624663365,55.73787119909054,654.3815143291768 37.46776465833074,55.73787517089378,654.3815143291768 37.468083070107525,55.737879141872114,652.0038287823018 37.46840148196399,55.73788311202555,652.1013934795674 37.468719893900115,55.73788708135406,652.1013934795674 37.46903830591588,55.73789104985767,653.8121173565205 37.469356718011284,55.73789501753636,654.8957660381611 37.469675130186296,55.73789898439014,654.8957660381611 37.4699935424409,55.73790295041902,651.3987720196064 37.47031195477509,55.73790691562299,647.7935168926533 37.47063036718885,55.737910880002055,647.7935168926533 37.470948779682146,55.73791484355618,648.5360248272236 37.47126719225498,55.73791880628543,647.8755634014424 37.471585604907325,55.73792276818974,647.8755634014424 37.47190401763917,55.737926729269134,646.4090411846455 37.472222430450486,55.73793068952364,644.6448352520283 37.47254084334128,55.7379346489532,644.6448352520283 37.47285925631151,55.73793860755786,643.9079578106221 37.47317766936118,55.737942565337605,641.0365588848408 37.47349608249026,55.73794652229244,641.0365588848408 37.47381449569874,55.73795047842235,640.6847217266377 37.4741329089866,55.737954433727346,639.4230029766377 37.47445132235382,55.737958388207424,639.4230029766377 37.4747697358004,55.73796234186259,638.3157947246846 37.475088149326304,55.73796629469284,635.8061053936299 37.475406562931525,55.737970246698175,635.8061053936299 37.47572497661605,55.73797419787858,635.5877216045674 37.47604339037986,55.73797814823406,636.1540057842549 37.476361804222925,55.73798209776463,636.1540057842549 37.47668021814524,55.73798604647028,635.8408496563252 37.47699863214679,55.73798999435101,637.0113055889424 37.47731704622756,55.73799394140682,637.0113055889424 37.47763546038753,55.737997887637704,639.1254871074971 37.47795387462668,55.73800183304367,640.9711291973408 37.478272288945,55.738005777624714,640.9711291973408 37.47859070334247,55.73800972138083,641.6417682354268 37.47890911781907,55.738013664312035,641.6140277569111 37.47922753237479,55.73801760641831,641.6140277569111 37.47954594700961,55.73802154769967,641.3465564434346 37.479864361723514,55.73802548815608,640.767317551833 37.480182776516486,55.73802942778758,640.767317551833 37.48050119138851,55.738033366594166,640.5144031231221 37.480819606339566,55.73803730457581,640.1455981914814 37.481138021369645,55.73804124173253,640.1455981914814 37.48145643647872,55.73804517806433,640.4268329326924 37.481774851666785,55.7380491135712,640.2370746319111 37.482093266933816,55.73805304825314,640.2370746319111 37.482411682279796,55.73805698211016,641.9795367901143 37.482730097704724,55.73806091514225,644.9577167217549 37.48304851320855,55.7380648473494,644.9577167217549 37.4833669287913,55.73806877873162,643.7978809063252 37.48368534445292,55.73807270928892,641.1919238750752 37.48400376019342,55.73807663902129,641.1919238750752 37.48432217601277,55.73808056792873,637.1325366680439 37.48464059191095,55.73808449601124,637.3294818584736 37.48495900788795,55.73808842326882,637.3294818584736 37.48527742394376,55.73809234970147,638.9034869854268 37.48559584007835,55.73809627530917,641.7391956035908 37.485914256291714,55.738100200091935,641.7391956035908 37.48623267258383,55.73810412404979,644.8382861797627 37.48655108895469,55.7381080471827,644.549544114333 37.486869505404265,55.73811196949068,644.549544114333 37.487187921932545,55.738115890973724,640.9928119365986 37.487506338539504,55.738119811631826,641.1082141582783 37.48782475522515,55.738123731465,641.1082141582783 37.488143171989435,55.73812765047324,639.718001145583 37.48846158883237,55.73813156865654,642.9730670635518 37.488780005753924,55.7381354860149,642.9730670635518 37.489098422754076,55.73813940254833,643.4013354961689 37.48941683983282,55.73814331825682,639.2875964824971 37.48973525699014,55.73814723314037,639.2875964824971 37.49005367422601,55.73815114719898,637.0911395733174 37.49037209154042,55.73815506043266,636.2622211162861 37.490690508933355,55.7381589728414,636.2622211162861 37.491008926404795,55.738162884425186,633.9581287090596 37.49132734395472,55.73816679518404,632.5555255596455 37.491645761583115,55.73817070511796,632.5555255596455 37.49196417928997,55.73817461422693,632.6950061504658 37.49228259707527,55.73817852251096,637.6163013164814 37.49260101493899,55.738182429970045,637.6163013164814 37.492919432881116,55.738186336604194,644.3758685772236 37.493237850901636,55.738190242413395,644.3982532207783 37.49355626900052,55.73819414739766,644.3982532207783 37.493874687177765,55.73819805155698,642.9366138164814 37.494193105433354,55.738201954891345,639.7126605694111 37.494511523767265,55.73820585740078,639.7126605694111 37.49482994217948,55.73820975908526,637.0020892803486 37.495148360669994,55.73821365994479,636.5952289287861 37.495466779238775,55.73821755997939,636.5952289287861 37.495785197885816,55.73822145918902,636.1970966045674 37.496103616611094,55.738225357573725,632.5455005352314 37.496422035414604,55.73822925513348,632.5455005352314 37.496740454296315,55.738233151868286,631.3564593975361 37.49705887325622,55.73823704777814,632.8566119854268 37.4973772922943,55.738240942863044,632.8566119854268 37.49769571141054,55.738244837123005,632.7374561016377 37.49801413060493,55.73824873055802,635.5536182110127 37.49833254987743,55.73825262316807,635.5536182110127 37.49865096922805,55.738256514953186,642.7709033672627 37.49896938865676,55.73826040591334,641.3887317364033 37.499287808163544,55.73826429604854,641.3887317364033 37.499606227748394,55.73826818535881,635.8844440166768 37.49992464741128,55.73827207384411,633.3534228985127 37.50024306715219,55.73827596150446,633.3534228985127 37.500561486971115,55.73827984833986,631.5625293438252 37.50087990686803,55.738283734350304,632.355940598708 37.50119832684292,55.738287619535804,632.355940598708 37.50151674689578,55.738291503896335,632.6886737530049 37.50183516702658,55.73829538743192,635.017073411208 37.5021535872353,55.73829927014255,635.017073411208 37.50247200752194,55.73830315202821,640.9846332256611 37.50279042788647,55.73830703308893,642.7124316875752 37.50310884832888,55.73831091332469,642.7124316875752 37.503427268849144,55.73831479273549,639.9533374492939 37.50374568944726,55.73831867132134,639.8793323223408 37.504064110123196,55.73832254908223,639.8793323223408 37.504382530876946,55.73832642601816,641.2180621807393 37.50470095170849,55.738330302129135,639.8120563213643 37.505019372617824,55.73833417741514,639.8120563213643 37.50533779360491,55.73833805187619,636.3879993145283 37.50565621466974,55.73834192551228,638.0026996319111 37.50597463581231,55.73834579832342,638.0026996319111 37.50629305703258,55.738349670309596,635.7348163311299 37.50661147833055,55.73835354147081,633.863264817458 37.5069298997062,55.73835741180705,633.863264817458 37.50724832115951,55.73836128131835,637.5800464336689 37.50756674269047,55.73836515000467,639.7005603496846 37.507885164299054,55.73836901786603,639.7005603496846 37.508203585985264,55.738372884902425,635.4833209698018 37.50852200774906,55.73837675111387,633.4052112285908 37.508840429590435,55.738380616500336,633.4052112285908 37.509158851509376,55.73838448106185,636.1301257793721 37.509477273505865,55.73838834479839,635.2731921856221 37.50979569557988,55.738392207709964,635.2731921856221 37.51011411773142,55.73839606979658,636.3064716045674 37.51043253996045,55.73839993105822,638.0043475811299 37.510750962266954,55.7384037914949,638.0043475811299 37.51106938465093,55.7384076511066,640.2223346416768 37.51138780711236,55.73841150989334,639.5369098369893 37.51170622965121,55.738415367855126,639.5369098369893 37.512024652267485,55.73841922499193,639.0532520000752 37.51234307496115,55.73842308130377,643.2754199688252 37.512661497732196,55.738426936790646,643.2754199688252 37.51297992058061,55.738430791452544,644.3052814190205 37.51329834350638,55.738434645289466,642.3366077129658 37.51361676650947,55.73843849830143,642.3366077129658 37.51393518958988,55.738442350488405,640.2459705059346 37.514253612747595,55.73844620185043,641.3808887188252 37.51457203598258,55.73845005238747,641.3808887188252 37.51489045929484,55.73845390209954,642.1778247539814 37.51520888268435,55.73845775098664,641.6571185772236 37.51552730615109,55.73846159904877,641.6571185772236 37.51584572969505,55.738465446285915,644.4556873028096 37.516164153316204,55.7384692926981,648.4576862041768 37.51648257701455,55.73847313828529,648.4576862041768 37.51680100079006,55.738476983047526,652.4283130352314 37.517119424642715,55.738480826984784,652.3077380840596 37.517437848572506,55.73848467009705,652.3077380840596 37.51775627257942,55.73848851238435,649.5073535625752 37.518074696663426,55.73849235384668,645.6431262676533 37.51839312082451,55.73849619448403,645.6431262676533 37.51871154506268,55.73850003429639,646.3287799541768 37.5190299693779,55.73850387328378,648.6132495586689 37.51934839377014,55.7385077114462,648.6132495586689 37.51966681823941,55.73851154878364,649.4884631817158 37.519985242785665,55.73851538529609,653.4035632793721 37.52030366740892,55.73851922098357,653.4035632793721 37.52062209210914,55.73852305584605,652.9403064434346 37.52094051688631,55.73852688988357,649.7027576153096 37.52125894174042,55.73853072309611,649.7027576153096 37.52157736667145,55.73853455548367,649.2691943828877 37.52189579167938,55.73853838704623,648.1117389385518 37.52221421676419,55.738542217783824,648.1117389385518 37.52253264192588,55.738546047696424,646.6609180157002 37.52285106716441,55.738549876784056,648.9302966778096 37.52316949247978,55.73855370504669,648.9302966778096 37.52348791787198,55.73855753248435,647.8868396465596 37.52380634334097,55.73856135909703,647.2276752178486 37.52412476888676,55.738565184884706,647.2276752178486 37.52444319450931,55.73856900984741,646.3487842266377 37.52476162020861,55.738572833985124,646.5296161358174 37.52508004598466,55.738576657297855,646.5296161358174 37.52539847183742,55.738580479785604,647.8104236309346 37.52571689776689,55.738584301448356,649.5281818096455 37.52603532377304,55.73858812228612,649.5281818096455 37.526353749855865,55.738591942298896,648.5448138897236 37.526672176015346,55.7385957614867,645.8719928448018 37.526990602251466,55.7385995798495,645.8719928448018 37.527309028564204,55.738603397387315,644.9254901592549 37.52762745495355,55.73860721410015,645.6779010479268 37.527945881419484,55.738611029987986,645.6779010479268 37.52826430796198,55.738614845050826,644.9626910869893 37.52858273458104,55.738618659288676,643.7442767803486 37.52890116127664,55.738622472701536,643.7442767803486 37.52921958804876,55.73862628528941,643.8965747539814 37.52953801489738,55.73863009705229,643.3400104229268 37.5298564418225,55.73863390799018,643.3400104229268 37.53017486882409,55.73863771810308,644.4258105938252 37.53049329590213,55.738641527390975,644.6251361553486 37.530811723056615,55.73864533585389,644.6251361553486 37.531130150287524,55.7386491434918,645.1269214336689 37.53144857759483,55.73865295030471,644.3135516826924 37.53176700497854,55.73865675629264,644.3135516826924 37.532085432438606,55.73866056145556,643.2832477276143 37.53240385997504,55.738664365793504,641.9465930645283 37.532722287587816,55.73866816930644,641.9465930645283 37.53304071527691,55.738671971994386,640.9899890606221 37.53335914304231,55.738675773857324,641.5131519024189 37.53367757088401,55.738679574895265,641.5131519024189 37.53399599880197,55.73868337510822,638.6891009990986 37.5343144267962,55.73868717449616,633.849348801833 37.53463285486667,55.73869097305911,633.849348801833 37.53495128301336,55.73869477079706,631.3860004131611 37.53526971123625,55.73869856771001,632.4627978985127 37.53558813953535,55.738702363797955,632.4627978985127 37.535906567910615,55.73870615906092,633.9377734844502 37.53622499636204,55.73870995349886,634.7740314190205 37.53654342488961,55.73871374711181,634.7740314190205 37.5368618534933,55.73871753989975,634.9819781963643 37.5371802821731,55.73872133186269,633.7203357403096 37.53749871092899,55.738725123000634,633.7203357403096 37.53781713976096,55.738728913313565,636.4263904278096 37.538135568668984,55.73873270280151,641.2930896465596 37.53845399765306,55.73873649146444,641.2930896465596 37.53877242671316,55.73874027930236,639.1369006817158 37.53909085584926,55.738744066315284,637.7728564922627 37.53940928506136,55.7387478525032,637.7728564922627 37.53972771434943,55.7387516378661,638.8487842266377 37.54004614371347,55.73875542240401,639.5386645977314 37.54036457315345,55.7387592061169,639.5386645977314 37.540683002669354,55.73876298900479,641.0931689922627 37.541001432261176,55.73876677106768,640.0637653057393 37.54131986192888,55.738770552305546,640.0637653057393 37.54163829167247,55.73877433271843,639.3022906963643 37.54195672149192,55.73877811230628,638.4781024639424 37.542275151387216,55.73878189106913,638.4781024639424 37.54259358135833,55.73878566900697,636.9225146953877 37.542912011405264,55.7387894461198,635.996321458083 37.543230441527996,55.73879322240762,635.996321458083 37.5435488717265,55.73879699787042,637.3084552471455 37.54386730200077,55.73880077250823,637.3294513408955 37.544185732350776,55.73880454632102,637.3294513408955 37.54450416277652,55.73880831930879,634.918684739333 37.54482259327798,55.73881209147156,633.7230975811299 37.54514102385512,55.7388158628093,633.7230975811299 37.54545945450795,55.73881963332204,634.7341449444111 37.54577788523644,55.73882340300977,634.0325458233174 37.546096316040575,55.738827171872465,634.0325458233174 37.54641474692034,55.738830939910166,634.5256946270283 37.546733177875716,55.73883470712285,635.0125110332783 37.54705160890669,55.738838473510505,635.0125110332783 37.54737004001325,55.73884223907316,632.6880328838643 37.547688471195364,55.738846003810785,628.4143207256611 37.548006902453025,55.7388497677234,628.4143207256611 37.548325333786224,55.738853530811,625.9509570782002 37.548643765194925,55.73885729307357,624.9076678936299 37.548962196679135,55.73886105451115,624.9076678936299 37.54928062823882,55.738864815123684,622.5789325420674 37.54959905987397,55.738868574911216,622.0118549053486 37.549917491584566,55.73887233387372,622.0118549053486 37.55023592337059,55.7388760920112,621.8863513653096 37.55055435523204,55.738879849323666,622.1759174053486 37.55087278716888,55.738883605811125,622.1759174053486 37.5511912191811,55.738887361473545,621.8233783428486 37.55150965126869,55.738891116310946,621.4944293682393 37.55182808343162,55.738894870323335,621.4944293682393 37.55214651566989,55.73889862351069,621.1647632305439 37.552464947983474,55.73890237587303,621.8970020000752 37.552783380372354,55.738906127410345,621.8970020000752 37.553101812836516,55.73890987812263,622.493391770583 37.553420245375946,55.738913628009904,621.9669482891377 37.55373867799062,55.73891737707215,621.9669482891377 37.55405711068053,55.738921125309375,621.8521106426533 37.55437554344566,55.73892487272156,622.334456223708 37.55469397628599,55.73892861930874,622.334456223708 37.555012409201495,55.73893236507087,621.4402911846455 37.55533084219217,55.73893611000799,621.1057574932393 37.555649275258,55.73893985412009,621.1057574932393 37.55596770839896,55.73894359740714,622.1555926983174 37.55628614161504,55.73894733986917,624.9386279766377 37.55660457490621,55.73895108150618,624.9386279766377 37.55692300827247,55.73895482231816,628.0260608379658 37.5572414417138,55.738958562305115,628.9909351055439 37.55755987523018,55.73896230146703,628.9909351055439 37.55787830882159,55.73896603980393,627.2785785381611 37.55819674248802,55.73896977731579,625.3724658672627 37.55851517622945,55.73897351400262,625.3724658672627 37.558833610045866,55.73897724986442,624.4422290508564 37.559152043937246,55.73898098490118,622.9657733623799 37.55947047790358,55.73898471911293,622.9657733623799 37.55978891194486,55.73898845249963,621.1713550274189 37.56010734606105,55.7389921850613,620.6419208233174 37.56042578025213,55.73899591679794,620.6419208233174 37.56074421451812,55.73899964770955,620.4823596660908 37.561062648858965,55.739003377796124,620.4162280742939 37.56138108327466,55.73900710705766,620.4162280742939 37.56169951776519,55.739010835494156,620.7054889385518 37.56201795233054,55.739014563105634,620.6478717510518 37.56233638697069,55.73901828989206,620.6478717510518 37.56265482168563,55.73902201585346,621.0664661114033 37.562973256475345,55.739025740989824,622.5424945537861 37.56329169133981,55.739029465301144,622.5424945537861 37.563610126279016,55.73903318878743,622.4534137432393 37.56392856129294,55.73903691144868,622.4190662090596 37.56424699638156,55.73904063328489,622.4190662090596 37.56456543154487,55.73904435429607,623.5126025860127 37.56488386678285,55.7390480744822,624.461653489333 37.56520230209549,55.73905179384329,624.461653489333 37.565520737482764,55.739055512379345,624.0607440655049 37.565839172944656,55.73905923009036,622.8223712627705 37.566157608481156,55.73906294697634,622.8223712627705 37.56647604409224,55.73906666303727,620.0405490581807 37.5667944797779,55.73907037827316,617.7519672100361 37.56711291553811,55.739074092684014,617.7519672100361 37.56743135137287,55.73907780626982,616.0437076275166 37.56774978728214,55.739081519030584,613.7063129131611 37.56806822326591,55.73908523096632,613.7063129131611 37.568386659324176,55.739088942077,613.3076923076924 37.56870509545692,55.73909265236262,613.3076923076924 37.569023531664115,55.739096361823215,613.3076923076924 37.569341967945746,55.73910007045876,613.3076923076924 37.56966040430179,55.739103778269275,613.4384219829853 37.56997884073226,55.73910748525472,613.4384219829853 37.57029727723711,55.73911119141513,615.967627305251 37.57061571381633,55.7391148967505,618.3782108013447 37.57093415046991,55.739118601260806,618.3782108013447 37.571252587197826,55.739122304946086,620.3522632305439 37.57157102400007,55.739126007806306,629.4602954571064 37.57188946087662,55.739129709841485,629.4602954571064 37.57220789782746,55.739133411051604,629.3963916485127 37.572526334852576,55.7391371114367,624.3664539043721 37.57284477195195,55.739140810996716,624.3664539043721 37.57316320912555,55.7391445097317,623.668440598708 37.57348164637339,55.73914820764163,626.3064563457783 37.57380008369543,55.739151904726505,626.3064563457783 37.57411852109166,55.73915560098633,629.3587024395283 37.57443695856207,55.73915929642111,629.9125049297627 37.57475539610664,55.739162991030824,629.9125049297627 37.57507383372534,55.73916668481551,629.3003986065205 37.575392271418174,55.739170377775125,629.5483386699971 37.57571070918512,55.7391740699097,629.5483386699971 37.57602914702615,55.73917776121921,629.0426929180439 37.57634758494125,55.739181451703665,631.5461414043721 37.57666602293042,55.73918514136307,631.5461414043721 37.57698446099363,55.73918883019742,635.6897571270283 37.577302899130856,55.73919251820672,636.5204761211689 37.5776213373421,55.73919620539096,636.5204761211689 37.577939775627335,55.73919989175015,637.4174487774189 37.578258213986544,55.73920357728428,637.3466937725361 37.57857665241971,55.73920726199336,637.3466937725361 37.578895090926835,55.73921094587737,636.2669818584736 37.579213529507875,55.73921462893633,637.0746295635518 37.579531968162826,55.73921831117023,637.0746295635518 37.579850406891666,55.73922199257906,637.2365253155049 37.58016884569438,55.739225673162856,634.792464036208 37.580487284570964,55.739229352921576,634.792464036208 37.58080572352139,55.739233031855235,636.2881152813252 37.58112416254564,55.73923670996385,637.5298907940205 37.581442601643694,55.73924038724739,637.5298907940205 37.58176104081556,55.739244063705875,633.8995197002705 37.58207948006119,55.7392477393393,634.0541370098408 37.58239791938058,55.73925141414765,634.0541370098408 37.58271635877372,55.73925508813096,635.1303851787861 37.58303479824059,55.73925876128919,632.9823444073018 37.58335323778117,55.73926243362237,632.9823444073018 37.583671677395444,55.739266105130476,633.6819141094502 37.58399011708339,55.73926977581352,635.4353168194111 37.584308556845,55.739273445671515,635.4353168194111 37.584626996680264,55.73927711470442,634.4515674297627 37.58494543658915,55.73928078291228,630.1411426250752 37.58526387657165,55.739284450295074,630.1411426250752 37.58558231662774,55.739288116852784,632.1908862774189 37.58590075675742,55.73929178258545,636.2120654766377 37.586219196960656,55.73929544749304,636.2120654766377 37.58653763723744,55.739299111575555,635.2640369121846 37.586856077587754,55.73930277483303,633.9240100567158 37.58717451801159,55.739306437265405,633.9240100567158 37.5874929585089,55.739310098872735,632.7349994365986 37.587811399079705,55.73931375965498,632.2827899639424 37.58812983972397,55.73931741961216,632.2827899639424 37.58844828044169,55.73932107874429,632.0692279522236 37.58876672123283,55.73932473705132,632.0867145244893 37.58908516209738,55.73932839453329,632.0867145244893 37.589403603035336,55.739332051190196,634.3920276348408 37.589722044046674,55.739335707022036,635.5332477276143 37.59004048513137,55.739339362028794,635.5332477276143 37.59035892628942,55.73934301621048,634.3595111553486 37.5906773675208,55.73934666956709,632.3299701397236 37.59099580882549,55.73935032209864,632.3299701397236 37.59131425020348,55.73935397380511,632.1913745586689 37.59163269165475,55.739357624686505,633.7382495586689 37.591951133179286,55.73936127474283,633.7382495586689 37.59226957477708,55.73936492397408,635.4322955791768 37.59258801644809,55.73936857238026,636.6879260723408 37.592906458192324,55.73937221996137,636.6879260723408 37.59322490000975,55.739375866717374,635.6652209942158 37.59354334190037,55.739379512648334,633.7244861309346 37.59386178386415,55.73938315775421,633.7244861309346 37.59418022590108,55.73938680203499,633.3043048565205 37.59449866801114,55.73939044549071,631.3671252910908 37.59481711019431,55.73939408812136,631.3671252910908 37.59513555245059,55.73939772992692,631.0023639385518 37.59545399477995,55.7394013709074,629.0525348369893 37.59577243718238,55.7394050110628,629.0525348369893 37.59609087965786,55.73940865039314,630.6185748760518 37.59640932220637,55.73941228889838,632.2806537334736 37.5967277648279,55.73941592657855,632.2806537334736 37.597046207522425,55.739419563433636,629.3043658916768 37.59736465028993,55.73942319946364,629.026839036208 37.597683093130414,55.73942683466856,629.026839036208 37.59800153604384,55.739430469048415,630.3247974102314 37.5983199790302,55.73943410260316,625.7374713604268 37.598638422089486,55.73943773533285,625.7374713604268 37.598956865221666,55.73944136723744,624.7687213604268 37.59927530842674,55.739444998316955,624.8915393535908 37.599593751704674,55.73944862857138,624.8915393535908 37.59991219505546,55.73945225800073,625.933333176833 37.60023063847908,55.73945588660499,626.4426868145283 37.60054908197552,55.739459514384166,626.4426868145283 37.600867525544764,55.739463141338256,624.7698810283955 37.60118596918679,55.739466767467256,623.0097186748799 37.60150441290159,55.73947039277118,623.0097186748799 37.60182285668914,55.73947401725002,622.8219134990986 37.60214130054942,55.73947764090376,623.8218829815205 37.602459744482424,55.73948126373241,623.8218829815205 37.60277818848814,55.73948488573599,623.4750964824971 37.60309663256653,55.73948850691447,625.4601733867939 37.603415076717596,55.73949212726786,625.4601733867939 37.603733520941304,55.73949574679617,628.2586353008564 37.60405196523766,55.739499365499384,628.5298602764424 37.60437040960663,55.739502983377506,628.5298602764424 37.604688854048206,55.739506600430545,626.5640399639424 37.60500729856238,55.73951021665849,628.3608386699971 37.6053257431491,55.73951383206134,628.3608386699971 37.605644187808394,55.73951744663911,624.7304217998799 37.60596263254022,55.73952106039178,615.6250827495869 37.60628107734456,55.73952467331936,615.6250827495869 37.606599522221416,55.73952828542185,612.3076923076924 37.60691796717075,55.73953189669924,612.3076923076924 37.60723641219256,55.73953550715154,612.3076923076924 37.60755485728682,55.73953911677874,612.3076923076924 37.60787330245353,55.739542725580854,612.3076923076924 37.60819174769265,55.739546333557875,612.3076923076924 37.60851019300418,55.73954994070981,614.7184970562275 37.6088286383881,55.73955354703662,619.9684360210713 37.608822246677775,55.73973320057431,619.9684360210713 37.60881585489509,55.73991285410622,622.5418079082783 37.608809463040025,55.740092507632355,624.0955798809346 37.60880307111258,55.74027216115271,624.0955798809346 37.60879667911277,55.7404518146673,624.1433398907002 37.60879028704058,55.740631468176105,623.737532395583 37.608783894896,55.74081112167916,623.737532395583 37.608777502679054,55.740990775176414,622.3099048321064 37.60877111038972,55.7411704286679,619.8528125469502 37.608764718028006,55.74135008215362,619.8528125469502 37.608758325593904,55.74152973563356,617.3143146221455 37.608751933087426,55.741709389107726,614.7165210430439 37.60874554050856,55.74188904257611,614.7165210430439 37.60873914785731,55.742068696038736,615.2193668072041 37.60873275513366,55.74224834949558,613.879133958083 37.60872636233763,55.74242800294665,613.879133958083 37.60871996946921,55.74260765639195,613.5168597881611 37.6087135765284,55.74278730983147,613.5695789043721 37.60839510482702,55.7427837030697,612.3076923076924 37.608076633198046,55.74278009548272,612.3076923076924 37.607758161641506,55.74277648707055,612.3076923076924 37.607439690157406,55.7427728778332,613.50328709529 37.60712121874575,55.74276926777064,618.9010989849385 37.60680274740659,55.74276565688289,618.9010989849385 37.60648427613991,55.742762045169954,622.217757004958 37.60616580494574,55.74275843263181,620.3289478008564 37.605847333824094,55.742754819268484,620.3289478008564 37.605528862774996,55.742751205079976,621.9061420147236 37.605210391798444,55.742747590066266,624.3902728740986 37.604891920894474,55.74274397422737,624.3902728740986 37.60457345006309,55.74274035756328,626.8817432110127 37.604254979304315,55.742736740073994,631.9176929180439 37.60393650861817,55.742733121759535,631.9176929180439 37.60361803800466,55.74272950261988,636.075423020583 37.6032995674638,55.74272588265502,635.4407642071064 37.60298109699562,55.742722261865,635.4407642071064 37.602662626600136,55.74271864024977,636.8644550030049 37.602344156277354,55.74271501780936,640.4127948467549 37.60202568602729,55.742711394543754,640.4127948467549 37.60170721584997,55.74270777045298,640.4943072979268 37.6013887457454,55.74270414553701,637.0764911358174 37.60107027571361,55.742700519795854,637.0764911358174 37.600751805754605,55.74269689322951,636.4073016826924 37.60043333586841,55.742693265837985,638.6546466533955 37.60011486605504,55.74268963762127,638.6546466533955 37.5997963963145,55.74268600857938,635.5305774395283 37.59947792664682,55.7426823787123,633.6548755352314 37.59915945705202,55.74267874802003,633.6548755352314 37.598840987530096,55.74267511650259,630.7698047344502 37.598522518081076,55.74267148415996,629.8042743389424 37.598204048704986,55.74266785099214,629.8042743389424 37.597885579401826,55.74266421699916,630.7908771221455 37.59756711017163,55.74266058218098,633.6178424541768 37.597248641014396,55.74265694653763,633.6178424541768 37.596930171930154,55.7426533100691,634.9020984356221 37.59661170291891,55.74264967277538,634.8996570293721 37.5962932339807,55.74264603465649,634.8996570293721 37.59597476511552,55.74264239571241,634.919173020583 37.59565629632339,55.742638755943155,634.3346088115986 37.59533782760433,55.74263511534872,634.3346088115986 37.59501935895837,55.74263147392911,634.0848071758564 37.594700890385504,55.74262783168432,634.611067551833 37.59438242188576,55.74262418861435,634.611067551833 37.59406395345914,55.74262054471921,633.8290546123799 37.593745485105686,55.742616899998886,632.2857654278096 37.59342701682541,55.74261325445339,632.2857654278096 37.593108548618304,55.74260960808273,633.764143723708 37.59279008048441,55.74260596088687,636.0460498516377 37.59247161242373,55.742602312865856,636.0460498516377 37.59215314443629,55.74259866401965,636.9250171367939 37.5918346765221,55.74259501434829,636.1217792217549 37.59151620868118,55.742591363851744,636.1217792217549 37.59119774091354,55.742587712530025,637.3128040020283 37.59087927321921,55.74258406038314,638.1191089336689 37.590560805598194,55.742580407411076,638.1191089336689 37.590242338050516,55.74257675361385,640.0077502910908 37.589923870576186,55.742573098991436,641.3472583477314 37.58960540317523,55.74256944354386,641.3472583477314 37.589286935847646,55.74256578727111,639.0819232647236 37.58896846859347,55.742562130173184,637.9844958965596 37.588650001412724,55.742558472250096,637.9844958965596 37.5883315343054,55.74255481350184,640.3750903789814 37.588013067271525,55.7425511539284,641.7545154278096 37.587694600311124,55.74254749352982,641.7545154278096 37.5873761334242,55.742543832306055,639.9470966045674 37.58705766661078,55.74254017025713,636.6245410625752 37.586739199870884,55.74253650738302,636.6245410625752 37.58642073320451,55.742532843683755,636.4854419414814 37.58610226661169,55.74252917915931,637.3474261944111 37.585783800092436,55.74252551380972,637.3474261944111 37.58546533364677,55.74252184763496,638.6344897930439 37.5851468672747,55.74251818063502,637.0760944073018 37.58482840097625,55.74251451280992,637.0760944073018 37.58450993475143,55.74251084415966,635.3294360821064 37.58419146860025,55.742507174684235,634.3704974834736 37.58387300252275,55.74250350438364,634.3704974834736 37.583554536518925,55.742499833257895,634.4950702373799 37.583236070588804,55.742496161306974,637.928938645583 37.582917604732394,55.7424924885309,637.928938645583 37.58259913894972,55.74248881492966,643.2721851055439 37.58228067324079,55.742485140503256,641.6595599834736 37.58196220760563,55.742481465251686,641.6595599834736 37.58164374204424,55.74247778917497,639.2882220928486 37.58132527655667,55.74247411227308,638.4536426250752 37.5810068111429,55.74247043454604,638.4536426250752 37.58068834580296,55.742466755993824,636.8690631573018 37.58036988053687,55.74246307661647,635.6094501201924 37.58005141534464,55.742459396413935,635.6094501201924 37.5797329502263,55.742455715386264,635.2635181133564 37.57941448518186,55.74245203353342,636.4573505108174 37.579096020211324,55.74244835085542,636.4573505108174 37.57877755531472,55.74244466735226,636.9787280742939 37.57845909049207,55.742440983023954,636.8021075908955 37.57814062574337,55.74243729787048,636.8021075908955 37.57782216106866,55.74243361189186,637.4922321026143 37.57750369646795,55.74242992508808,636.893049973708 37.57718523194124,55.74242623745914,636.893049973708 37.576866767488575,55.742422549005056,637.9064014141377 37.576548303109945,55.74241885972581,637.8998553936299 37.57622983880539,55.7424151696214,637.8998553936299 37.5759113745749,55.742411478691864,638.7775256817158 37.575592910418514,55.74240778693714,640.9785754864033 37.57527444633624,55.74240409435728,640.9785754864033 37.57495598232809,55.74240040095227,639.0297992412861 37.57463751839409,55.74239670672211,631.7425830547627 37.57431905453426,55.742393011666806,631.7425830547627 37.5740005907486,55.74238931578634,624.5877521221455 37.57368212703713,55.74238561908072,618.2065417949971 37.57336366339988,55.74238192154995,618.2065417949971 37.57304519983685,55.74237822319404,614.0889499370869 37.57272673634807,55.74237452401297,613.3076923076924 37.57240827293355,55.74237082400676,613.3076923076924 37.572089809593315,55.7423671231754,613.3076923076924 37.57177134632737,55.74236342151889,613.3076923076924 37.57145288313573,55.74235971903723,613.3076923076924 37.57113442001842,55.74235601573042,613.7613361065205 37.57081595697546,55.74235231159847,614.5793597881611 37.57049749400685,55.742348606641364,614.5793597881611 37.57017903111262,55.742344900859116,616.4063861553486 37.569860568292796,55.74234119425173,618.3614032451924 37.56954210554737,55.742337486819196,618.3614032451924 37.56922364287637,55.742333778561516,618.526953477126 37.56890518027982,55.74233006947868,618.2661044781025 37.568586717757725,55.74232635957071,618.2661044781025 37.56826825531011,55.7423226488376,619.3958347027119 37.567949792936986,55.74231893727934,619.7831638042744 37.56763133063837,55.74231522489595,619.7831638042744 37.567312868414284,55.742311511687404,619.634749192458 37.56699440626474,55.742307797653716,621.1510608379658 37.56667594418975,55.74230408279489,621.1510608379658 37.56635748218934,55.74230036711093,622.4521014873799 37.566039020263524,55.74229665060181,623.3950946514424 37.56572055841231,55.74229293326757,623.3950946514424 37.56540209663572,55.74228921510818,626.2362659160908 37.56508363493378,55.74228549612366,627.0552661602314 37.56476517330649,55.74228177631399,627.0552661602314 37.56444671175388,55.74227805567919,622.1312549297627 37.56412825027596,55.74227433421924,619.2529895489033 37.563809788872746,55.74227061193417,619.2529895489033 37.563491327544256,55.74226688882395,622.1997516338643 37.563172866290515,55.742263164888584,622.6078021709736 37.56285440511152,55.742259440128095,622.6078021709736 37.56253594400731,55.742255714542466,622.9919879619893 37.56221748297788,55.7422519881317,623.0387408916768 37.56189902202326,55.7422482608958,623.0387408916768 37.561580561143465,55.74224453283477,622.3822467510518 37.56126210033852,55.7422408039486,621.6008594219502 37.56094363960842,55.742237074237295,621.6008594219502 37.560625178953195,55.74223334370087,623.2174976055439 37.56030671837286,55.7422296123393,621.3607623760518 37.55998825786744,55.74222588015259,621.3607623760518 37.559669797436925,55.74222214714076,620.1406467144307 37.55935133708137,55.74221841330378,624.7074420635518 37.55903287680076,55.74221467864169,624.7074420635518 37.558714416595116,55.74221094315446,627.1669452373799 37.558395956464466,55.742207206842096,624.7875201885518 37.55807749640882,55.74220346970461,624.7875201885518 37.5577590364282,55.742199731742,623.8864276592549 37.557440576522616,55.742195992954244,622.9056995098408 37.55712211669209,55.742192253341365,622.9056995098408 37.55680365693664,55.74218851290335,624.9989001934346 37.55648519725627,55.74218477164022,627.1759174053486 37.556166737651004,55.74218102955196,627.1759174053486 37.55584827812087,55.74217728663857,625.0905444805439 37.55552981866586,55.74217354290005,624.8563983623799 37.55521135928601,55.7421697983364,624.8563983623799 37.55489289998133,55.74216605294763,626.2646625225361 37.55457444075185,55.74216230673373,627.4550311748799 37.554255981597564,55.742158559694715,627.4550311748799 37.553937522518495,55.74215481183057,627.3714740459736 37.55361906351466,55.7421510631413,629.523665208083 37.553300604586084,55.7421473136269,629.523665208083 37.552982145732784,55.742143563287385,630.5647266094502 37.552663686954766,55.74213981212274,630.1809070293721 37.55234522825205,55.742136060132985,630.1809070293721 37.55202676962465,55.7421323073181,633.2945239727314 37.551708311072595,55.742128553678086,634.6242969219502 37.55138985259589,55.74212479921296,634.6242969219502 37.55107139419455,55.74212104392271,633.9867541973408 37.5507529358686,55.74211728780733,632.0847156231221 37.55043447761805,55.742113530866845,632.0847156231221 37.550116019442925,55.74210977310123,630.4907214824971 37.549797561343226,55.742106014510505,630.4284045879658 37.54947910331898,55.74210225509465,630.4284045879658 37.54916064537021,55.742098494853686,633.1335437481221 37.54884218749692,55.742094733787596,633.7262714092549 37.548523729699134,55.74209097189639,633.7262714092549 37.54820527197687,55.74208720918007,633.9601581280049 37.547886814330134,55.74208344563863,633.4265582744893 37.54756835675895,55.742079681272074,633.4265582744893 37.547249899263335,55.7420759160804,634.8916614239033 37.546931441843306,55.74207215006361,636.1233813946064 37.54661298449888,55.742068383221714,636.1233813946064 37.54629452723007,55.742064615554696,637.1155994121846 37.545976070036886,55.74206084706256,637.6094806377705 37.545657612919356,55.74205707774532,637.6094806377705 37.5453391558775,55.742053307602966,636.6353748028096 37.54502069891132,55.74204953663549,639.1550891582783 37.54470224202085,55.7420457648429,639.1550891582783 37.54438378520609,55.74204199222521,638.8581683819111 37.544065328467056,55.742038218782405,639.4036700908955 37.54374687180378,55.74203444451449,639.4036700908955 37.54342841521627,55.74203066942145,640.7065570537861 37.54310995870454,55.74202689350331,638.9247119610127 37.542791502268614,55.74202311676006,638.9247119610127 37.5424730459085,55.74201933919171,635.5310809795674 37.54215458962422,55.74201556079823,635.8703754131611 37.54183613341579,55.742011781579656,635.8703754131611 37.541517677283224,55.74200800153596,637.1892841045674 37.54119922122654,55.74200422066717,635.8336017315205 37.54088076524575,55.742000438973264,635.8336017315205 37.540562309340885,55.741996656454255,631.5726154033955 37.540243853511946,55.741992873110135,632.2140491192158 37.53992539775896,55.741989088940905,632.2140491192158 37.539606942081925,55.741985303946585,632.368147629958 37.539288486480885,55.741981518127155,638.4100330059346 37.53897003095583,55.741977731482606,638.4100330059346 37.538651575506805,55.741973944012955,639.4157092754658 37.53833312013381,55.74197015571822,636.7443988506611 37.53801466483685,55.74196636659837,636.7443988506611 37.53769620961596,55.74196257665341,638.1807544414814 37.537377754471144,55.74195878588335,638.9227283184346 37.537059299402436,55.741954994288186,638.9227283184346 37.536740844409834,55.74195120186793,641.6373279278096 37.53642238949337,55.741947408622565,646.482893723708 37.53610393465304,55.74194361455209,646.482893723708 37.53578547988889,55.74193981965653,642.7595813457783 37.5354670252009,55.74193602393586,639.0579059307393 37.53514857058912,55.741932227390095,639.0579059307393 37.53483011605355,55.74192843001922,637.7582538311299 37.53451166159421,55.74192463182326,636.2077014629658 37.53419320721111,55.741920832802194,636.2077014629658 37.53387475290428,55.741917032956025,634.1340930645283 37.53355629867372,55.74191323228477,631.8707263653096 37.53323784451947,55.74190943078841,631.8707263653096 37.53291939044152,55.74190562846696,630.2916858379658 37.5326009364399,55.741901825320404,630.203352708083 37.532282482514624,55.74189802134876,630.203352708083 37.53196402866571,55.74189421655202,634.0669696514424 37.53164557489318,55.741890410930175,637.417708176833 37.531327121197045,55.74188660448324,637.417708176833 37.53100866757731,55.74188279721121,636.8630511944111 37.53069021403402,55.74187898911409,637.7707202617939 37.53037176056716,55.74187518019188,637.7707202617939 37.530053307176765,55.74187137044456,640.288801926833 37.52973485386285,55.74186755987216,641.3632495586689 37.52941640062542,55.74186374847468,641.3632495586689 37.52909794746451,55.741859936252084,640.7016132061299 37.528779494380125,55.741856123204414,644.8417651836689 37.52846104137228,55.741852309331634,644.8417651836689 37.528142588441,55.74184849463378,645.8988635723408 37.52782413558629,55.74184467911083,648.5892169658955 37.527505682808176,55.74184086276279,648.5892169658955 37.52718723010667,55.74183704558967,649.7599322979268 37.526868777481795,55.74183322759145,650.0482776348408 37.52655032493356,55.74182940876814,650.0482776348408 37.526231872461985,55.741825589119756,647.7994220440205 37.525913420067084,55.74182176864627,645.2095630352314 37.52559496774887,55.741817947347705,645.2095630352314 37.52527651550738,55.741814125224046,643.7393939678486 37.5249580633426,55.7418103022753,644.488264817458 37.52463961125458,55.74180647850147,644.488264817458 37.5243211592433,55.74180265390257,645.4982440655049 37.5240027073088,55.74179882847857,644.0760333721455 37.523684255451094,55.74179500222949,644.0760333721455 37.5233658036702,55.74179117515531,643.5966174785908 37.52304735196612,55.74178734725607,644.5203540508564 37.52272890033889,55.74178351853173,644.5203540508564 37.52241044878852,55.74177968898232,648.5238330547627 37.522091997315016,55.74177585860782,648.8573596660908 37.52177354591841,55.74177202740823,648.8573596660908 37.5214550945987,55.74176819538358,646.0524127666768 37.52113664335592,55.74176436253383,646.2921436016377 37.520818192190085,55.741760528859,646.2921436016377 37.5204997411012,55.741756694359104,642.8489062969502 37.52018129008929,55.741752859034115,641.725325364333 37.51986283915438,55.74174902288405,641.725325364333 37.51954438829647,55.741745185908904,638.4596698467549 37.51922593751557,55.741741348108675,633.9065540020283 37.51890748681173,55.74173750948339,633.9065540020283 37.518589036184935,55.74173367003301,634.7685077373799 37.518270585635214,55.74172982975755,636.6262958233174 37.51795213516258,55.74172598865702,636.6262958233174 37.517633684767056,55.741722146731405,635.3690478985127 37.51731523444865,55.741718303980726,634.1143024151143 37.516996784207386,55.74171446040497,634.1143024151143 37.51667833404328,55.74171061600413,632.9549243633564 37.51635988395634,55.74170677077822,631.7668903057393 37.51604143394659,55.74170292472724,631.7668903057393 37.51572298401405,55.74169907785119,631.2734821026143 37.51540453415872,55.74169523015005,630.5296466533955 37.515086084380634,55.741691381623845,630.5296466533955 37.51476763467981,55.74168753227257,630.9598529522236 37.51444918505624,55.74168368209621,630.6168506328877 37.51413073550998,55.74167983109479,630.6168506328877 37.51381228604101,55.74167597926831,631.4607989971455 37.51349383664936,55.741672126616734,631.111799973708 37.513175387335046,55.7416682731401,631.111799973708 37.51285693809809,55.741664418838404,632.280257004958 37.51253848893851,55.74166056371163,630.9992053692158 37.51222003985631,55.74165670775978,630.9992053692158 37.51190159085151,55.741652850982874,629.061507004958 37.511583141924135,55.7416489933809,628.9980151836689 37.511264693074196,55.74164513495384,628.9980151836689 37.51094624430171,55.74164127570173,628.8264606182393 37.510627795606695,55.74163741562455,625.009505051833 37.51030934698916,55.741633554722306,625.009505051833 37.50999089844913,55.74162969299499,629.5185535137471 37.509672449986624,55.74162583044261,630.6618335430439 37.50935400160165,55.74162196706516,630.6618335430439 37.509035553294225,55.74161810286264,629.8630817119893 37.50871710506438,55.74161423783508,629.7154224102314 37.50839865691211,55.74161037198244,629.7154224102314 37.50808020883744,55.74160650530473,630.0539996807393 37.507761760840395,55.74160263780197,630.1428821270283 37.50744331292098,55.74159876947414,630.1428821270283 37.50712486507921,55.74159490032125,630.6426379864033 37.50680641731512,55.741591030343294,633.1736743633564 37.50648796962871,55.74158715954029,633.1736743633564 37.50616952202,55.74158328791221,631.2364032451924 37.50585107448901,55.741579415459086,630.1569965069111 37.50553262703575,55.74157554218089,630.1569965069111 37.50521417966025,55.741571668077626,634.4723499004658 37.504895732362506,55.74156779314931,636.5968616192158 37.50457728514255,55.741563917395936,636.5968616192158 37.50425883800039,55.74156004081752,636.0375354473408 37.50394039093606,55.741556163414025,635.1637256328877 37.50362194394955,55.74155228518548,635.1637256328877 37.503303497040896,55.74154840613188,631.2427814190205 37.5029850502101,55.74154452625321,629.7075183574971 37.50266660345719,55.7415406455495,629.7075183574971 37.50234815678218,55.74153676402072,627.7475269024189 37.50202971018509,55.7415328816669,626.2320087139424 37.50171126366593,55.74152899848801,626.2320087139424 37.50139281722472,55.74152511448408,627.0870502178486 37.50107437086148,55.74152122965509,626.7338245098408 37.50075592457621,55.741517344001046,626.7338245098408 37.500437478368944,55.74151345752195,628.8590991680439 37.5001190322397,55.7415095702178,633.1811511699971 37.49980058618848,55.741505682088594,633.1811511699971 37.49948214021531,55.74150179313434,631.6676624004658 37.49916369432021,55.74149790335504,631.3018787090596 37.49884524850318,55.741494012750685,631.3018787090596 37.49852680276425,55.74149012132128,630.6491992657002 37.498208357103444,55.74148622906682,632.4067981426533 37.497889911520765,55.74148233598732,632.4067981426533 37.49757146601623,55.74147844208275,635.2478320782002 37.49725302058986,55.74147454735315,635.4037463848408 37.49693457524167,55.7414706517985,635.4037463848408 37.49661612997168,55.741466755418806,635.6226794903096 37.4962976847799,55.74146285821405,632.9391772930439 37.49597923966635,55.741458960184254,632.9391772930439 37.49566079463104,55.74145506132941,629.8797595684346 37.495342349674004,55.74145116164953,629.8351581280049 37.49502390479525,55.7414472611446,629.8351581280049 37.49470545999478,55.74144335981462,631.3701465313252 37.49438701527263,55.741439457659595,631.0505969707783 37.49406857062881,55.74143555467952,631.0505969707783 37.49375012606333,55.74143165087441,631.6934497539814 37.49343168157622,55.741427746244256,630.7771289532002 37.493113237167485,55.74142384078907,630.7771289532002 37.492794792837145,55.74141993450881,630.1580188457783 37.49247634858522,55.74141602740354,629.9107654278096 37.49215790441172,55.74141211947321,629.9107654278096 37.49183946031666,55.74140821071784,629.527327317458 37.49152101630008,55.74140430113743,630.931135911208 37.491202572361956,55.74140039073198,630.931135911208 37.49088412850234,55.741396479501496,633.2599322979268 37.490565684721226,55.74139256744598,633.9561450664814 37.49024724101865,55.74138865456541,633.9561450664814 37.48992879739461,55.7413847408598,632.7283466045674 37.48961035384913,55.741380826329156,632.1529071514424 37.489291910382235,55.741376910973464,632.1529071514424 37.488973466993926,55.741372994792755,632.6588733379658 37.48865502368423,55.741369077787,632.8516528789814 37.488336580453165,55.74136515995621,632.8516528789814 37.488018137300735,55.741361241300375,633.6102283184346 37.487699694226976,55.741357321819514,637.4819781963643 37.48738125123188,55.741353401513614,637.4819781963643 37.487062808315486,55.74134948038268,638.1117847149189 37.4867443654778,55.741345558426715,637.8946826641377 37.48642592271884,55.74134163564571,637.8946826641377 37.48610748003862,55.741337712039666,637.3931873028096 37.485789037437165,55.7413337876086,639.740462083083 37.485470594914474,55.74132986235251,639.740462083083 37.48515215247059,55.74132593627137,640.721907395583 37.484833710105505,55.741322009365206,642.407454270583 37.48451526781924,55.741318081634,642.407454270583 37.48419682561183,55.74131415307778,644.0877368633564 37.48387838348327,55.741310223696516,644.2358997051533 37.48355994143358,55.74130629349023,644.2358997051533 37.4832414994628,55.74130236245891,644.276106614333 37.482923057570915,55.74129843060256,645.9957874004658 37.48260461575796,55.741294497921196,645.9957874004658 37.48228617402394,55.74129056441478,645.5038135235127 37.48196773236888,55.74128663008335,642.990217942458 37.48164929079279,55.741282694926895,642.990217942458 37.481330849295695,55.74127875894541,643.7248218242939 37.48101240787761,55.74127482213889,649.1781909649189 37.48069396653854,55.74127088450736,649.1781909649189 37.48037552527851,55.7412669460508,651.3231342022236 37.480057084097545,55.741263006769216,652.6067798321064 37.47973864299565,55.7412590666626,652.6067798321064 37.47942020197284,55.74125512573096,655.3666522686299 37.47910176102914,55.741251183974306,657.0655048076924 37.47878332016457,55.741247241392614,657.0655048076924 37.478464879379125,55.7412432979859,656.2438190166768 37.478146438672844,55.741239353754175,653.9978778545674 37.47782799804573,55.74123540869743,653.9978778545674 37.47750955749782,55.741231462815655,652.4490344707783 37.4771911170291,55.74122751610886,652.8634784405049 37.47687267663961,55.741223568577034,652.8634784405049 37.476554236329356,55.74121962022021,656.4035785381611 37.47623579609835,55.741215671038354,657.274153489333 37.47591735594663,55.74121172103147,657.274153489333 37.47559891587419,55.74120777019959,655.6854541485127 37.47528047588105,55.74120381854267,653.7129504864033 37.47496203596724,55.74119986606073,653.7129504864033 37.47464359613276,55.741195912753795,652.9984271709736 37.47432515637764,55.741191958621826,655.2967364971455 37.474006716701886,55.741188003664845,655.2967364971455 37.47368827710552,55.74118404788284,655.0620258037861 37.473369837588564,55.74118009127584,654.3117664043721 37.47305139815102,55.7411761338438,654.3117664043721 37.47273295879292,55.74117217558676,651.9799792949971 37.472414519514274,55.741168216504704,651.3859851543721 37.47209608031509,55.74116425659763,651.3859851543721 37.471777641195395,55.74116029586554,649.8685443584736 37.47145920215521,55.741156334308435,648.0267017071064 37.47114076319453,55.74115237192633,648.0267017071064 37.4708223243134,55.74114840871921,650.6385486309346 37.470503885511825,55.741144444687066,656.0115344707783 37.470185446789806,55.74114047982992,656.0115344707783 37.469867008147375,55.74113651414776,657.874495286208 37.46954856958455,55.741132547640596,654.1080920879658 37.46923013110135,55.74112858030842,654.1080920879658 37.46891169269778,55.741124612151225,649.289046067458 37.468593254373864,55.741120643169026,646.0451801006611 37.46827481612961,55.741116673361816,646.0451801006611 37.467956377965045,55.7411127027296,643.901350754958 37.46763793988018,55.74110873127238,647.9843890850361 37.46731950187503,55.741104758990154,647.9843890850361 37.46700106394962,55.741100785882914,653.5234058086689 37.46668262610396,55.74109681195067,658.3547809307393 37.46636418833806,55.741092837193406,658.3547809307393 37.46604575065196,55.74108886161117,662.1968677227314 37.46572731304565,55.7410848852039,658.8438098614033 37.46540887551915,55.74108090797164,658.8438098614033 37.465090438072494,55.741076929914364,654.6133716289814 37.464772000705686,55.741072951032095,654.8436725323018 37.46445356341874,55.741068971324815,654.8436725323018 37.46413512621169,55.74106499079253,656.2808215801533 37.46381668908453,55.741061009435256,653.5058582012471 37.46349825203728,55.74105702725297,653.5058582012471 37.46317981506998,55.74105304424568,650.0505359356221 37.462861378182616,55.741049060413395,647.5281970684346 37.46254294137522,55.741045075756105,647.5281970684346 37.462224504647814,55.74104109027382,645.2649219219502 37.461906068000395,55.74103710396652,643.4517963115986 37.461587631433,55.74103311683423,643.4517963115986 37.461269194945636,55.74102912887695,636.0263812725361 37.46095075853831,55.74102514009468,628.7064044658955 37.46063232221106,55.741021150487384,628.7064044658955 37.46031388596389,55.74101716005511,623.0830066387471 37.45999544979682,55.74101316879783,618.3303516094502 37.459677013709864,55.741009176715544,618.3303516094502 37.459358577703036,55.74100518380828,617.7977664654072 37.45904014177636,55.741001190076005,615.7375629131611 37.45872170592984,55.740997195518744,615.7375629131611 37.45840327016351,55.740993200136494,614.8076923076924 37.45808483447737,55.740989203929246,614.8076923076924 37.45776639887145,55.740985206897,614.8076923076924 37.45744796334576,55.740981209039745,614.8076923076924 37.457129527900314,55.74097721035752,614.8076923076924 37.45681109253513,55.74097321085029,614.8076923076924 37.45649265725023,55.74096921051808,614.8076923076924 37.456174222045625,55.74096520936087,614.8076923076924 37.45585578692133,55.74096120737867,614.8076923076924 37.45553735187737,55.74095720457147,614.8076923076924 37.45521891691375,55.740953200939295,615.4995868389424 37.454900482030496,55.74094919648212,615.4995868389424 37.454582047227625,55.74094519119995,618.5990283672627 37.454263612505144,55.74094118509281,619.4030673687275 37.453945177863076,55.74093717816068,619.4030673687275 37.453626743301434,55.740933170403544,619.1994083111103 37.45330830882025,55.74092916182142,618.4795596782978 37.452989874419515,55.74092515241432,618.4795596782978 37.45267144009926,55.74092114218223,618.6261813823994 37.4523530058595,55.74091713112516,618.3361880962666 37.45203457170025,55.74091311924309,618.3361880962666 37.45171613762154,55.74090910653605,617.3607852642353 37.451397703623364,55.74090509300402,614.9698016826924 37.45107926970575,55.740901078647,614.9698016826924 37.45076083586871,55.74089706346499,614.8076923076924 37.45044240211227,55.74089304745801,614.8076923076924 37.450123968436436,55.74088903062605,614.8076923076924 37.44980553484123,55.74088501296908,614.8076923076924 37.44948710132667,55.74088099448716,614.8076923076924 37.44947997733967,55.74106063514883,614.8076923076924 37.44947285327201,55.74124027580463,614.8076923076924 37.44946572912369,55.741419916454525,615.1472385113057 37.4494586048947,55.741599557098525,615.1472385113057 37.449451480585054,55.74177919773663,616.6999957744893 37.44944435619473,55.741958838368866,618.5477359478291 37.44943723172374,55.7421384789952,618.5477359478291 37.44943010717209,55.74231811961564,618.5289447490986 37.449422982539765,55.74249776023019,618.8349292461689 37.44941585782677,55.74267740083886,618.8349292461689 37.4494087330331,55.742857041441624,618.7991016094502 37.44940160815875,55.7430366820385,618.7688052837666 37.44939448320374,55.74321632262947,618.7688052837666 37.449387358168046,55.743395963214574,618.6439960186299 37.44938023305168,55.74357560379379,618.4637668316182 37.44937310785462,55.74375524436709,618.4637668316182 37.44936598257689,55.74393488493452,617.2991397564228 37.44935885721848,55.744114525496045,618.409781235915 37.4496773170452,55.74411854446261,618.2730395977314 37.44999577695259,55.7441225626041,618.3643176739033 37.45031423694063,55.744126579920504,618.3643176739033 37.450632697009304,55.74413059641183,618.5288150493916 37.45095115715859,55.74413461207806,618.3493335430439 37.451269617388476,55.74413862691921,618.3493335430439 37.45158807769895,55.74414264093528,618.6727435772236 37.45190653808999,55.74414665412627,620.6727283184346 37.45222499856158,55.74415066649217,620.6727283184346 37.4525434591137,55.74415467803299,622.1373431865986 37.45286191974634,55.74415868874871,623.2296893780049 37.45318038045948,55.744162698639364,623.2296893780049 37.45349884125311,55.74416670770491,623.2494647686299 37.4538173021272,55.74417071594539,622.6515338604268 37.454135763081744,55.744174723360764,622.6515338604268 37.454454224116716,55.74417872995105,621.4600513164814 37.454772685232115,55.744182735716265,620.4721667949971 37.45509114642792,55.74418674065638,620.4721667949971 37.4554096077041,55.74419074477141,620.2649600689228 37.455728069060655,55.744194748061346,620.8820789043721 37.45604653049756,55.74419875052619,620.8820789043721 37.45636499201479,55.74420275216594,622.5113513653096 37.45668345361236,55.74420675298062,624.0949237530049 37.45700191529021,55.7442107529702,624.0949237530049 37.457320377048354,55.74421475213466,624.0041797344502 37.45763883888678,55.74421875047406,623.3064716045674 37.45795730080544,55.744222747988346,623.3064716045674 37.45827576280435,55.744226744677555,622.6775806133564 37.45859422488347,55.74423074054166,621.8371265117939 37.4589126870428,55.74423473558067,621.8371265117939 37.45923114928232,55.744238729794596,621.1610248272236 37.459549611602,55.74424272318342,620.7009265606221 37.45986807400184,55.744246715747146,620.7009265606221 37.460186536481814,55.74425070748578,619.8452670757588 37.46050499904191,55.74425469839932,619.9542300884541 37.460823461682104,55.74425868848775,619.9542300884541 37.46114192440239,55.74426267775109,619.2391803448018 37.46146038720274,55.74426666618935,618.5436008159932 37.46177885008316,55.74427065380249,618.5436008159932 37.46209731304361,55.744274640590525,618.0459430401143 37.46241577608408,55.74427862655347,618.0822131817158 37.46273423920456,55.744282611691325,618.0822131817158 37.463052702405015,55.744286596004066,618.0546252910908 37.46337116568546,55.74429057949172,618.422461289626 37.46368962904584,55.74429456215426,618.422461289626 37.464008092486175,55.744298543991704,618.737776536208 37.46432655600643,55.744302525004045,618.67125584529 37.46464501960658,55.74430650519128,618.67125584529 37.464963483286624,55.74431048455342,618.7934787456807 37.46528194704654,55.74431446309045,618.7590243999775 37.465600410886324,55.74431844080239,618.7590243999775 37.46591887480593,55.74432241768921,617.8261096660908 37.466237338805364,55.74432639375093,616.2748477642353 37.466555802884606,55.74433036898754,616.2748477642353 37.46687426704364,55.74433434339906,614.8076923076924 37.467192731282445,55.744338316985456,614.8076923076924 37.46751119560101,55.744342289746754,614.8076923076924 37.46782965999931,55.74434626168294,614.8076923076924 37.46814812447734,55.744350232794034,614.8076923076924 37.46846658903507,55.74435420308001,614.8076923076924 37.4687850536725,55.74435817254088,615.1727740948018 37.469103518389595,55.74436214117664,619.546973008376 37.46942198318635,55.74436610898729,619.546973008376 37.469740448062744,55.74437007597284,631.4189746563252 37.47005891301877,55.74437404213326,642.6519458477314 37.470377378054394,55.74437800746858,642.6519458477314 37.47069584316961,55.7443819719788,646.5385730449971 37.47101430836441,55.744385935663885,645.0642078106221 37.47133277363876,55.74438989852387,645.0642078106221 37.471651238992656,55.74439386055875,644.2070300762471 37.47196970442607,55.744397821768516,649.255354661208 37.472288169939,55.74440178215317,649.255354661208 37.47260663553142,55.7444057417127,656.8468463604268 37.47292510120332,55.744409700447115,661.1422107403096 37.47324356695468,55.744413658356436,661.1422107403096 37.47356203278547,55.744417615440625,664.3794238750752 37.4738804986957,55.744421571699704,667.1011798565205 37.47419896468533,55.74442552713366,667.1011798565205 37.474517430754354,55.744429481742515,667.0724017803486 37.47483589690275,55.74443343552623,666.3439624492939 37.47515436313052,55.74443738848485,666.3439624492939 37.47547282943763,55.744441340618344,665.2879016582783 37.47579129582406,55.74444529192672,664.7760608379658 37.4761097622898,55.74444924240998,664.7760608379658 37.476428228834834,55.744453192068114,663.4064166729268 37.47674669545915,55.74445714090113,662.8544299785908 37.477065162162724,55.74446108890904,662.8544299785908 37.47738362894554,55.74446503609182,663.2626941387471 37.47770209580759,55.744468982449476,662.788801926833 37.47802056274884,55.74447292798202,662.788801926833 37.478339029769295,55.74447687268944,665.3189990703877 37.47865749686892,55.74448081657173,667.3038776104268 37.47897596404771,55.744484759628904,667.3038776104268 37.47929443130565,55.744488701860966,665.9964282696064 37.47961289864271,55.74449264326788,663.3824145977314 37.479931366058885,55.74449658384968,663.3824145977314 37.480249833554154,55.74450052360637,663.5145862285908 37.48056830112851,55.74450446253792,665.0030811016377 37.480886768781914,55.74450840064436,665.0030811016377 37.48120523651438,55.74451233792566,666.2434070293721 37.48152370432586,55.744516274381844,664.0936114971455 37.48184217221636,55.744520210012894,664.0936114971455 37.48216064018586,55.74452414481881,658.0968768780049 37.48247910823433,55.74452807879962,656.3319232647236 37.48279757636177,55.74453201195529,656.3319232647236 37.48311604456815,55.74453594428583,657.8640582744893 37.483434512853464,55.74453987579125,657.3204486553486 37.48375298121769,55.74454380647153,657.3204486553486 37.48407144966082,55.744547736326695,654.1349628155049 37.48438991818282,55.744551665356724,649.7920673076924 37.48470838678369,55.744555593561614,649.7920673076924 37.4850268554634,55.74455952094138,640.8773486797627 37.485345324221946,55.744563447496006,638.8403003399189 37.48566379305931,55.744567373225514,638.8403003399189 37.485982261975465,55.74457129812988,638.4323413555439 37.486300730970406,55.74457522220912,639.0620715801533 37.48661920004411,55.74457914546323,639.0620715801533 37.48693766919656,55.7445830678922,639.8701770489033 37.48725613842774,55.74458698949604,639.0760638897236 37.487574607737635,55.74459091027475,639.0760638897236 37.48789307712624,55.744594830228316,640.591536301833 37.48821154659351,55.74459874935676,640.6701190655049 37.48853001613946,55.74460266766005,640.6701190655049 37.488848485764045,55.744606585138214,639.9302051250752 37.48916695546727,55.74461050179124,639.9874255840596 37.48948542524911,55.74461441761913,639.9874255840596 37.489803895109546,55.74461833262189,635.8950183574971 37.49012236504856,55.7446222467995,633.4166858379658 37.49044083506616,55.744626160151974,633.4166858379658 37.49075930516229,55.74463007267932,631.2124774639424 37.49107777533696,55.74463398438153,632.1129138653096 37.49139624559015,55.74463789525857,632.1129138653096 37.49171471592184,55.74464180531049,631.1242053692158 37.492033186332,55.74464571453727,632.9844653789814 37.49235165682064,55.744649622938915,632.9844653789814 37.492670127387726,55.744653530515414,633.872542161208 37.49298859803324,55.74465743726678,634.8298633282002 37.49330706875719,55.74466134319297,634.8298633282002 37.493625539559524,55.744665248294055,638.7032001201924 37.49394401044024,55.74466915256999,640.3399188701924 37.49426248139933,55.74467305602076,640.3399188701924 37.49458095243678,55.74467695864641,641.7078845684346 37.494899423552546,55.744680860446906,639.5271136944111 37.495217894746645,55.74468476142226,639.5271136944111 37.49553636601904,55.744688661572475,636.8355853740986 37.49585483736972,55.74469256089754,639.0923145000752 37.49617330879867,55.744696459397446,639.0923145000752 37.49649178030587,55.744700357072226,639.9369037334736 37.496810251891304,55.74470425392183,635.2772205059346 37.49712872355496,55.74470814994632,635.2772205059346 37.497447195296814,55.74471204514564,632.8625018780049 37.49776566711686,55.74471593951982,635.6514270489033 37.49808413901507,55.74471983306886,635.6514270489033 37.498402610991434,55.74472372579274,634.542952317458 37.49872108304593,55.74472761769147,634.923079270583 37.499039555178555,55.74473150876505,634.923079270583 37.49935802738928,55.74473539901347,635.2014301006611 37.49967649967809,55.74473928843676,635.6705157940205 37.499994972044966,55.7447431770349,635.6705157940205 37.5003134444899,55.74474706480787,634.0876758282002 37.50063191701287,55.74475095175569,629.8749530498799 37.500950389613855,55.74475483787837,629.8749530498799 37.50126886229285,55.74475872317589,627.5949390117939 37.501587335049834,55.74476260764826,627.6987750713643 37.50190580788478,55.74476649129547,627.6987750713643 37.502224280797684,55.74477037411753,629.1812274639424 37.50254275378853,55.74477425611443,629.0092761699971 37.5028612268573,55.74477813728619,629.0092761699971 37.50317970000396,55.74478201763277,625.5789325420674 37.50349817322852,55.744785897154216,623.2093799297627 37.50381664653095,55.7447897758505,623.2093799297627 37.50413511991123,55.74479365372163,622.9212176983174 37.504453593369355,55.74479753076759,624.1208484356221 37.504772066905296,55.7448014069884,624.1208484356221 37.50509054051905,55.74480528238405,626.7964313213643 37.505409014210585,55.74480915695454,627.1337878887471 37.50572748797989,55.74481303069987,627.1337878887471 37.50604596182696,55.744816903620055,630.9502704326924 37.50636443575177,55.74482077571507,633.8982227032002 37.506682909754296,55.74482464698492,633.8982227032002 37.50700138383452,55.74482851742961,633.0891559307393 37.50731985799245,55.74483238704914,634.3475635235127 37.50763833222805,55.744836255843516,634.3475635235127 37.507956806541294,55.744840123812715,633.9588611309346 37.50827528093219,55.74484399095677,634.2976978008564 37.5085937554007,55.744847857275644,634.2976978008564 37.50891222994682,55.74485172276937,633.2097613994893 37.50923070457054,55.744855587437925,631.9552295391377 37.50954917927183,55.744859451281314,631.9552295391377 37.50986765405067,55.74486331429954,631.7147967998799 37.51018612890705,55.7448671764926,630.8410022442158 37.51050460384097,55.74487103786049,630.8410022442158 37.51082307885238,55.74487489840322,630.9273059551533 37.51114155394129,55.744878758120784,631.4066302959736 37.511460029107674,55.744882617013175,631.4066302959736 37.51177850435151,55.74488647508041,631.7568347637471 37.51209697967279,55.74489033232247,632.7825305645283 37.5124154550715,55.744894188739366,632.7825305645283 37.51273393054761,55.744898044331094,633.139632004958 37.51305240610112,55.744901899097655,632.8321063701924 37.513370881732,55.74490575303904,632.8321063701924 37.51368935744024,55.74490960615526,630.1923206035908 37.514007833225826,55.744913458446305,627.0987537090596 37.51432630908874,55.744917309912175,627.0987537090596 37.51464478502895,55.744921160552884,625.5996692364033 37.51496326104646,55.74492501036842,626.2645251934346 37.51528173714125,55.74492885935879,626.2645251934346 37.5156002133133,55.74493270752396,627.1166980449971 37.51591868956259,55.744936554863976,627.9650409405049 37.5162371658891,55.74494040137883,627.9650409405049 37.51655564229283,55.74494424706848,627.3220355694111 37.51687411877374,55.74494809193299,628.552473801833 37.51719259533184,55.744951935972296,628.552473801833 37.51751107196709,55.744955779186455,629.9417560283955 37.517829548679494,55.744959621575426,630.4221637432393 37.518148025469024,55.744963463139214,630.4221637432393 37.518466502335656,55.74496730387783,631.7628009502705 37.51878497927939,55.74497114379127,633.4323108379658 37.51910345630019,55.74497498287953,633.4323108379658 37.51942193339807,55.74497882114262,629.3854968731221 37.519740410572986,55.74498265858053,626.8621204082783 37.52005888782492,55.74498649519325,626.8621204082783 37.520377365153884,55.744990330980805,629.0438831035908 37.52069584255983,55.744994165943176,627.4669482891377 37.52101432004276,55.74499800008037,627.4669482891377 37.521332797602646,55.74500183339238,627.1799762432393 37.52165127523948,55.745005665879205,625.4524676983174 37.52196975295325,55.74500949754085,625.4524676983174 37.52228823074392,55.745013328377325,622.0976855938252 37.52260670861149,55.74501715838861,621.1823108379658 37.52292518655594,55.74502098757472,621.1823108379658 37.52324366457725,55.745024815935636,621.8435504619893 37.52356214267541,55.745028643471386,621.7171466533955 37.5238806208504,55.74503247018193,621.7171466533955 37.5241990991022,55.74503629606731,614.5691363994893 37.52451757743079,55.745040121127495,613.8076923076924 37.524836055836175,55.74504394536249,613.8076923076924 37.52515453431832,55.7450477687723,613.8076923076924 37.52547301287721,55.745051591356926,613.8076923076924 37.52579149151283,55.745055413116376,613.8076923076924 37.52610997022516,55.74505923405063,613.8076923076924 37.52642844901418,55.7450630541597,613.8076923076924 37.52674692787989,55.745066873443584,613.8076923076924 37.52706540682227,55.74507069190229,613.8076923076924 37.52738388584129,55.74507450953579,613.8076923076924 37.527702364936935,55.74507832634411,613.8076923076924 37.52802084410921,55.74508214232724,613.8076923076924 37.52833932335807,55.745085957485166,614.9256808941182 37.52865780268351,55.745089771817916,614.9256808941182 37.52897628208552,55.74509358532548,616.6990192119893 37.52929476156409,55.74509739800784,617.700423020583 37.52961324111918,55.74510120986503,617.700423020583 37.52993172075078,55.745105020897,618.8396747295674 37.53025020045889,55.7451088311038,620.7056720440205 37.530568680243476,55.745112640485395,620.7056720440205 37.53088716010453,55.7451164490418,622.7186420147236 37.531205640042025,55.74512025677302,623.091536301833 37.53152412005596,55.74512406367903,623.091536301833 37.53184260014631,55.74512786975986,619.5512988750752 37.53216108031306,55.74513167501549,621.106184739333 37.53247956055619,55.745135479445935,621.106184739333 37.53279804087569,55.74513928305117,625.500715989333 37.53311652127154,55.7451430858312,626.9353473369893 37.53343500174372,55.745146887786056,626.9353473369893 37.53375348229222,55.74515068891571,626.0194690410908 37.53407196291702,55.74515448922016,617.3274448101338 37.5343904436181,55.74515828869942,617.3274448101338 37.534708924395446,55.74516208735347,616.5108020489033 37.53502740524905,55.74516588518234,615.2346484844502 37.53534588617888,55.745169682185995,615.2346484844502 37.535664367184935,55.74517347836446,613.8076923076924 37.53598284826719,55.745177273717715,613.8076923076924 37.536301329425626,55.745181068245785,613.8076923076924 37.536619810660234,55.74518486194864,613.8076923076924 37.53693829197098,55.7451886548263,613.8076923076924 37.537256773357875,55.745192446878754,613.8076923076924 37.53757525482089,55.74519623810602,613.8076923076924 37.53789373636,55.74520002850806,613.8076923076924 37.53821221797519,55.74520381808491,613.8076923076924 37.53853069966645,55.745207606836566,613.8076923076924 37.53884918143377,55.745211394763004,613.8076923076924 37.53916766327713,55.745215181864246,613.8076923076924 37.5394861451965,55.74521896814028,613.8076923076924 37.53980462719187,55.7452227535911,613.8076923076924 37.540123109263234,55.745226538216734,613.8076923076924 37.54044159141056,55.74523032201715,613.8076923076924 37.54076007363384,55.74523410499236,613.8076923076924 37.54107855593306,55.74523788714237,613.8076923076924 37.5413970383082,55.745241668467166,613.8076923076924 37.54171552075924,55.74524544896676,615.3453509990986 37.54203400328616,55.74524922864115,615.3453509990986 37.54235248588896,55.74525300749032,618.0015399639424 37.54267096856761,55.74525678551429,620.892317551833 37.5429894513221,55.745260562713035,620.892317551833 37.54330793415241,55.745264339086596,624.2642047588643 37.543626417058526,55.745268114634925,626.7261493389424 37.54394490004043,55.745271889358065,626.7261493389424 37.5442633830981,55.74527566325598,628.7046497051533 37.54458186623152,55.74527943632868,629.3220966045674 37.54490034944068,55.74528320857618,629.3220966045674 37.545218832725574,55.745286979998454,629.7775867168721 37.54553731608616,55.745290750595515,631.9422900860127 37.545855799522435,55.74529452036739,631.9422900860127 37.54617428303438,55.74529828931402,632.2405383770283 37.54649276662199,55.74530205743545,630.3912341778096 37.54681125028523,55.745305824731666,630.3912341778096 37.5471297340241,55.74530959120267,630.2253558819111 37.547448217838564,55.745313356848456,631.2499377910908 37.54776670172863,55.74531712166903,631.2499377910908 37.548085185694255,55.745320885664384,631.1260822002705 37.54840366973544,55.74532464883452,630.4182269756611 37.548722153852175,55.74532841117944,630.4182269756611 37.549040638044424,55.74533217269914,629.6054217998799 37.549359122312175,55.74533593339363,628.9554126446064 37.54967760665542,55.74533969326289,628.9554126446064 37.54999609107414,55.745343452306955,628.158430833083 37.550314575568315,55.74534721052578,629.6434467022236 37.55063306013793,55.74535096791939,629.6434467022236 37.55095154478297,55.74535472448779,632.8484943096455 37.551270029503414,55.745358480230955,633.9105060283955 37.55158851429925,55.74536223514891,633.9105060283955 37.551906999170455,55.745365989241634,632.3628070537861 37.552225484117024,55.74536974250915,632.0768726055439 37.55254396913893,55.745373494951444,632.0768726055439 37.55286245423616,55.7453772465685,632.4416797344502 37.553180939408705,55.74538099736034,633.7688739483174 37.553499424656536,55.74538474732696,633.7688739483174 37.55381790997964,55.745388496468365,631.1306140606221 37.554136395378,55.74539224478454,632.2519672100361 37.55445488085161,55.74539599227548,632.2519672100361 37.55477336640044,55.7453997389412,631.7436664287861 37.555091852024475,55.745403484781704,631.2071521465596 37.55541033772371,55.745407229796974,631.2071521465596 37.555728823498114,55.74541097398702,630.9936206524189 37.556047309347676,55.74541471735185,632.4509265606221 37.556365795272384,55.74541845989144,632.4509265606221 37.55668428127222,55.7454222016058,633.1844623272236 37.55700276734716,55.74542594249495,631.2561938946064 37.557321253497186,55.74542968255886,631.2561938946064 37.557639739722305,55.74543342179754,625.9663684551533 37.55795822602247,55.745437160211,626.6063220684346 37.558276712397685,55.74544089779922,626.6063220684346 37.558595198847925,55.74544463456221,628.3351428692158 37.55891368537318,55.74544837049997,626.544661301833 37.55923217197341,55.745452105612515,626.544661301833 37.55955065864864,55.74545583989982,627.0935199444111 37.55986914539882,55.745459573361885,629.9849231426533 37.56018763222394,55.74546330599871,629.9849231426533 37.56050611912399,55.745467037810336,631.5389087383564 37.560824606098954,55.74547076879671,629.6435229961689 37.56114309314881,55.74547449895785,629.6435229961689 37.561461580273544,55.74547822829375,626.8050983135518 37.56178006747314,55.74548195680442,626.0106494610127 37.56209855474758,55.745485684489864,626.0106494610127 37.56241704209684,55.74548941135007,626.2346637432393 37.562735529520914,55.74549313738503,625.9730670635518 37.56305401701979,55.74549686259478,625.9730670635518 37.563372504593445,55.745500586979276,623.7888629619893 37.56369099224186,55.745504310538536,621.9751117412861 37.564009479965016,55.745508033272564,621.9751117412861 37.5643279677629,55.74551175518135,622.2842395489033 37.5646464556355,55.745515476264906,621.8467548076924 37.564964943582794,55.745519196523205,621.8467548076924 37.56528343160477,55.745522915956286,620.493635911208 37.56560191970141,55.745526634564115,619.2395236675557 37.56592040787269,55.74553035234671,619.2395236675557 37.5662388961186,55.74553406930407,618.3202274029072 37.56655738443912,55.74553778543619,618.8531558697041 37.566875872834245,55.74554150074306,618.8531558697041 37.56719436130395,55.745545215224695,619.2688281719502 37.567512849848214,55.745548928881085,619.6753986065205 37.56783133846702,55.745552641712244,619.6753986065205 37.56814982716036,55.74555635371814,618.7167651836689 37.56846831592822,55.74556006489882,617.9808032696064 37.56878680477057,55.74556377525423,617.9808032696064 37.5691052936874,55.74556748478442,619.1182468120869 37.5694237826787,55.745571193489354,620.0980899517353 37.569742271744445,55.74557490136904,620.0980899517353 37.570060760884616,55.745578608423486,619.8779285137471 37.5703792500992,55.74558231465269,620.8873889629658 37.57069773938819,55.745586020056635,620.8873889629658 37.57101622875156,55.745589724635344,620.7681720440205 37.57133471818929,55.745593428388815,620.9810474102314 37.571653207701374,55.745597131317034,620.9810474102314 37.571971697287786,55.745600833420006,620.3460529033955 37.572290186948514,55.745604534697726,621.1746356670674 37.572608676683544,55.74560823515019,621.1746356670674 37.57292716649285,55.745611934777415,619.7852924053486 37.57324565637642,55.74561563357939,613.5424945537861 37.57356414633425,55.745619331556135,613.5424945537861 37.5738826363663,55.7456230287076,613.3076923076924 37.57420112647257,55.74562672503383,613.3076923076924 37.57451961665304,55.7456304205348,613.3076923076924 37.5748381069077,55.74563411521053,613.3076923076924 37.575156597236514,55.74563780906101,613.3076923076924 37.57547508763948,55.74564150208623,613.3076923076924 37.57579357811658,55.7456451942862,613.4913013164814 37.576112068667804,55.74564888566092,622.5892627422627 37.57643055929313,55.74565257621038,622.5892627422627 37.57674904999252,55.74565626593459,626.7253711407002 37.577067540765995,55.745659954833556,626.0206287090596 37.577386031613514,55.74566364290725,626.0206287090596 37.577704522535065,55.7456673301557,627.1623218242939 37.57802301353064,55.745671016578896,628.8000018780049 37.57834150460021,55.745674702176835,628.8000018780049 37.57865999574376,55.745678386949514,629.5230701153096 37.57897848696129,55.74568207089694,633.1185443584736 37.57929697825276,55.745685754019114,633.1185443584736 37.579615469618176,55.74568943631603,634.6824329082783 37.5799339610575,55.74569311778768,635.5089557354268 37.58025245257073,55.74569679843407,635.5089557354268 37.58057094415784,55.745700478255216,636.1229541485127 37.580889435818825,55.7457041572511,635.6639850323018 37.581207927553656,55.74570783542171,635.6639850323018 37.581526419362326,55.74571151276707,636.4843127910908 37.581844911244815,55.745715189287175,636.0444476787861 37.58216340320111,55.74571886498202,636.0444476787861 37.58248189523118,55.7457225398516,634.1583850567158 37.58280038733503,55.745726213895914,633.5859515850361 37.583118879512625,55.745729887114976,633.5859515850361 37.58343737176396,55.745733559508764,634.8355701153096 37.58375586408901,55.7457372310773,639.7465045635518 37.58407435648777,55.745740901820575,639.7465045635518 37.58439284896021,55.74574457173857,645.9698627178486 37.58471134150632,55.74574824083131,648.4813983623799 37.58502983412609,55.74575190909879,648.4813983623799 37.58534832681949,55.74575557654101,645.0769488994893 37.585666819586514,55.74575924315795,640.2184131328877 37.58598531242714,55.74576290894964,640.2184131328877 37.58630380534135,55.74576657391605,639.8830707256611 37.58662229832914,55.7457702380572,638.6090228740986 37.586940791390475,55.745773901373084,638.6090228740986 37.58725928452535,55.74577756386371,636.9376971905049 37.58757777773375,55.74578122552905,635.9150684063252 37.58789627101565,55.745784886369144,635.9150684063252 37.588214764371045,55.74578854638395,633.9436481182393 37.5885332577999,55.7457922055735,635.3354022686299 37.58885175130222,55.74579586393777,635.3354022686299 37.58917024487797,55.74579952147678,635.4639880840596 37.589488738527145,55.74580317819051,635.1516254131611 37.589807232249726,55.74580683407899,635.1516254131611 37.59012572604569,55.74581048914219,634.2398669903096 37.590444219915035,55.74581414338011,636.0861957256611 37.590762713857735,55.745817796792764,636.0861957256611 37.59108120787376,55.745821449380145,634.7117145244893 37.59139970196313,55.74582510114225,636.5839832012471 37.59171819612579,55.7458287520791,636.5839832012471 37.59203669036174,55.74583240219066,641.2950427715596 37.59235518467097,55.74583605147694,639.4988696758564 37.59267367905345,55.74583969993796,639.4988696758564 37.592992173509174,55.7458433475737,636.9567096416768 37.59331066803812,55.74584699438416,639.5645129864033 37.593629162640276,55.74585064036936,639.5645129864033 37.59394765731561,55.745854285529276,640.2512958233174 37.59426615206413,55.74585792986391,636.9264056865986 37.5945846468858,55.74586157337328,636.9264056865986 37.59490314178061,55.74586521605737,635.5520160381611 37.595221636748555,55.74586885791618,637.9277942364033 37.59554013178959,55.745872498949716,637.9277942364033 37.595858626903734,55.745876139157964,637.5000903789814 37.59617712209094,55.74587977854093,637.1938007061299 37.5964956173512,55.74588341709864,637.1938007061299 37.59681411268451,55.74588705483105,637.0477283184346 37.597132608090845,55.7458906917382,635.3448016826924 37.59745110357018,55.745894327820054,635.3448016826924 37.59776959912252,55.74589796307663,636.2464740459736 37.59808809474782,55.745901597507924,635.8614490215596 37.59840659044609,55.74590523111393,635.8614490215596 37.5987250862173,55.74590886389467,632.9908740703877 37.599043582061434,55.74591249585013,630.290022629958 37.59936207797847,55.7459161269803,630.290022629958 37.599680573968406,55.74591975728518,628.6217639629658 37.59999907003121,55.74592338676479,629.1556995098408 37.600317566166886,55.745927015419106,629.1556995098408 37.60063606237539,55.74593064324813,630.9774005596455 37.60095455865674,55.74593427025189,632.789290208083 37.60127305501088,55.745937896430355,632.789290208083 37.601591551437814,55.74594152178353,632.8156879131611 37.60191004793754,55.745945146311435,632.8538348858174 37.602228544510005,55.74594877001404,632.8538348858174 37.602547041155226,55.745952392891354,632.3973224346455 37.60286553787318,55.74595601494339,635.3121936504658 37.60318403466383,55.74595963617015,635.3121936504658 37.603502531527184,55.7459632565716,639.2859485332783 37.603821028463216,55.74596687614777,637.0679614727314 37.6041395254719,55.74597049489866,637.0679614727314 37.60445802255323,55.74597411282425,632.0860278789814 37.60477651970719,55.74597772992455,626.6179797832783 37.60509501693376,55.745981346199564,626.6179797832783 37.60541351423293,55.745984961649285,626.3902576153096 37.60573201160467,55.74598857627373,624.4902942364033 37.60605050904897,55.74599219007287,624.4902942364033 37.60636900656582,55.74599580304672,624.8275287334736 37.6066875041552,55.74599941519528,624.2054889385518 37.60700600181708,55.74600302651855,624.2054889385518 37.607324499551474,55.74600663701652,625.1497790996846 37.60764299735833,55.7460102466892,627.4734637920674 37.60796149523765,55.74601385553659,627.4734637920674 37.60827999318943,55.74601746355869,629.8548724834736 37.60859849121362,55.74602107075549,624.4260394756611 37.60830484311065,55.74595160060778,629.8548724834736 37.60801119606089,55.745882129763,621.3285052959736 37.60771755006435,55.74581265822117,621.3285052959736 37.60742390512103,55.745743185982256,621.2683093731221 37.60713026123096,55.7456737130463,621.2683093731221 37.60683661839411,55.74560423941329,619.8970096294697 37.606542976610505,55.745534765083256,619.9139239971455 37.60624933588016,55.74546529005614,619.9139239971455 37.60595569620307,55.74539581433202,620.9421374981221 37.60566205757924,55.74532633791087,627.152571458083 37.60536842000868,55.74525686079269,627.6240527813252 37.605074783491396,55.7451873829775,629.1013782207783 37.60478114802739,55.7451179044653,629.1013782207783 37.60448751361667,55.74504842525607,626.0043170635518 37.604193880259245,55.74497894534987,626.8872821514424 37.60390024795512,55.744909464746655,626.8872821514424 37.6036066167043,55.74483998344647,626.6283557598408 37.603312986506786,55.74477050144928,625.447737473708 37.60301935736259,55.74470101875513,625.0933215801533 37.60272572927172,55.74463153536399,625.0914600078877 37.602432102234175,55.74456205127589,625.0914600078877 37.60213847624997,55.74449256649083,624.1011493389424 37.6018448513191,55.744423081008804,623.4185321514424 37.60155122744158,55.74435359482983,623.4185321514424 37.60125760461741,55.74428410795394,623.9067828838643 37.6009639828466,55.74421462038107,627.7792957012471 37.60067036212916,55.744145132111285,628.7938983623799 37.60037674246509,55.74407564314457,628.9539020244893 37.60008312385439,55.74400615348093,628.9539020244893 37.59978950629708,55.74393666312037,631.1334674541768 37.599495889793154,55.7438671720629,631.1334674541768 37.59920227434262,55.74379768030853,631.6799762432393 37.598908659945494,55.74372818785725,632.3274524395283 37.59861504660177,55.74365869470907,634.1049945537861 37.598321434311465,55.74358920086401,633.2012012188252 37.598027823074574,55.74351970632205,633.790022629958 37.597734212891105,55.74345021108323,633.790022629958 37.59744060376108,55.74338071514752,634.5304248516377 37.597146995684476,55.74331121851495,634.5304248516377 37.59685338866132,55.74324172118552,636.1236560528096 37.596559782691614,55.743172223159235,636.4765002910908 37.59626617777537,55.74310272443609,636.4765002910908 37.595972573912576,55.7430332250161,635.0147845928486 37.595678971103254,55.74296372489927,634.6159351055439 37.595385369347404,55.742894224085596,634.6159351055439 37.59509176864504,55.742824722575115,636.1817920391377 37.59479816899615,55.74275522036779,634.0848071758564 37.59450457040076,55.74268571746365,634.611067551833 37.59421097285886,55.742616213862696,633.8290546123799 37.59391737637047,55.74254670956495,633.8290546123799 37.59362378093558,55.74247720457038,634.5216052715596 37.59333018655422,55.74240769887903,634.2311694805439 37.593036593226365,55.74233819249088,634.2311694805439 37.59274300095205,55.74226868540595,637.1336047832783 37.59244940973126,55.74219917762423,636.115462083083 37.592155819564006,55.74212966914574,640.5718982403096 37.5918622304503,55.74206015997048,639.3745410625752 37.59156864239015,55.741990650098465,639.3745410625752 37.591275055383555,55.74192113952968,638.9975269024189 37.590981469430524,55.74185162826415,638.9975269024189 37.59068788453106,55.74178211630188,639.374983567458 37.59039430068517,55.74171260364285,642.5545184795674 37.59010071789286,55.74164309028709,641.1819598858174 37.58980713615414,55.74157357623461,642.321272629958 37.58951355546901,55.7415040614854,643.7824237530049 37.58921997583749,55.74143454603947,643.7824237530049 37.58892639725957,55.74136502989682,640.9946277324971 37.58863281973525,55.74129551305748,640.9946277324971 37.588339243264556,55.741225995521404,639.6656329815205 37.58804566784749,55.74115647728866,638.1399371807393 37.58775209348405,55.74108695835921,638.1298511211689 37.58745852017424,55.74101743873309,634.6212146465596 37.587164947918076,55.740947918410264,634.516585129958 37.58687137671556,55.74087839739078,634.516585129958 37.58657780656669,55.74080887567463,638.2335345928486 37.58628423747148,55.74073935326181,638.2335345928486 37.58599066942994,55.74066983015233,637.0059344951924 37.58569710244207,55.74060030634619,633.7379901592549 37.585403536507876,55.7405307818434,633.3926837627705 37.58510997162737,55.74046125664398,632.2934863750752 37.584816407800545,55.740391730747916,632.2934863750752 37.58452284502742,55.74032220415522,631.8809344951924 37.584229283308,55.74025267686592,636.7967975323018 37.58393572264228,55.740183148879964,636.7967975323018 37.58364216303028,55.740113620197405,635.0130298321064 37.58334860447199,55.740044090818245,633.2510059063252 37.583055046967424,55.73997456074248,631.4778278057393 37.582761490516596,55.73990502997011,632.1404712383564 37.5824679351195,55.739835498501165,632.1404712383564 37.58217438077616,55.73976596633561,635.9006335918721 37.58188082748656,55.73969643347348,633.5936420147236 37.58158727525072,55.73962689991478,633.5936420147236 37.58129372406863,55.7395573656595,637.5911243145283 37.58100017394032,55.739487830707674,637.5123737041768 37.580706624865776,55.73941829505928,637.5123737041768 37.580413076845005,55.739348758714314,634.792464036208 37.580119529878026,55.73927922167283,634.792464036208 37.57982598396484,55.739209683934774,637.2365253155049 37.57953243910545,55.739140145500194,637.0746295635518 37.579238895299866,55.739070606369076,637.1272113506611 37.57894535254809,55.73900106654144,634.9833972637471 37.57865181085012,55.738931526017275,634.9833972637471 37.578358270205975,55.73886198479661,636.2426440899189 37.57806473061566,55.73879244287941,634.383284348708 37.57777119207918,55.73872290026573,634.383284348708 37.577477654596535,55.738653356955524,634.8001697246846 37.57718411816774,55.73858381294885,635.6584003155049 37.576890582792785,55.73851426824567,636.5738055889424 37.5765970484717,55.73844472284602,635.2923724834736 37.57630351520447,55.73837517674989,635.2923724834736 37.57600998299112,55.73830562995728,632.5835254375752 37.57571645183163,55.73823608246822,635.8855884258564 37.57542292172602,55.73816653428268,635.8855884258564 37.57512939267431,55.7380969854007,632.5219104473408 37.57483586467649,55.73802743582227,631.6168658916768 37.57454233773257,55.737957885547395,633.8418567364033 37.574248811842544,55.737888334576084,634.5709216778096 37.573955287006434,55.737818782908334,634.5709216778096 37.57366176322425,55.73774923054415,633.7072742168721 37.573368240495974,55.73767967748356,634.9572742168721 37.57307471882164,55.73761012372654,634.9572742168721 37.572781198201234,55.73754056927312,634.1528461162861 37.57248767863477,55.73747101412329,633.2194202129658 37.57219416012225,55.73740145827706,632.8592975323018 37.57190064266369,55.73733190173443,632.7050922100361 37.57160712625908,55.73726234449541,632.7050922100361 37.57131361090844,55.737192786560016,631.4293811504658 37.57102009661177,55.737123227928244,630.7141559307393 37.57072658336908,55.7370536686001,630.7141559307393 37.57043307118037,55.736984108575605,627.4717090313252 37.57013956004565,55.73691454785472,627.4717090313252 37.56984604996492,55.73684498643749,631.3865649883564 37.5695525409382,55.736775424323895,626.2947833721455 37.569259032965476,55.736705861513975,626.2947833721455 37.56896552604677,55.73663629800771,620.2445743267353 37.568672020182085,55.73656673380512,621.2684009258564 37.568378515371414,55.7364971689062,621.2684009258564 37.568085011614784,55.73642760331094,618.0391528789814 37.56779150891219,55.73635803701937,618.0391528789814 37.56749800726363,55.736288470031496,617.5383975689228 37.56720450666913,55.73621890234732,615.1537463848408 37.566911007128674,55.73614933396684,615.1537463848408 37.56661750864229,55.73607976489006,613.3076923076924 37.566324011209964,55.73601019511699,613.3076923076924 37.566030514831716,55.73594062464763,613.3076923076924 37.565737019507544,55.735871053482,613.3076923076924 37.565443525237455,55.7358014816201,613.3076923076924 37.56515003202146,55.735731909061926,613.3076923076924 37.564856539859555,55.73566233580749,613.3076923076924 37.56456304875176,55.735592761856815,613.3076923076924 37.56426955869807,55.735523187209864,613.3076923076924 37.56397606969849,55.73545361186668,613.3076923076924 37.563682581753035,55.735384035827245,613.3076923076924 37.563389094861705,55.7353144590916,613.3076923076924 37.56309560902451,55.7352448816597,613.3076923076924 37.56280212424145,55.7351753035316,613.3468768780049 37.56250864051253,55.73510572470727,613.3076923076924 37.56221515783777,55.735036145186726,613.3076923076924 37.56192167621716,55.73496656496999,613.3717715923603 37.56162819565072,55.734896984057016,613.3717715923603 37.56133471613844,55.73482740244788,613.3573444073018 37.561041237680335,55.734757820142526,614.2964542095478 37.56074776027641,55.73468823714102,614.2964542095478 37.56045428392668,55.73461865344332,617.5768344585713 37.56016080863113,55.734549069049436,617.0982654278096 37.559867334389786,55.7344794839594,617.0982654278096 37.559573861202644,55.7344098981732,618.0475757305439 37.55928038906971,55.73434031169083,618.0475757305439 37.558986917990985,55.734270724512314,618.5591724102314 37.5586934479665,55.73420113663766,618.6592700664814 37.55839997899623,55.734131548066856,618.6592700664814 37.5581065110802,55.73406195879991,619.9889362041768 37.5578130442184,55.73399236883686,618.1035449688252 37.557519578410854,55.73392277817765,619.4266345684346 37.55722611365756,55.733853186822344,621.7748248760518 37.55693264995852,55.73378359477093,621.7748248760518 37.55663918731375,55.733714002023405,622.4052112285908 37.55634572572325,55.733644408579764,623.7307269756611 37.55605226518701,55.73357481444003,623.7307269756611 37.55575880570507,55.73350521960421,624.0483844463643 37.55546534727741,55.73343562407232,623.3734882061299 37.555171889904045,55.733366027844326,622.8348987285908 37.55487843358498,55.73329643092028,620.7235095684346 37.55458497832022,55.73322683330013,620.7235095684346 37.55429152410977,55.73315723498395,622.6088550274189 37.55399807095364,55.7330876359717,621.359114426833 37.55370461885184,55.733018036263395,621.359114426833 37.553411167804356,55.73294843585905,620.418440598708 37.55311771781121,55.73287883475866,620.2784717266377 37.55282426887241,55.732809232962225,622.9399554912861 37.552530820987954,55.73273963046976,626.170882004958 37.55223737415786,55.73267002728129,626.170882004958 37.551943928382116,55.732600423396796,622.0186450664814 37.55165048366074,55.73253081881627,622.0186450664814 37.55135703999373,55.73246121353974,622.6197498028096 37.55106359738111,55.73239160756722,622.9566333477314 37.55077015582286,55.73232200089869,622.7638843242939 37.55047671531901,55.732252393534196,620.9673297588643 37.55018327586955,55.73218278547369,619.7962634746846 37.549889837474495,55.73211317671721,619.7962634746846 37.54959640013384,55.732043567264746,624.3637683574971 37.54930296384761,55.731973957116324,624.4270618145283 37.549009528615784,55.731904346271925,624.5030505840596 37.54871609443839,55.731834734731585,620.6369006817158 37.54842266131543,55.73176512249527,620.6369006817158 37.548129229246896,55.731695509563025,619.0668704693135 37.54783579823282,55.73162589593483,621.4931323711689 37.547542368273184,55.7315562816107,621.4931323711689 37.547248939368004,55.73148666659063,622.7207019512471 37.54695551151728,55.73141705087465,619.7263934795674 37.546662084721035,55.73134743446274,621.9809863750752 37.546368658979254,55.73127781735492,622.5611407940205 37.54607523429195,55.73120819955119,622.5611407940205 37.54578181065913,55.73113858105155,621.4254443828877 37.545488388080805,55.73106896185603,625.3428332989033 37.54519496655698,55.7309993419646,625.3428332989033 37.54490154608765,55.730929721377294,627.0568378155049 37.544608126672834,55.7308601000941,624.8674457256611 37.544314708312534,55.73079047811503,621.341048020583 37.54402129100675,55.7307208554401,617.6777026836689 37.54372787475549,55.73065123206928,617.6777026836689 37.54343445955876,55.73058160800262,619.8058993999775 37.54314104541658,55.7305119832401,619.8058993999775 37.542847632328936,55.73044235778174,622.8146350567158 37.54255422029585,55.730372731627526,623.7423541729268 37.54226080931731,55.730303104777484,621.8442828838643 37.541967399393336,55.73023347723161,620.1073749248799 37.54167399052393,55.7301638489899,620.9359882061299 37.5413805827091,55.73009422005237,620.9359882061299 37.541087175948846,55.73002459041903,623.9764545147236 37.540793770243184,55.729954960089884,623.9764545147236 37.540500365592116,55.729885329064935,625.1947314922627 37.54020696199564,55.72981569734418,624.7752978985127 37.539913559453765,55.72974606492763,628.4786670391377 37.5396201579665,55.72967643181529,624.8426654522236 37.53932675753386,55.72960679800717,624.9204089824971 37.539033358155834,55.729537163503295,624.9204089824971 37.53873995983244,55.729467528303616,620.6140887920674 37.53844656256368,55.72939789240819,620.6140887920674 37.53815316634955,55.72932825581701,620.4648730938252 37.53785977119007,55.729258618530054,622.5753009502705 37.537566377085255,55.72918898054737,621.8469836895283 37.537272984035084,55.72911934186892,622.8120715801533 37.53697959203957,55.72904970249475,622.8120715801533 37.536686201098746,55.72898006242483,626.3432147686299 37.53639281121258,55.7289104216592,629.9422443096455 37.536099422381106,55.72884078019785,629.9422443096455 37.53580603460431,55.728771138040784,630.5568072979268 37.535512647882214,55.72870149518799,629.0556781475361 37.53521926221482,55.72863185163949,632.0302417461689 37.53492587760212,55.728562207395306,630.4950854961689 37.53463249404413,55.72849256245543,630.4950854961689 37.53433911154087,55.72842291681986,632.8807513897236 37.53404573009233,55.72835327048861,631.9517047588643 37.53375234969852,55.728283623461685,633.5338733379658 37.53345897035944,55.72821397573908,636.3597705547627 37.53316559207509,55.7281443273208,638.4716327373799 37.53287221484551,55.72807467820687,638.4716327373799 37.53257883867067,55.7280050283973,636.4438770000752 37.532285463550586,55.727935377892045,636.4438770000752 37.53199208948528,55.72786572669117,635.5741565410908 37.53169871647473,55.72779607479466,636.9218738262471 37.531405344518966,55.727726422202515,637.8842151348408 37.531111973617975,55.72765676891472,637.0615527813252 37.53081860377178,55.727587114931325,637.0615527813252 37.530525234980374,55.7275174602523,635.1506488506611 37.53023186724378,55.72744780487768,633.9656970684346 37.529938500561975,55.727378148807446,633.9656970684346 37.529645134934995,55.72730849204161,630.6537616436299 37.52935177036284,55.727238834580184,628.9305560772236 37.529058406845486,55.72716917642315,628.9124286358174 37.528765044382986,55.727099517570565,629.3831927959736 37.52847168297531,55.72702985802237,629.3831927959736 37.52817832262247,55.72696019777863,633.6113422100361 37.52788496332449,55.726890536839306,633.1571643535908 37.52759160508136,55.726820875204425,633.1571643535908 37.527298247893086,55.72675121287398,632.5998523418721 37.527004891759674,55.726681549848,635.0570514385518 37.52671153668115,55.726611886126456,636.243147629958 37.52641818265749,55.726542221709394,635.8022906963643 37.526124829688726,55.726472556596775,635.8022906963643 37.52583147777484,55.726402890788655,634.4482410137471 37.525538126915855,55.726333224284986,636.3108356182393 37.525244777111766,55.726263557085815,636.3108356182393 37.52495142836259,55.726193889191116,638.0320728008564 37.524658080668324,55.72612422060092,638.0320728008564 37.52436473402898,55.72605455131522,641.3564136211689 37.524071388444554,55.72598488133405,639.2241504375752 37.52377804391507,55.72591521065736,639.2241504375752 37.52348470044052,55.72584553928519,637.4661853496846 37.52319135802091,55.72577586721754,633.5481250469502 37.52289801665625,55.725706194454446,633.5481250469502 37.522604676346546,55.72563652099585,625.6641376201924 37.52231133709181,55.7255668468418,625.6641376201924 37.52201799889203,55.725497171992295,619.8464877788838 37.52172466174723,55.72542749644733,619.9236285869893 37.521431325657396,55.725357820206945,619.9236285869893 37.52113799062256,55.72528814327111,620.7776782696064 37.520844656642716,55.72521846563981,620.4470508282002 37.52055132371786,55.725148787313124,620.4470508282002 37.52025799184801,55.72507910829099,621.1147601787861 37.51996466103317,55.72500942857344,621.1147601787861 37.519671331273344,55.72493974816049,621.9093463604268 37.51937800256854,55.724870067052116,622.846419114333 37.51908467491875,55.72480038524835,622.846419114333 37.51879134832401,55.72473070274919,625.913557786208 37.51849802278429,55.724661019554624,627.0308063213643 37.518204698299634,55.72459133566469,627.0308063213643 37.51791137487001,55.72452165107938,627.1663959209736 37.51761805249545,55.724451965798686,627.1663959209736 37.51732473117596,55.72438227982263,625.1595599834736 37.51703141091153,55.7243125931512,625.8409717266377 37.516738091702166,55.724242905784415,625.8409717266377 37.5164447735479,55.724173217722274,625.0155017559346 37.51615145644871,55.724103528964804,625.0155017559346 37.51585814040461,55.72403383951198,626.0430133526143 37.51556482541561,55.72396414936382,626.4398334209736 37.51527151148171,55.723894458520334,626.4398334209736 37.51497819860292,55.72382476698152,626.3597858135518 37.51468488677925,55.72375507474739,626.5135486309346 37.514391576010695,55.72368538181795,626.5135486309346 37.514098266297275,55.723615688193206,625.6777942364033 37.51380495763898,55.723545993873145,625.6777942364033 37.51351165003583,55.7234762988578,624.8287799541768 37.51321834348782,55.72340660314717,622.2827747051533 37.51292503799497,55.72333690674124,622.2827747051533 37.51263173355727,55.72326720964004,621.6403796856221 37.51233843017473,55.72319751184355,622.6155078594502 37.512045127847365,55.7231278133518,622.6155078594502 37.51175182657518,55.72305811416477,624.3638446514424 37.51145852635816,55.72298841428252,624.3638446514424 37.51116522719634,55.722918713704985,626.3713672344502 37.51087192908971,55.72284901243222,625.7236621563252 37.51057863203827,55.7227793104642,625.7236621563252 37.51028533604204,55.72270960780095,627.2104633037861 37.50999204110102,55.72263990444247,628.4188068096455 37.50969874721522,55.72257020038876,626.8512103740986 37.50940545438464,55.722500495639835,626.2350299541768 37.50911216260929,55.7224307901957,626.2350299541768 37.508818871889176,55.722361084056345,625.1826465313252 37.50852558222429,55.7222913772218,626.1379382793721 37.50823229361466,55.722221669692054,626.1379382793721 37.50793900606028,55.72215196146712,626.8742969219502 37.507645719561154,55.72208225254698,625.1577594463643 37.5073524341173,55.72201254293169,623.7450092022236 37.50705914972871,55.72194283262122,624.6376483623799 37.5067658663954,55.72187312161555,624.6376483623799 37.50647258411737,55.72180340991475,623.0702655498799 37.50617930289462,55.721733697518765,623.0544879619893 37.50588602272717,55.721663984427636,623.0544879619893 37.50559274361502,55.72159427064136,622.8662860576924 37.50529946555817,55.72152455615994,626.3663013164814 37.505006188556635,55.721454840983384,624.3023364727314 37.504712912610415,55.7213851251117,622.5935352032002 37.50441963771952,55.72131540854489,622.5935352032002 37.50412636388396,55.72124569128297,625.0612476055439 37.50383309110372,55.72117597332591,625.0612476055439 37.50353981937884,55.72110625467376,624.4152057354268 37.50324654870929,55.7210365353265,624.9367053692158 37.5029532790951,55.72096681528415,628.6003406231221 37.502660010536275,55.720897094546686,631.0310199444111 37.5023667430328,55.720827373114155,632.8223865215596 37.502073476584705,55.720757650986535,632.8223865215596 37.501780211191985,55.72068792816384,628.8447864239033 37.50148694685465,55.72061820464607,630.0902393047627 37.501193683572694,55.72054848043325,626.7694080059346 37.50090042134614,55.72047875552536,626.7121722881611 37.50060716017499,55.72040902992242,626.7121722881611 37.50031390005923,55.72033930362442,627.6154926006611 37.50002064099889,55.72026957663139,626.9717242901143 37.499727382993974,55.720199848943324,626.9717242901143 37.49943412604448,55.72013012056021,626.3757770244893 37.49914087015041,55.720060391482086,632.3365009014424 37.49884761531178,55.719990661708934,628.9335315410908 37.49855436152859,55.719920931240765,624.5109546367939 37.49826110880085,55.719851200077585,624.5109546367939 37.497967857128565,55.71978146821941,623.3878772442158 37.49767460651173,55.71971173566623,623.3878772442158 37.49738135695036,55.719642002418055,624.5405261699971 37.49708810844447,55.719572268474906,628.3735645000752 37.496794860994065,55.71950253383676,629.2966602032002 37.496501614599126,55.71943279850365,630.4818866436299 37.49620836925968,55.719363062475544,629.1160266582783 37.49591512497574,55.719293325752496,629.1160266582783 37.49562188174728,55.719223588334486,623.4392230694111 37.495328639574346,55.71915385022151,623.4392230694111 37.49503539845691,55.71908411141359,623.0509936992939 37.494742158395006,55.71901437191073,624.8237292949971 37.49444891938862,55.71894463171294,622.1328418438252 37.49415568143776,55.7188748908202,626.7315967266377 37.493862444542444,55.71880514923253,627.5761859600361 37.49356920870267,55.71873540694995,627.5761859600361 37.493275973918436,55.71866566397246,627.9417407696064 37.49298274018976,55.718595920300054,627.9417407696064 37.49268950751665,55.718526175932745,627.3743274395283 37.4923962758991,55.718456430870525,624.3566272442158 37.49210304533712,55.71838668511342,627.6568744365986 37.49180981583072,55.71831693866141,626.2941119854268 37.491516587379905,55.71824719151454,626.1292560283955 37.49122335998468,55.718177443672786,626.1292560283955 37.490930133645044,55.71810769513617,633.7787158672627 37.49063690836102,55.71803794590467,633.7787158672627 37.4903436841326,55.71796819597832,636.7465350811299 37.49005046095979,55.7178984453571,638.7094867412861 37.4897572388426,55.71782869404105,647.9215991680439 37.48946401778103,55.71775894203015,648.9907214824971 37.489170797775095,55.71768918932442,648.9907214824971 37.488877578824805,55.71761943592384,649.7894275371846 37.48858436093015,55.71754968182843,650.2439258282002 37.48829114409114,55.717479927038205,650.2439258282002 37.48799792830779,55.717410171553176,649.0856006328877 37.4877047135801,55.717340415373314,651.5364215557393 37.48741149990808,55.71727065849866,652.4493396465596 37.48711828729173,55.7172009009292,658.2363727276143 37.486825075731055,55.71713114266494,658.2363727276143 37.48653186522607,55.71706138370591,657.9394214336689 37.48623865577677,55.7169916240521,654.9972217266377 37.485945447383166,55.71692186370348,655.8944690410908 37.48565224004526,55.716852102660106,655.1032245342549 37.485359033763075,55.71678234092196,654.6175067608174 37.48506582853659,55.71671257848906,654.6175067608174 37.48477262436583,55.7166428153614,660.0284259502705 37.484479421250796,55.716573051539,660.0284259502705 37.4841862191915,55.71650328702185,660.5198352520283 37.48389301818793,55.71643352180994,662.0470416729268 37.48359981824011,55.71636375590332,663.3616473858174 37.483306619348035,55.71629398930197,662.839094895583 37.48301342151172,55.7162242220059,662.839094895583 37.48272022473116,55.7161544540151,661.5379321758564 37.482427029006374,55.71608468532959,660.7106311504658 37.482133834337354,55.71601491594937,660.7106311504658 37.481840640724116,55.71594514587446,660.3816516582783 37.481547448166666,55.71587537510486,659.7849109356221 37.481254256665,55.71580560364056,657.8875568096455 37.48096106621914,55.71573583148157,656.8281390850361 37.48066787682907,55.71566605862792,656.8281390850361 37.48037468849481,55.71559628507957,655.6134326641377 37.480081501216375,55.71552651083658,656.9050891582783 37.47978831499375,55.71545673589892,656.9050891582783 37.47949512982696,55.71538696026659,657.7664935772236 37.47920194571599,55.71531718393962,657.3110034649189 37.478908762660865,55.71524740691801,655.1793811504658 37.47861558066158,55.71517762920175,653.4473102276143 37.47832239971815,55.715107850790865,653.4473102276143 37.47802921983058,55.71503807168533,654.2857806865986 37.477736040998856,55.71496829188519,656.5497119610127 37.47744286322301,55.71489851139043,656.5497119610127 37.47714968650303,55.714828730201056,657.291731614333 37.47685651083894,55.714758948317076,657.291731614333 37.47656333623073,55.71468916573849,654.2798602764424 37.47627016267841,55.71461938246532,652.3853595440205 37.47597699018199,55.71454959849755,652.3853595440205 37.47568381874147,55.7144798138352,650.5497577373799 37.47539064835686,55.71441002847828,652.2053210918721 37.475097479028165,55.71434024242676,652.2053210918721 37.47480431075539,55.71427045568069,651.5106799785908 37.474511143538535,55.71420066824006,651.5106799785908 37.47421797737761,55.714130880104875,651.3432300274189 37.47392481227264,55.71406109127511,646.6148975078877 37.4736316482236,55.71399130175083,646.6148975078877 37.47333848523052,55.713921511532,637.5024707500752 37.473045323293384,55.71385172061863,632.7444293682393 37.47275216241222,55.71378192901074,632.7444293682393 37.47245900258702,55.713712136708324,629.891096848708 37.47216584381779,55.71364234371139,629.891096848708 37.47187268610455,55.713572550019926,634.0325458233174 37.47157952944729,55.713502755633975,629.3424670879658 37.47128637384602,55.71343296055351,629.3424670879658 37.470993219300745,55.71336316477856,626.864241379958 37.47070006581148,55.71329336830911,626.864241379958 37.47040691337821,55.713223571145186,628.6172321026143 37.47011376200096,55.71315377328677,629.0227649395283 37.46982061167974,55.713083974733884,629.0227649395283 37.46952746241455,55.713014175486514,630.7580707256611 37.46923431420538,55.71294437554471,636.7032001201924 37.46894116705225,55.712874574908426,636.7032001201924 37.46864802095517,55.7128047735777,636.2048328106221 37.46835487591413,55.71273497155253,636.2048328106221 37.468061731929154,55.71266516883292,630.3490741436299 37.467768589000244,55.71259536541885,626.6400134746846 37.4674754471274,55.71252556131037,626.6400134746846 37.46718230631062,55.71245575650747,626.0638263408955 37.466889166549926,55.71238595101014,624.6774432842549 37.46659602784532,55.7123161448184,624.6774432842549 37.46630289019681,55.71224633793226,625.2510669414814 37.46600975360438,55.712176530351705,625.2510669414814 37.46571661806807,55.712106722076754,627.7518909160908 37.46542348358787,55.71203691310741,626.8792712871846 37.465130350163776,55.7119671034437,626.8792712871846 37.464837217795804,55.711897293085585,627.6780383770283 37.46454408648396,55.71182748203311,630.6386859600361 37.464250956228256,55.71175767028627,630.6386859600361 37.46395782702868,55.71168785784505,632.6199023907002 37.46366469888525,55.71161804470947,632.6199023907002 37.46337157179798,55.71154823087956,629.9089496319111 37.463078445766854,55.71147841635527,630.2096698467549 37.4627853207919,55.711408601136675,630.2096698467549 37.46249219687311,55.71133878522373,628.5978381817158 37.46219907401049,55.711268968616444,627.4559772198018 37.461905952204056,55.711199151314844,627.8000018780049 37.461612831453806,55.711129333318915,627.3443286602314 37.46131971175975,55.71105951462867,627.3443286602314 37.46102659312189,55.71098969524413,626.4539325420674 37.46073347554024,55.71091987516528,626.4625079815205 37.46044035901479,55.71085005439213,626.4625079815205 37.460147243545556,55.71078023292469,627.4296863262471 37.459854129132545,55.710710410762964,628.5813281719502 37.45956101577576,55.71064058790696,632.1008289043721 37.45926790347521,55.710570764356675,634.1176440899189 37.4589747922309,55.71050094011212,634.1176440899189 37.45868168204283,55.71043111517331,631.0795428936299 37.45838857291101,55.71036128954023,630.885969895583 37.45809546483545,55.71029146321289,630.885969895583 37.45780235781615,55.71022163619132,631.4029834453877 37.45750925185312,55.710151808475494,630.9284198467549 37.457216146946365,55.71008198006544,633.433333176833 37.45692304309589,55.710012150961155,635.3353717510518 37.4566299403017,55.709942321162636,635.3353717510518 37.4563368385638,55.70987249066991,630.0205218975361 37.456043737882204,55.70980265948296,630.0205218975361 37.45575063825691,55.7097328276018,630.7422931377705 37.45545753968792,55.70966299502644,634.1342303936299 37.455164442175246,55.70959316175687,634.1342303936299 37.4548713457189,55.70952332779313,634.4960467998799 37.454578250318875,55.709453493135186,635.9131000225361 37.454285155975185,55.70938365778308,635.9131000225361 37.45399206268783,55.709313821736764,637.3817432110127 37.45369897045683,55.7092439849963,638.6318805401143 37.453405879282165,55.70917414756166,635.9506061260518 37.45311278916387,55.70910430943288,636.4911182110127 37.452819700101934,55.709034470609936,636.4911182110127 37.452526612096364,55.70896463109284,637.8066547100361 37.45223352514717,55.7088947908816,634.2894275371846 37.45194043925436,55.708824949976226,634.2894275371846 37.45164735441793,55.70875510837671,636.5711505596455 37.45135427063789,55.70868526608307,636.9366443340596 37.45106118791425,55.708615423095324,639.794417161208 37.45076810624702,55.70854557941346,640.3007953350361 37.45108627693427,55.70854959305344,639.794417161208 37.45140444770193,55.708553605869454,636.9366443340596 37.45172261855001,55.70855761786145,636.9366443340596 37.45204078947847,55.708561629029475,634.2343433086689 37.452358960487295,55.708565639373504,637.1020496074971 37.45267713157647,55.708569648893544,637.1020496074971 37.45299530274599,55.70857365758959,639.630598801833 37.45331347399583,55.70857766546163,639.5633075420674 37.45363164532597,55.70858167250971,639.5633075420674 37.4539498167364,55.70858567873377,638.2986591045674 37.4542679882271,55.70858968413384,638.298567551833 37.45458615979805,55.708593688709925,638.298567551833 37.45490433144924,55.708597692462014,638.9430377666768 37.45522250318065,55.70860169539011,639.3915240948018 37.45554067499227,55.70860569749421,639.3915240948018 37.45585884688408,55.70860969877431,638.9292743389424 37.45617701885605,55.708613699230405,635.5424792949971 37.456495190908186,55.70861769886251,635.5424792949971 37.45681336304045,55.70862169767062,635.6064899151143 37.45713153525285,55.70862569565474,637.1246631328877 37.45744970754535,55.70862969281485,637.1246631328877 37.45776787991794,55.70863368915098,638.585432786208 37.4580860523706,55.70863768466309,640.4293201153096 37.45840422490331,55.70864167935122,640.4293201153096 37.45872239751607,55.70864567321533,641.4572436992939 37.45904057020885,55.708649666255454,642.3479449932393 37.459358742981635,55.70865365847157,642.3479449932393 37.45967691583442,55.7086576498637,645.1908557598408 37.459995088767165,55.708661640431814,645.5985248272236 37.46031326177988,55.70866563017593,645.5985248272236 37.460631434872525,55.70866961909604,646.8353717510518 37.460949608045105,55.70867360719216,648.4033191387471 37.461267781297586,55.70867759446426,648.4033191387471 37.46158595462996,55.70868158091236,647.2687061016377 37.461904128042214,55.70868556653647,646.5415790264424 37.46222230153432,55.708689551336555,646.5415790264424 37.462540475106266,55.70869353531264,648.2109058086689 37.46285864875804,55.70869751846474,646.4151141826924 37.46317682248963,55.70870150079281,646.4151141826924 37.463494996301,55.70870548229689,643.7093799297627 37.46381317019216,55.70870946297695,644.796126145583 37.46413134416307,55.708713442833016,644.796126145583 37.464449518213726,55.70871742186506,645.3596942608174 37.46476769234411,55.70872140007311,644.7383563701924 37.465085866554205,55.70872537745714,644.7383563701924 37.465404040843985,55.70872935401716,648.1863696758564 37.465722215213454,55.70873332975318,649.7530200664814 37.46604038966258,55.708737304665185,649.7530200664814 37.466358564191346,55.70874127875318,648.4234454815205 37.46667673879975,55.70874525201716,648.3041217510518 37.46699491348775,55.708749224457144,648.3041217510518 37.46731308825536,55.708753196073104,649.1302631084736 37.46763126310254,55.708757166865055,647.6548907940205 37.46794943802928,55.708761136833,647.6548907940205 37.46826761303557,55.708765105976916,647.8477008526143 37.46858578812139,55.70876907429683,650.4330737774189 37.468903963286714,55.708773041792725,650.4330737774189 37.46922213853154,55.708777008464615,652.1481158916768 37.46954031385585,55.70878097431248,652.7857806865986 37.469858489259614,55.70878493933634,652.7857806865986 37.47017666474283,55.708788903536174,653.7696063701924 37.47049484030547,55.70879286691199,656.1786639873799 37.47081301594753,55.70879682946379,656.1786639873799 37.47113119166898,55.70880079119158,658.4963977520283 37.47144936746982,55.70880475209535,658.5726916973408 37.47176754335002,55.708808712175106,658.5726916973408 37.47208571930956,55.70881267143084,659.1963184063252 37.47240389534844,55.70881662986256,663.445051926833 37.472722071466634,55.70882058747025,663.445051926833 37.47304024766413,55.70882454425392,664.8892963115986 37.473358423940894,55.708828500213585,663.6311938946064 37.47367660029693,55.70883245534922,663.6311938946064 37.47399477673222,55.708836409660826,664.5455615703877 37.47431295324673,55.70884036314844,666.2953021709736 37.474631129840475,55.708844315812,666.2953021709736 37.4749493065134,55.70884826765157,668.8749683086689 37.47526748326552,55.708852218667076,666.3589465801533 37.4755856600968,55.70885616885858,666.3589465801533 37.47590383700723,55.70886011822606,663.676253098708 37.4762220139968,55.70886406676952,662.3456256573018 37.476540191065475,55.70886801448895,662.3456256573018 37.47685836821326,55.70887196138436,660.7282397930439 37.477176545440116,55.70887590745574,661.0605151836689 37.47749472274605,55.7088798527031,661.0605151836689 37.477812900131035,55.708883797126425,662.7522571270283 37.47813107759505,55.70888774072573,663.6479633037861 37.47844925513809,55.70889168350101,663.6479633037861 37.47876743276012,55.70889562545225,664.7977283184346 37.47908561046114,55.708899566579476,660.5774066631611 37.47940378824113,55.70890350688267,660.5774066631611 37.47972196610007,55.70890744636183,659.3341205303486 37.48004014403796,55.70891138501697,658.9115741436299 37.48035832205475,55.708915322848064,658.9115741436299 37.480676500150444,55.70891925985514,660.0753162090596 37.480994678325025,55.708923196038185,662.0527026836689 37.481312856578484,55.708927131397196,662.0527026836689 37.48163103491079,55.70893106593218,664.3567187969502 37.48194921332193,55.70893499964313,659.9132373516377 37.482267391811895,55.70893893253004,659.9132373516377 37.48258557038066,55.70894286459292,655.7391193096455 37.48290374902821,55.708946795831764,655.2452686016377 37.483221927754535,55.70895072624659,655.2452686016377 37.48354010655961,55.708954655837374,655.2429492657002 37.48385828544343,55.70895858460412,654.6888568584736 37.48417646440596,55.70896251254683,654.6888568584736 37.484494643447206,55.70896643966551,654.1914203350361 37.484812822567136,55.70897036596015,654.4665973369893 37.48513100176574,55.708974291430756,654.4665973369893 37.48544918104299,55.70897821607732,656.4159686748799 37.48576736039889,55.70898213989985,657.6381366436299 37.486085539833404,55.70898606289835,657.6381366436299 37.48640371934653,55.708989985072805,656.9625537578877 37.486721898938235,55.70899390642322,656.687727708083 37.487040078608516,55.70899782694959,656.687727708083 37.48735825835736,55.709001746651936,655.1484363262471 37.487676438184735,55.70900566553023,654.5644672100361 37.48799461809064,55.70900958358449,654.5644672100361 37.48831279807505,55.709013500814706,653.3109576885518 37.48863097813795,55.70901741722087,654.0308520977314 37.488949158279326,55.70902133280301,654.0308520977314 37.489267338499154,55.70902524756111,654.6313464824971 37.489585518797426,55.70902916149515,651.1997974102314 37.48990369917412,55.709033074605166,651.1997974102314 37.490221879629225,55.70903698689113,644.3516833965596 37.49054006016272,55.709040898353045,639.8552692119893 37.49085824077459,55.709044808990924,639.8552692119893 37.49117642146482,55.70904871880476,635.7714221660908 37.491494602233395,55.709052627794534,632.6372211162861 37.49181278308029,55.70905653596028,632.6372211162861 37.49213096400549,55.709060443301965,631.2820117657002 37.49244914500899,55.70906434981963,629.8583209698018 37.49276732609076,55.709068255513216,629.8583209698018 37.4930855072508,55.70907216038278,630.9783923809346 37.493403688489074,55.70907606442829,632.426497239333 37.49372186980557,55.70907996764974,632.426497239333 37.49404005120028,55.709083870047145,632.6846149151143 37.494358232673186,55.70908777162051,632.634260911208 37.49467641422427,55.70909167236982,632.634260911208 37.49499459585351,55.70909557229508,630.0816180889424 37.4953127775609,55.709099471396286,631.9112537090596 37.495630959346414,55.70910336967345,631.9112537090596 37.49594914121004,55.709107267126555,631.0284259502705 37.49626732315176,55.709111163755615,632.3078143780049 37.49658550517156,55.70911505956062,632.3078143780049 37.496903687269416,55.70911895454157,636.7587115948018 37.49722186944532,55.70912284869847,640.8316180889424 37.497540051699254,55.709126742031316,640.8316180889424 37.4978582340312,55.70913063454011,642.5748431865986 37.49817641644114,55.709134526224844,643.5337817852314 37.49849459892906,55.70913841708553,643.5337817852314 37.49881278149494,55.70914230712216,644.1000964824971 37.49913096413877,55.70914619633473,646.3265063946064 37.499449146860535,55.70915008472325,646.3265063946064 37.4997673296602,55.70915397228771,648.7495563213643 37.500085512537765,55.70915785902811,652.3539264385518 37.50040369549322,55.70916174494445,652.3539264385518 37.500721878526534,55.70916563003674,658.1667621319111 37.50104006163769,55.709169514304975,663.3739001934346 37.50135824482668,55.70917339774915,663.3739001934346 37.50167642809349,55.70917728036926,664.1106097881611 37.50199461143809,55.709181162165315,663.4145496074971 37.50231279486048,55.7091850431373,663.4145496074971 37.50263097836062,55.70918892328524,664.7894427959736 37.50294916193852,55.70919280260911,663.3303821270283 37.503267345594146,55.70919668110893,663.3303821270283 37.503585529327495,55.709200558784666,662.8487079326924 37.503903713138534,55.70920443563635,662.2960040752705 37.504221897027264,55.709208311663986,662.2960040752705 37.50454008099366,55.709212186867546,663.5868213360127 37.5048582650377,55.70921606124704,667.1765735332783 37.505176449159364,55.70921993480247,667.1765735332783 37.50549463335866,55.70922380753385,667.9838397686299 37.50581281763555,55.70922767944115,667.2588641826924 37.50613100199002,55.70923155052439,667.2588641826924 37.50644918642206,55.70923542078357,666.9010150615986 37.506767370931655,55.70923929021868,662.4969928448018 37.50708555551877,55.70924315882972,662.4969928448018 37.50740374018342,55.70924702661669,659.4476764385518 37.50772192492556,55.70925089357961,658.2559650127705 37.50804010974519,55.70925475971845,658.2559650127705 37.508358294642285,55.709258625033215,657.6605823223408 37.50867647961683,55.70926248952392,660.9901569073018 37.50899466466881,55.70926635319055,660.9901569073018 37.50931284979822,55.70927021603312,663.9454944317158 37.50963103500502,55.70927407805162,665.3354938213643 37.50994922028921,55.70927793924604,665.3354938213643 37.510267405650765,55.7092817996164,665.943831223708 37.51058559108967,55.70928565916269,663.8573901836689 37.51090377660592,55.70928951788489,663.8573901836689 37.511221962199485,55.709293375783034,664.4234302227314 37.511540147870356,55.709297232857104,670.6283862774189 37.51185833361851,55.7093010891071,670.6283862774189 37.51217651944394,55.709304944533024,677.0314166729268 37.51249470534661,55.70930879913487,677.5823047344502 37.51281289132653,55.70931265291264,677.5823047344502 37.513131077383676,55.70931650586633,674.2738177959736 37.51344926351801,55.70932035799596,671.9064319317158 37.51376744972955,55.709324209301506,671.9064319317158 37.514085636018244,55.709328059782976,674.3247363750752 37.5144038223841,55.70933190944038,673.5220477764424 37.51472200882709,55.7093357582737,673.5220477764424 37.515040195347204,55.70933960628293,674.5321948711689 37.51535838194443,55.709343453468115,678.2005298321064 37.515676568618744,55.70934729982919,678.2005298321064 37.51599475537012,55.7093511453662,676.0689227764424 37.51631294219856,55.709354990079134,673.5572803203877 37.51663112910404,55.70935883396798,673.5572803203877 37.51694931608654,55.70936267703275,673.158919114333 37.517267503146044,55.709366519273445,676.6905353252705 37.51758569028254,55.70937036069006,676.6905353252705 37.51790387749601,55.70937420128258,680.7705829326924 37.518222064786436,55.70937804105103,679.4277026836689 37.5185402521538,55.7093818799954,679.4277026836689 37.51885843959809,55.709385718115676,677.6834247295674 37.519176627119286,55.709389555411875,681.5451038067158 37.519494814717376,55.709393391884,681.5451038067158 37.51981300239234,55.70939722753202,685.3446033184346 37.52013119014416,55.70940106235598,684.9444263164814 37.520449377972824,55.70940489635584,684.9444263164814 37.52076756587831,55.709408729531624,679.3053119365986 37.52108575386061,55.70941256188332,676.6792285625752 37.521403941919694,55.70941639341093,676.6792285625752 37.521722130055565,55.709420224114446,677.2126605694111 37.52204031826818,55.709424053993885,679.3685901348408 37.522358506557545,55.70942788304924,679.3685901348408 37.52267669492364,55.709431711280494,684.5512836162861 37.52299488336644,55.70943553868768,688.5652148907002 37.52331307188593,55.70943936527076,688.5652148907002 37.523631260482105,55.70944319102975,685.5493152324971 37.523949449154934,55.70944701596466,680.8755939190205 37.52426763790441,55.709450840075476,680.8755939190205 37.52458582673051,55.70945466336221,679.3595111553486 37.524904015633226,55.70945848582485,679.1783588115986 37.525222204612525,55.70946230746339,679.1783588115986 37.52554039366841,55.709466128277846,679.2841937725361 37.52585858280085,55.709469948268215,678.7607104961689 37.52617677200984,55.70947376743448,678.7607104961689 37.52649496129536,55.70947758577665,678.8462360088643 37.52681315065739,55.709481403294745,678.7340381328877 37.52713134009591,55.70948521998874,678.7340381328877 37.52744952961092,55.70948903585863,679.8724811260518 37.52776771920238,55.70949285090444,683.7154224102314 37.52808590887029,55.70949666512615,683.7154224102314 37.52840409861464,55.70950047852376,687.5511462871846 37.52872228843539,55.70950429109728,688.6420886699971 37.52904047833254,55.709508102846705,688.6420886699971 37.52935866830606,55.70951191377203,688.3546893780049 37.529676858355955,55.70951572387327,687.2638843242939 37.52999504848219,55.70951953315039,687.2638843242939 37.53031323868476,55.70952334160343,686.8906696026143 37.530631428963645,55.709527149232365,687.5383594219502 37.530949619318825,55.7095309560372,687.5383594219502 37.53126780975029,55.709534762017945,689.9015338604268 37.53158600025801,55.70953856717458,691.6129443828877 37.531904190841985,55.70954237150712,691.6129443828877 37.532222381502194,55.70954617501557,693.6726672832783 37.53254057223861,55.70954997769991,694.6218249981221 37.53285876305123,55.709553779560146,694.6218249981221 37.53317695394003,55.709557580596275,695.8143298809346 37.53349514490499,55.70956138080831,691.7495105449971 37.53381333594611,55.709565180196236,691.7495105449971 37.53413152706335,55.709568978760075,690.6178271953877 37.53444971825672,55.70957277649979,691.464583176833 37.534767909526174,55.70957657341541,691.464583176833 37.53508610087172,55.70958036950694,690.3607776348408 37.53540429229333,55.70958416477435,693.3672931377705 37.53572248379099,55.70958795921765,693.3672931377705 37.53604067536469,55.70959175283686,695.3484485332783 37.5363588670144,55.709595545631956,694.3712146465596 37.53667705874011,55.70959933760295,694.3712146465596 37.5369952505418,55.70960312874983,693.8903491680439 37.53731344241947,55.70960691907261,694.8143603985127 37.537631634373085,55.70961070857128,694.8143603985127 37.53794982640263,55.709614497245845,695.4632709209736 37.53826801850809,55.7096182850963,695.5153339092549 37.538586210689466,55.70962207212264,695.5153339092549 37.53890440294672,55.709625858324884,693.8408496563252 37.539222595279846,55.70962964370301,692.3577258770283 37.53954078768882,55.709633428257014,692.3577258770283 37.539858980173626,55.70963721198694,690.4441211407002 37.54017717273425,55.70964099489272,688.1683185283955 37.54049536537068,55.70964477697441,688.1683185283955 37.5408135580829,55.70964855823198,682.8875110332783 37.54113175087089,55.70965233866544,681.5722949688252 37.54144994373463,55.70965611827478,681.5722949688252 37.54176813667411,55.70965989706002,680.7702777569111 37.542086329689305,55.70966367502114,676.2952716533955 37.5424045227802,55.70966745215815,676.2952716533955 37.54272271594679,55.70967122847104,668.8563068096455 37.54304090918905,55.70967500395982,663.9040210430439 37.54335910250696,55.709678778624486,663.9040210430439 37.54367729590051,55.70968255246503,664.1219623272236 37.54399548936968,55.709686325481464,661.2815997783955 37.544313682914456,55.70969009767378,661.2815997783955 37.54463187653482,55.709693869041985,653.3130328838643 37.544950070230755,55.70969763958607,651.2499072735127 37.54526826400225,55.709701409306035,651.2499072735127 37.545586457849275,55.70970517820188,643.0459735576924 37.545904651771835,55.7097089462736,633.572981614333 37.54622284576989,55.709712713521206,633.572981614333 37.54654103984344,55.7097164799447,635.4247119610127 37.54685923399246,55.70972024554406,640.2884814922627 37.54717742821693,55.70972401031932,640.2884814922627 37.54749562251685,55.70972777427045,642.713118333083 37.54781381689219,55.70973153739745,646.8436572735127 37.54813201134293,55.70973529970034,646.8436572735127 37.54845020586907,55.70973906117911,647.8972308819111 37.54876840047058,55.70974282183375,646.8958270733174 37.54908659514744,55.70974658166427,646.8958270733174 37.549404789899654,55.70975034067067,645.6033313457783 37.54972298472719,55.70975409885295,643.7359759990986 37.55004117963003,55.709757856211105,643.7359759990986 37.55035937460816,55.709761612745126,643.0106189434346 37.550677569661566,55.709765368455024,639.9746387188252 37.55099576479023,55.7097691233408,639.9746387188252 37.55131395999414,55.70977287740244,632.6695697490986 37.55163215527327,55.70977663063997,628.0279834453877 37.551950350627614,55.70978038305337,628.0279834453877 37.55226854605715,55.709784134642646,623.3393542949971 37.55258674156186,55.70978788540777,619.8556583111103 37.552904937141726,55.7097916353488,619.8556583111103 37.55322313279674,55.70979538446569,617.9792239849385 37.553541328526876,55.70979913275845,618.365462083083 37.553859524332125,55.70980288022708,618.365462083083 37.55417772021247,55.709806626871575,619.3523013775166 37.55449591616789,55.709810372691955,616.4183032696064 37.554814112198365,55.70981411768818,616.4183032696064 37.55513230830389,55.7098178618603,613.3287036602314 37.55545050448444,55.709821605208276,613.6735904400166 37.555768700739996,55.709825347732135,613.6735904400166 37.55608689707056,55.70982908943184,612.8076923076924 37.55640509347609,55.70983283030743,612.8076923076924 37.55672328995659,55.70983657035888,612.8076923076924 37.55704148651203,55.70984030958619,612.8076923076924 37.557359683142394,55.70984404798938,612.8076923076924 37.55767787984768,55.709847785568435,612.8076923076924 37.55799607662786,55.70985152232335,612.8076923076924 37.558314273482914,55.70985525825412,612.8076923076924 37.55863247041283,55.709858993360776,612.8076923076924 37.55895066741759,55.709862727643284,612.8076923076924 37.55926886449719,55.70986646110166,612.8076923076924 37.5595870616516,55.709870193735895,612.8076923076924 37.559905258880804,55.709873925546,612.8076923076924 37.56022345618479,55.70987765653196,612.8076923076924 37.56054165356354,55.70988138669379,612.8076923076924 37.560859851017035,55.70988511603147,612.8076923076924 37.56117804854526,55.709888844545034,612.8076923076924 37.561496246148195,55.70989257223444,612.8076923076924 37.56181444382584,55.709896299099704,612.8076923076924 37.56213264157815,55.70990002514084,613.0629184429463 37.56245083940513,55.709903750357824,613.0629184429463 37.562769037306765,55.70990747475068,613.4116504375752 37.56308723528303,55.70991119831938,613.3044803325947 37.563405433333905,55.709914921063955,613.3044803325947 37.56372363145939,55.70991864298439,613.2800738994893 37.564041829659445,55.70992236408066,613.1648700420674 37.564360027934065,55.70992608435281,613.1648700420674 37.56467822628324,55.709929803800804,614.152945298415 37.56499642470695,55.709933522424656,615.176008958083 37.565314623205175,55.70993724022436,615.176008958083 37.565632821777896,55.70994095719993,617.7496173565205 37.5659510204251,55.70994467335135,621.1411731426533 37.566269219146776,55.70994838867863,621.1411731426533 37.5665874179429,55.709952103181756,624.9007251446064 37.56690561681345,55.70995581686074,630.2603137676533 37.56722381575843,55.70995952971559,630.2603137676533 37.5675420147778,55.70996324174628,636.3607776348408 37.56786021387156,55.70996695295281,640.1258685772236 37.568178413039696,55.70997066333521,640.1258685772236 37.56849661228217,55.70997437289346,644.6405475323018 37.56881481159898,55.70997808162757,648.3635852520283 37.569133010990114,55.709981789537515,648.3635852520283 37.56945121045555,55.70998549662331,650.8357074444111 37.56976940999527,55.70998920288497,652.8397662823018 37.57008760960925,55.70999290832248,652.8397662823018 37.57040580929749,55.709996612935825,655.3494861309346 37.570724009059965,55.710000316725015,656.9577319805439 37.571042208896664,55.71000401969006,656.9577319805439 37.571360408807564,55.71000772183097,662.1735828106221 37.571678608792645,55.71001142314771,667.4043414776143 37.5719968088519,55.71001512364031,667.4043414776143 37.572315008985306,55.71001882330873,669.5274188701924 37.57263320919285,55.71002252215303,668.3058307354268 37.57295140947452,55.71002622017315,668.3058307354268 37.573269609830284,55.710029917369134,667.8231036846455 37.57358781026014,55.71003361374095,665.9714038555439 37.57390601076407,55.71003730928862,665.9714038555439 37.57422421134205,55.71004100401213,664.0206744854268 37.574542411994074,55.710044697911485,661.9671771709736 37.57486061272011,55.71004839098668,661.9671771709736 37.57517881352016,55.71005208323773,660.6024615948018 37.575497014394195,55.71005577466462,656.0745074932393 37.575815215342196,55.71005946526734,656.0745074932393 37.57613341636416,55.71006315504591,651.0177753155049 37.576451617460066,55.710066844000316,649.8114459698018 37.576769818629884,55.71007053213057,649.8114459698018 37.577088019873614,55.71007421943666,650.5959918682393 37.57740622119124,55.7100779059186,648.9410846416768 37.57772442258273,55.710081591576376,648.9410846416768 37.578042624048074,55.710085276409984,647.0510394756611 37.57836082558727,55.71008896041944,647.9625842754658 37.57867902720028,55.710092643604725,647.9625842754658 37.57899722888709,55.710096325965864,648.1141650860127 37.5793154306477,55.710100007502824,647.9571368877705 37.579633632482086,55.710103688215625,647.9571368877705 37.57995183439023,55.710107368104275,648.5871112530049 37.58027003637211,55.71011104716875,649.2499530498799 37.580588238427715,55.71011472540906,649.2499530498799 37.58090644055703,55.71011840282521,646.4934985821064 37.58122464276004,55.710122079417204,643.9424274151143 37.58154284503672,55.71012575518502,643.9424274151143 37.58186104738706,55.71012943012867,643.2142780010518 37.58217924981104,55.710133104248165,644.1487872783955 37.58249745230865,55.71013677754349,644.1487872783955 37.582815654879866,55.71014045001464,642.8699023907002 37.58313385752468,55.71014412166163,641.9798877422627 37.58345206024306,55.71014779248445,641.9798877422627 37.58377026303501,55.71015146248311,642.8274219219502 37.5840884659005,55.71015513165759,642.2738177959736 37.58440666883951,55.710158800007896,642.2738177959736 37.58472487185203,55.71016246753405,641.5969836895283 37.585043074938056,55.710166134236026,640.3112781231221 37.58536127809755,55.71016980011384,640.3112781231221 37.58567948133051,55.71017346516747,643.131087083083 37.58599768463691,55.71017712939694,645.0531299297627 37.586315888016735,55.71018079280223,645.0531299297627 37.586634091469975,55.71018445538336,646.2101428692158 37.586952294996614,55.71018811714031,647.5868060772236 37.587270498596624,55.710191778073096,647.5868060772236 37.58758870227,55.71019543818169,647.5503070537861 37.58790690601672,55.71019909746614,649.8392780010518 37.58822510983677,55.710202755926396,649.8392780010518 37.58854331373012,55.710206413562474,648.4052875225361 37.588861517696785,55.71021007037439,646.9281299297627 37.58917972173672,55.71021372636213,646.9281299297627 37.58949792584991,55.71021738152568,646.2347552959736 37.589816130036354,55.710221035865075,647.8323962871846 37.59013433429603,55.71022468938028,647.8323962871846 37.59045253862892,55.71022834207132,652.1841418926533 37.590770743035,55.71023199393818,649.8240649883564 37.591088947514265,55.71023564498085,649.8240649883564 37.591407152066694,55.71023929519935,647.4795215313252 37.59172535669227,55.71024294459367,647.5728748028096 37.59204356139097,55.71024659316382,647.5728748028096 37.5923617661628,55.71025024090978,647.3954608623799 37.59267997100771,55.71025388783158,646.8805835430439 37.592998175925715,55.71025753392918,646.8805835430439 37.593316380916775,55.710261179202604,646.0038592998799 37.593634585980894,55.71026482365185,647.1945331280049 37.593952791118035,55.71026846727692,647.1945331280049 37.59427099632819,55.7102721100778,643.6575305645283 37.594589201611356,55.71027575205449,644.0362537090596 37.594907406967494,55.710279393207024,644.0362537090596 37.595225612396604,55.710283033535354,644.6210467998799 37.59554381789866,55.71028667303952,646.0528705303486 37.59586202347364,55.71029031171949,646.0528705303486 37.59618022912155,55.710293949575274,646.8207080547627 37.59649843484235,55.71029758660687,646.0097186748799 37.59681664063604,55.71030122281429,646.0097186748799 37.5971348465026,55.710304858197524,644.1664569561299 37.597453052442006,55.71030849275657,644.7211902324971 37.59777125845424,55.71031212649143,644.7211902324971 37.59808946453929,55.710315759402114,644.3031146709736 37.598407670697156,55.7103193914886,640.6966846172627 37.598725876927794,55.7103230227509,640.6966846172627 37.599044083231206,55.710326653189014,640.4553973858174 37.59936228960736,55.71033028280294,640.4417560283955 37.599680496056266,55.71033391159268,640.4417560283955 37.59999870257788,55.710337539558225,640.5063159649189 37.60031690917219,55.71034116669959,642.5926807110127 37.6006351158392,55.71034479301676,642.5926807110127 37.60095332257887,55.71034841850974,642.5004108135518 37.60127152939119,55.71035204317854,642.0405566875752 37.60158973627615,55.71035566702313,642.0405566875752 37.601907943233726,55.710359290043534,640.5602710430439 37.60222615026391,55.71036291223975,642.0151813213643 37.602544357366675,55.71036653361178,642.0151813213643 37.602862564542015,55.71037015415961,645.4820697490986 37.60318077178991,55.71037377388326,644.5069263164814 37.603498979110334,55.710377392782696,644.5069263164814 37.60381718650328,55.71038101085796,640.5450885479268 37.60413539396873,55.710384628109026,639.0909412090596 37.60445360150668,55.71038824453588,639.0909412090596 37.60477180911709,55.71039186013855,638.1816089336689 37.60509001679995,55.71039547491703,638.2973621074971 37.60540822455525,55.7103990888713,638.2973621074971 37.60572643238298,55.7104027020014,634.5824573223408 37.60604464028311,55.71040631430728,631.4696490948018 37.60636284825563,55.71040992578897,631.4696490948018 37.60668105630052,55.71041353644646,631.1362903301533 37.606999264417766,55.71041714627976,631.1825092022236 37.60731747260735,55.71042075528885,631.1825092022236 37.60763568086926,55.710424363473756,632.9689014141377 37.607953889203465,55.71042797083446,632.9160297100361 37.60827209760997,55.710431577370954,632.9160297100361 37.60859030608874,55.710435183083256,634.6473529522236 37.60890851463978,55.71043878797136,635.4003894512471 37.60922672326305,55.71044239203527,635.4003894512471 37.609544931958546,55.710445995274966,636.3684680645283 37.60986314072625,55.71044959769046,633.7979266826924 37.609869520654726,55.7102699432115,629.9448383037861 37.609875900511014,55.71009028872677,630.3978107158955 37.60988228029512,55.70991063423626,630.3978107158955 37.60988866000703,55.709730979739966,626.9145496074971 37.60989503964676,55.7095513252379,628.6886584942158 37.6099014192143,55.709371670730064,628.6886584942158 37.609907798709656,55.70919201621646,632.0488269512471 37.60991417813283,55.70901236169708,638.3706653301533 37.60992055748383,55.7088327071719,638.3706653301533 37.60992693676265,55.708653052640976,638.9455554668721 37.60993331596928,55.70847339810426,628.6953723614033 37.60993969510374,55.70829374356177,628.6953723614033 37.60994607416602,55.70811408901351,627.8299243633564 37.60995245315612,55.707934434459474,627.2319934551533 37.60995883207404,55.70775477989966,627.2319934551533 37.6099652109198,55.707575125334074,626.0896289532002 37.60997158969338,55.707395470762705,629.8714587871846 37.609977968394794,55.707215816185574,629.8714587871846 37.60965978589104,55.70721221420431,627.9862659160908 37.60934160345947,55.70720861139894,628.6524951641377 37.609023421100105,55.707205007769474,628.6524951641377 37.60870523881295,55.7072014033159,629.3009479229268 37.60838705659805,55.70719779803822,634.6394031231221 37.60806887445539,55.70719419193646,634.6394031231221 37.607750692385004,55.70719058501058,638.9558398907002 37.60743251038691,55.70718697726062,639.3924396221455 37.60711432846111,55.70718336868655,639.3924396221455 37.60679614660762,55.70717975928838,638.8278796856221 37.60647796482648,55.70717614906611,637.2689960186299 37.60615978311768,55.70717253801975,637.2689960186299 37.60584160148126,55.70716892614928,636.3345477764424 37.60552341991722,55.70716531345472,639.1998889629658 37.60520523842558,55.70716169993607,639.1998889629658 37.60488705700636,55.70715808559331,641.2283466045674 37.604568875659574,55.70715447042647,642.4552753155049 37.604250694385236,55.707150854435525,642.4552753155049 37.60393251318337,55.70714723762049,646.2721851055439 37.603614332053986,55.707143619981345,646.095198411208 37.6032961509971,55.70714000151813,646.095198411208 37.60297797001274,55.7071363822308,646.9120776836689 37.602659789100905,55.707132762119386,646.4769580547627 37.60234160826162,55.70712914118388,646.4769580547627 37.6020234274949,55.707125519424274,650.3764331524189 37.60170524680076,55.70712189684058,648.5630481426533 37.60138706617922,55.7071182734328,648.5630481426533 37.601068885630305,55.707114649200925,647.0398395244893 37.60075070515401,55.70711102414496,648.4930408184346 37.600432524750374,55.70710739826489,648.4930408184346 37.600114344419396,55.70710377156075,649.1027515117939 37.599796164161106,55.70710014403251,646.8671405498799 37.59947798397551,55.707096515680185,646.8671405498799 37.599159803862634,55.707092886503766,646.5414264385518 37.59884162382248,55.70708925650326,648.7711169903096 37.59852344385508,55.707085625678666,648.7711169903096 37.59820526396044,55.70708199402999,649.2298724834736 37.597887084138584,55.70707836155722,649.3503711407002 37.597568904389526,55.70707472826036,649.3503711407002 37.59725072471328,55.707071094139415,647.1201617901143 37.59693254510986,55.70706745919439,647.159895676833 37.596614365579285,55.70706382342527,647.159895676833 37.596296186121585,55.70706018683208,651.5301196758564 37.59597800673675,55.70705654941479,652.3649127666768 37.595659827424825,55.70705291117342,652.3649127666768 37.59534164818581,55.70704927210797,649.0860278789814 37.595023469019715,55.70704563221843,646.8776538555439 37.59470528992657,55.70704199150481,646.8776538555439 37.59438711090639,55.70703834996711,646.1190021221455 37.594068931959185,55.707034707605324,647.4188525860127 37.593750753084976,55.70703106441945,647.4188525860127 37.593432574283774,55.7070274204095,651.0458972637471 37.5931143955556,55.70702377557547,655.0553271953877 37.59279621690048,55.70702012991737,655.0553271953877 37.59247803831842,55.70701648343518,656.1285999004658 37.592159859809435,55.707012836128904,656.0911090557393 37.59184168137354,55.70700918799855,656.0911090557393 37.591523503010755,55.70700553904412,657.1066577617939 37.5912053247211,55.707001889265605,656.3220508282002 37.590887146504585,55.706998238663026,656.3220508282002 37.59056896836123,55.70699458723636,654.4079272930439 37.59025079029106,55.70699093498561,647.2595355694111 37.58993261229407,55.70698728191079,647.2595355694111 37.589614434370304,55.70698362801189,641.3343799297627 37.58929625651975,55.70697997328892,640.6504504864033 37.58897807874244,55.706976317741876,640.6504504864033 37.5886599010384,55.70697266137075,641.5097339336689 37.58834172340763,55.70696900417554,642.0806415264424 37.58802354585014,55.70696534615627,642.0806415264424 37.58770536836598,55.70696168731291,642.6007373516377 37.58738719095513,55.70695802764549,644.1418597881611 37.58706901361762,55.70695436715399,644.1418597881611 37.586750836353474,55.706950705838416,645.4100635235127 37.586432659162696,55.70694704369877,643.5052173321064 37.58611448204532,55.706943380735055,643.5052173321064 37.58579630500134,55.706939716947275,642.5141589824971 37.58547812803079,55.706936052335415,642.3641498272236 37.585159951133676,55.70693238689948,642.3641498272236 37.584841774310014,55.70692872063948,642.7989185039814 37.58452359755984,55.706925053555416,642.1068408672627 37.584205420883144,55.70692138564727,642.1068408672627 37.583887244279964,55.70691771691505,644.1807239239033 37.58356906775029,55.70691404735878,646.3088977520283 37.58325089129417,55.70691037697843,646.3088977520283 37.5829327149116,55.70690670577402,646.601057786208 37.582614538602606,55.706903033745526,647.4362781231221 37.582296362367195,55.706899360892976,647.4362781231221 37.58197818620539,55.70689568721636,647.127424973708 37.581660010117204,55.70689201271568,648.0626361553486 37.581341834102666,55.70688833739092,648.0626361553486 37.581023658161776,55.7068846612421,645.322981614333 37.58070548229456,55.70688098426922,645.4611957256611 37.58038730650103,55.70687730647228,645.4611957256611 37.5800691307812,55.70687362785126,648.2669208233174 37.5797509551351,55.70686994840618,647.3662555401143 37.57943277956273,55.70686626813704,647.3662555401143 37.57911460406411,55.70686258704384,646.9207751934346 37.578796428639265,55.70685890512657,647.213362473708 37.57847825328821,55.706855222385244,647.213362473708 37.578160078010946,55.70685153881985,648.3482501690205 37.57784190280751,55.70684785443041,649.4703357403096 37.57752372767791,55.706844169216886,649.4703357403096 37.57720555262216,55.70684048317931,651.1552264873799 37.57688737764028,55.706836796317674,652.1694629375752 37.57656920273229,55.70683310863198,652.1694629375752 37.576251027898195,55.706829420122226,651.7119586651143 37.57593285313803,55.70682573078842,651.7758929912861 37.575614678451785,55.70682204063054,651.7758929912861 37.575296503839496,55.706818349648614,653.9134051983174 37.574978329301175,55.70681465784263,652.6297595684346 37.57466015483684,55.70681096521257,652.6297595684346 37.574341980446505,55.706807271758485,651.7669360821064 37.574023806130185,55.706803577480315,649.9172809307393 37.573705631887904,55.7067998823781,649.9172809307393 37.57338745771967,55.70679618645183,650.5321796123799 37.5730692836255,55.706792489701506,653.660872239333 37.57275110960542,55.70678879212712,653.660872239333 37.572432935659435,55.70678509372868,653.7502124492939 37.57211476178757,55.70678139450618,651.4865405742939 37.57179658798983,55.70677769445964,651.4865405742939 37.57147841426625,55.70677399358904,652.0246875469502 37.57116024061683,55.706770291894394,654.9860828106221 37.57084206704159,55.70676658937569,654.9860828106221 37.57052389354055,55.70676288603293,658.717024583083 37.570205720113734,55.70675918186611,658.9647052471455 37.56988754676114,55.706755476875266,658.9647052471455 37.56956937348279,55.70675177106036,658.1335437481221 37.569251200278714,55.7067480644214,656.3480670635518 37.568933027148915,55.70674435695838,656.3480670635518 37.56861485409341,55.70674064867132,656.8151080791768 37.56829668111222,55.70673693956021,656.0020282451924 37.56797850820537,55.70673322962505,656.0020282451924 37.567660335372864,55.706729518865835,655.4099261944111 37.567342162614715,55.70672580728259,656.5620258037861 37.56702398993095,55.70672209487529,656.5620258037861 37.56670581732158,55.70671838164394,656.0669238750752 37.56638764478663,55.706714667588535,655.6169116680439 37.566069472326106,55.706710952709095,655.6169116680439 37.565751299940025,55.7067072370056,658.2394092266377 37.56543312762841,55.70670352047807,658.6366107647236 37.565114955391266,55.70669980312649,658.6366107647236 37.56479678322862,55.70669608495086,660.1349017803486 37.564478611140494,55.70669236595119,661.3817126934346 37.56416043912689,55.70668864612748,661.3817126934346 37.56384226718783,55.70668492547973,659.7331836407002 37.56352409532333,55.706681204007936,657.4453113262471 37.56320592353341,55.7066774817121,657.4453113262471 37.562887751818096,55.70667375859221,658.4486377422627 37.562569580177374,55.706670034648276,660.2918384258564 37.56225140861129,55.70666630988031,660.2918384258564 37.56193323711985,55.7066625842883,662.7256305401143 37.561615065703066,55.706658857872256,663.5094745342549 37.561296894360964,55.70665513063217,663.5094745342549 37.56097872309355,55.706651402568035,663.5998523418721 37.560660551900845,55.70664767367987,665.9497363750752 37.56034238078287,55.70664394396766,665.9497363750752 37.56002420973964,55.70664021343142,666.3718860332783 37.55970603877117,55.70663648207114,665.8184802715596 37.55938786787747,55.706632749886815,665.8184802715596 37.55906969705856,55.70662901687846,667.7096088115986 37.55875152631447,55.70662528304606,669.2393024151143 37.55843335564519,55.70662154838963,669.2393024151143 37.55811518505077,55.70661781290916,672.2007129375752 37.5577970145312,55.70661407660466,675.8064563457783 37.557478844086496,55.70661033947612,675.8064563457783 37.557160673716695,55.706606601523546,676.101790208083 37.55684250342179,55.706602862746955,671.5687549297627 37.55652433320182,55.7065991231463,671.5687549297627 37.556206163056785,55.70659538272162,672.1868732158955 37.55588799298671,55.706591641472926,677.4552600567158 37.555569822991615,55.70658789940018,677.4552600567158 37.555251653071494,55.70658415650342,678.0016772930439 37.554933483226385,55.70658041278261,673.7024829571064 37.5546153134563,55.70657666823777,673.7024829571064 37.55429714376126,55.7065729228689,670.7758472149189 37.55397897414128,55.706569176676005,673.9202869121846 37.55366080459636,55.70656542965908,673.9202869121846 37.55334263512653,55.70656168181813,674.3835895244893 37.553024465731816,55.70655793315314,678.8245685283955 37.55270629641222,55.706554183664124,678.8245685283955 37.55238812716776,55.70655043335109,680.9557635967549 37.552069957998455,55.70654668221401,682.2890613262471 37.55175178890432,55.70654293025292,682.2890613262471 37.55143361988538,55.706539177467796,683.0328662578877 37.55111545094164,55.70653542385863,684.0464313213643 37.55079728207312,55.70653166942545,684.0464313213643 37.55047911327983,55.706527914168255,684.9840076153096 37.5501609445618,55.70652415808703,686.1273029033955 37.549842775919046,55.70652040118177,686.1273029033955 37.54952460735157,55.70651664345249,686.7016895000752 37.54920643885941,55.70651288489918,689.5411670391377 37.54888827044255,55.706509125521855,689.5411670391377 37.548570102101046,55.7065053653205,690.4267718975361 37.548251933834884,55.706501604295134,690.4220721905049 37.547933765644096,55.70649784244573,690.4220721905049 37.54761559752869,55.70649407977231,692.4268329326924 37.547297429488694,55.70649031627487,696.0203998272236 37.54697926152411,55.70648655195341,696.0203998272236 37.54666109363496,55.70648278680793,695.7709644024189 37.546342925821264,55.70647902083842,692.3457019512471 37.546024758083036,55.7064752540449,692.3457019512471 37.545706590420295,55.70647148642736,691.9363544170674 37.54538842283306,55.7064677179858,694.7046649639424 37.54507025532133,55.70646394872022,694.7046649639424 37.544752087885136,55.706460178630614,696.2285449688252 37.5444339205245,55.706456407717006,693.7082660381611 37.54411575323943,55.70645263597936,693.7082660381611 37.54379758602994,55.70644886341771,692.6161639873799 37.54347941889605,55.70644509003205,691.8989398662861 37.54316125183777,55.70644131582237,691.8989398662861 37.542843084855136,55.70643754078866,690.7698962871846 37.54252491794815,55.70643376493094,694.1696002666768 37.54220675111682,55.706429988249205,694.1696002666768 37.54188858436118,55.70642621074346,700.4718768780049 37.54157041768124,55.70642243241371,706.516340989333 37.54125225107702,55.706418653259924,706.516340989333 37.540934084548525,55.70641487328215,708.7604358379658 37.54061591809578,55.70641109248035,707.6667468731221 37.540297751718796,55.706407310854544,707.6667468731221 37.5399795854176,55.706403528404714,707.6944720928486 37.5396614191922,55.70639974513088,705.1805103008564 37.53934325304261,55.706395961033024,705.1805103008564 37.53902508696885,55.70639217611117,699.7824237530049 37.538706920970945,55.70638839036531,693.2070453350361 37.5383887550489,55.70638460379543,693.2070453350361 37.53807058920274,55.70638081640154,689.2722156231221 37.53775242343247,55.706377028183645,688.0898730938252 37.53743425773812,55.70637323914174,688.0898730938252 37.53711609211969,55.706369449275826,687.1513812725361 37.53679792657721,55.7063656585859,688.0572955791768 37.5364797611107,55.706361867071976,688.0572955791768 37.53616159572016,55.70635807473405,688.6767566387471 37.53584343040562,55.70635428157211,688.3949725811299 37.535525265167095,55.70635048758615,688.3949725811299 37.5352071000046,55.706346692776194,692.0955341045674 37.53488893491814,55.70634289714224,700.990950364333 37.534570769907745,55.70633910068428,700.990950364333 37.53425260497343,55.706335303402305,701.1239001934346 37.53393444011522,55.70633150529634,697.6131122295674 37.53361627533311,55.70632770636636,697.6131122295674 37.53329811062713,55.70632390661238,699.4504535381611 37.5329799459973,55.7063201060344,701.1566608135518 37.532661781443615,55.70631630463241,701.1566608135518 37.532343616966116,55.706312502406426,705.5117938701924 37.53202545256482,55.70630869935644,707.8024432842549 37.53170728823972,55.706304895482454,707.8024432842549 37.53138912399085,55.70630109078447,705.5539233867939 37.53107095981822,55.70629728526247,700.5279681865986 37.53075279572186,55.706293478916486,700.5279681865986 37.53043463170177,55.706289671746504,693.8589618389424 37.53011646775798,55.70628586375251,693.4600207989033 37.52979830389048,55.70628205493453,693.4600207989033 37.529480140099324,55.706278245292545,694.7455585186299 37.5291619763845,55.70627443482656,692.0283343975361 37.52884381274604,55.70627062353659,692.0283343975361 37.528525649183955,55.706266811422616,690.1270435039814 37.52820748569826,55.70626299848464,690.6578662578877 37.52788932228897,55.706259184722676,690.6578662578877 37.52757115895611,55.70625537013672,691.2631213848408 37.52725299569968,55.70625155472676,690.7591083233174 37.52693483251972,55.706247738492806,690.7591083233174 37.52661666941623,55.706243921434854,689.1019275371846 37.526298506389224,55.706240103552915,688.945296067458 37.52598034343873,55.70623628484698,688.945296067458 37.52566218056476,55.70623246531705,689.1807544414814 37.52534401776733,55.70622864496313,688.9222095196064 37.52502585504646,55.70622482378523,688.9222095196064 37.52470769240215,55.70622100178333,687.7664783184346 37.52438952983444,55.70621717895743,688.3895404522236 37.52407136734333,55.70621335530755,688.3895404522236 37.52375320492885,55.70620953083367,689.2951343242939 37.523435042591004,55.706205705535815,688.2999255840596 37.523116880329816,55.70620187941395,688.2999255840596 37.522798718145296,55.70619805246811,687.8491656963643 37.52248055603746,55.70619422469828,688.8417651836689 37.52216239400634,55.706190396104454,688.8417651836689 37.52184423205193,55.706186566686654,687.7555682842549 37.52152607017426,55.70618273644485,685.4096820537861 37.52120790837335,55.70617890537907,685.4096820537861 37.5208897466492,55.706175073489305,684.2264087383564 37.52057158500185,55.70617124077554,683.9567249004658 37.5202534234313,55.70616740723781,683.9567249004658 37.51993526193757,55.706163572876086,683.161116379958 37.51961710052067,55.70615973769037,682.1862781231221 37.51929893918063,55.706155901680674,682.1862781231221 37.518980777917456,55.70615206484699,681.7046191875752 37.51866261673116,55.70614822718934,681.337874192458 37.518344455621786,55.70614438870769,681.337874192458 37.51802629458932,55.706140549402065,680.6084582989033 37.51770813363379,55.70613670927245,680.0052783672627 37.51738997275521,55.70613286831885,680.0052783672627 37.5170718119536,55.706129026541284,683.8326556865986 37.51675365122897,55.70612518393973,684.5824268047627 37.51643549058135,55.706121340514194,684.5824268047627 37.516117330010744,55.706117496264675,682.0336444561299 37.51579916951717,55.70611365119119,677.0210254375752 37.51548100910065,55.706109805293714,677.0210254375752 37.5151628487612,55.70610595857225,673.6018817608174 37.514844688498826,55.70610211102682,671.1779315655049 37.51452652831356,55.70609826265742,671.1779315655049 37.5142083682054,55.70609441346404,668.5785663311299 37.51389020817439,55.706090563446665,668.3407275860127 37.51357204822052,55.70608671260532,668.3407275860127 37.51325388834381,55.706082860940015,669.5491473858174 37.51293572854429,55.70607900845072,668.8697498028096 37.512617568821966,55.70607515513745,668.8697498028096 37.51229940917686,55.706071301000215,671.3692920391377 37.511981249608986,55.70606744603899,673.7851550762471 37.51166309011836,55.70606359025379,673.7851550762471 37.511344930705,55.70605973364464,673.5177753155049 37.511026771368925,55.7060558762115,672.3134296123799 37.51070861211014,55.70605201795439,672.3134296123799 37.51039045292868,55.70604815887331,672.2881152813252 37.51007229382454,55.70604429896825,675.134505051833 37.50975413479775,55.70604043823923,675.134505051833 37.509435975848334,55.70603657668623,678.8628986065205 37.50911781697629,55.70603271430925,678.9422748272236 37.508799658181644,55.706028851108314,678.9422748272236 37.50848149946441,55.70602498708341,678.2412402813252 37.50816334082461,55.70602112223454,678.3087299053486 37.50784518226225,55.706017256561694,678.3087299053486 37.50752702377736,55.706013390064875,674.6466205303486 37.50720886536995,55.70600952274409,666.3141009990986 37.50689070704003,55.706005654599345,666.3141009990986 37.506572548787624,55.70600178563062,664.3396747295674 37.506254390612746,55.70599791583793,663.7521655742939 37.50593623251541,55.70599404522129,663.7521655742939 37.50561807449565,55.70599017378066,665.0635974590596 37.505299916553454,55.705986301516084,666.2557971660908 37.50498175868886,55.705982428427546,666.2557971660908 37.50466360090187,55.70597855451503,666.0325000469502 37.50434544319252,55.705974679778556,664.5688922588643 37.5040272855608,55.70597080421812,664.5688922588643 37.50370912800675,55.705966927833714,662.0878284160908 37.503390970530376,55.70596305062535,662.3467242901143 37.50307281313169,55.705959172593026,662.3467242901143 37.50275465581072,55.70595529373673,662.8591907207783 37.50243649856748,55.705951414056486,663.7836444561299 37.502118341401975,55.70594753355227,663.7836444561299 37.501800184314234,55.70594365222409,665.2840564434346 37.50148202730426,55.705939770071964,662.4774463360127 37.50116387037209,55.70593588709587,662.4774463360127 37.50084571351773,55.70593200329582,659.5686176006611 37.50052755674119,55.70592811867181,656.9339282696064 37.50020940004249,55.70592423322384,656.9339282696064 37.49989124342166,55.705920346951906,657.3644244854268 37.4995730868787,55.70591645985603,657.9663837139424 37.49925493041362,55.70591257193619,657.9663837139424 37.49893677402646,55.705908683192376,656.7315814678486 37.49861861771722,55.705904793624626,656.2556140606221 37.49830046148592,55.705900903232916,656.2556140606221 37.497982305332584,55.70589701201725,655.8826282207783 37.49766414925721,55.705893119977624,655.4346301739033 37.497345993259835,55.70588922711405,655.4346301739033 37.49702783734047,55.70588533342652,655.0072162334736 37.49670968149912,55.70588143891503,654.6043231670674 37.49639152573581,55.7058775435796,654.6043231670674 37.49607337005056,55.7058736474202,653.2453143780049 37.495755214443385,55.70586975043687,651.8830554668721 37.4954370589143,55.705865852629564,651.8830554668721 37.495118903463315,55.70586195399832,650.4299762432393 37.494800748090455,55.70585805454312,649.4913623516377 37.494482592795734,55.70585415426396,649.4913623516377 37.494164437579165,55.705850253160875,648.4412067119893 37.49384628244077,55.70584635123383,647.8449237530049 37.493528127380564,55.705842448482834,647.8449237530049 37.49320997239856,55.705838544907884,647.1401508037861 37.49289181749478,55.70583464050899,645.8768451397236 37.492573662669244,55.70583073528615,645.8768451397236 37.49225550792195,55.705826829239356,646.5912463848408 37.491937353252936,55.70582292236862,647.1099994365986 37.4916191986622,55.70581901467393,647.1099994365986 37.49130104414977,55.7058151061553,644.6043689434346 37.49098288971566,55.70581119681272,643.7940356914814 37.49066473535989,55.705807286646206,643.7940356914814 37.49034658108248,55.705803375655734,641.9913623516377 37.49002842688343,55.705799463841316,638.3250415508564 37.489710272762764,55.705795551202975,638.3250415508564 37.4893921187205,55.70579163774067,632.1586139385518 37.48907396475666,55.70578772345442,629.1600635235127 37.488755810871254,55.705783808344236,629.1600635235127 37.4884376570643,55.705779892410106,629.2828662578877 37.48811950333582,55.70577597565204,631.8483569805439 37.48780134968582,55.70577205807003,631.8483569805439 37.48748319611432,55.70576813966408,634.3520953838643 37.487165042621335,55.705764220434176,636.9962909405049 37.48684688920689,55.70576030038035,636.9962909405049 37.48652873587099,55.705756379502574,640.3370349590596 37.48621058261366,55.70575245780086,643.2934253399189 37.48589242943492,55.70574853527521,643.2934253399189 37.48557427633477,55.70574461192563,642.7412707989033 37.485256123313235,55.7057406877521,642.9154956524189 37.484937970370346,55.705736762754626,642.9154956524189 37.48461981750609,55.70573283693323,644.9338061992939 37.48430166472052,55.70572891028788,647.5970599834736 37.48398351201362,55.705724982818616,647.5970599834736 37.48366535938543,55.705721054525405,651.6363971416768 37.483347206835944,55.705717125408256,652.3738391582783 37.48302905436519,55.705713195467176,652.3738391582783 37.48271090197319,55.70570926470215,650.3953235332783 37.48239274965995,55.7057053331132,649.9752490703877 37.482074597425495,55.70570140070032,649.9752490703877 37.48175644526984,55.7056974674635,650.3821551983174 37.481438293193,55.70569353340276,649.7090900127705 37.481120141194985,55.70568959851808,649.7090900127705 37.48080198927582,55.70568566280945,649.6367328350361 37.48048383743552,55.70568172627691,649.9101703350361 37.4801656856741,55.70567778892044,649.9101703350361 37.47984753399158,55.70567385074003,651.248274583083 37.479529382387966,55.7056699117357,654.1854541485127 37.47921123086329,55.70566597190743,654.1854541485127 37.47889307941755,55.70566203125523,656.3748309795674 37.47857492805078,55.70565808977911,658.2008044903096 37.47825677676299,55.70565414747906,658.2008044903096 37.477938625554195,55.705650204355074,658.6534259502705 37.47762047442441,55.705646260407164,661.3228748028096 37.47730232337366,55.70564231563534,661.3228748028096 37.476984172401956,55.705638370039566,662.1216418926533 37.4766660215093,55.70563442361988,660.6926257793721 37.47634787069573,55.705630476376264,660.6926257793721 37.476029719961254,55.70562652830872,661.0095660869893 37.47571156930589,55.705622579417266,662.9337909405049 37.47539341872966,55.705618629701874,662.9337909405049 37.475075268232565,55.705614679162565,664.2809131328877 37.47475711781464,55.705610727799325,666.7054584209736 37.47443896747588,55.70560677561217,666.7054584209736 37.474120817216324,55.70560282260109,666.3401630108174 37.47380266703597,55.70559886876609,665.4756457989033 37.473484516934846,55.70559491410716,665.4756457989033 37.47316636691296,55.70559095862431,664.7142627422627 37.47284821697034,55.70558700231755,663.9503009502705 37.472530067106995,55.705583045186856,663.9503009502705 37.472211917322944,55.705579087232245,665.1278827373799 37.4718937676182,55.70557512845373,666.9580218975361 37.471575617992784,55.70557116885128,666.9580218975361 37.4712574684467,55.70556720842491,667.5913531963643 37.47093931897999,55.705563247174624,669.0024554912861 37.47062116959265,55.705559285100435,669.0024554912861 37.47030302028469,55.705555322202315,664.7051685039814 37.46998487105614,55.70555135848028,662.5778491680439 37.469666721907025,55.70554739393433,662.5778491680439 37.46934857283734,55.70554342856446,666.1874530498799 37.46903042384712,55.70553946237068,666.6036517803486 37.46871227493637,55.70553549535298,666.6036517803486 37.46839412610512,55.70553152751137,663.1010730449971 37.46807597735336,55.70552755884584,664.1166522686299 37.46775782868113,55.7055235893564,664.1166522686299 37.46743968008845,55.705519619043045,663.5163104717549 37.46712153157531,55.705515647905784,659.4803607647236 37.46680338314175,55.70551167594461,659.4803607647236 37.46648523478778,55.705507703159505,657.6616809551533 37.466167086513416,55.70550372955051,657.9140918438252 37.46584893831867,55.705499755117586,657.9140918438252 37.465530790203566,55.705495779860776,657.238997239333 37.46521264216811,55.70549180378003,659.9943530742939 37.46489449421234,55.7054878268754,659.9943530742939 37.46457634633625,55.705483849146844,661.9745013897236 37.464258198539866,55.705479870594374,660.4739062969502 37.4639400508232,55.70547589121801,660.4739062969502 37.46362190318627,55.705471911017725,659.7483051006611 37.46330375562909,55.70546792999354,661.3665149395283 37.46298560815169,55.70546394814544,661.3665149395283 37.46266746075407,55.705459965473445,661.869368333083 37.462349313436256,55.70545598197754,660.2526996319111 37.462031166198265,55.70545199765773,660.2526996319111 37.461713019040104,55.705448012514005,658.9214008037861 37.4613948719618,55.705444026546395,663.0451038067158 37.46107672496337,55.70544003975486,663.0451038067158 37.46075857804482,55.705436052139426,662.9754474346455 37.46044043120617,55.705432063700094,663.4535358135518 37.46012228444745,55.70542807443686,663.4535358135518 37.45980413776865,55.70542408434972,660.3729694073018 37.45948599116981,55.705420093438676,656.7237537090596 37.459167844650935,55.70541610170373,656.7237537090596 37.45884969821204,55.70541210914488,653.0929248516377 37.45853155185316,55.70540811576214,652.5503070537861 37.45821340557429,55.70540412155549,652.5503070537861 37.45789525937545,55.70540012652494,652.6531055157002 37.45757711325667,55.7053961306705,654.1378162090596 37.457258967217946,55.70539213399215,654.1378162090596 37.45694082125931,55.705388136489915,652.7839801494893 37.45662267538077,55.70538413816378,651.977522629958 37.456304529582354,55.705380139013734,651.977522629958 37.455986383864065,55.70537613903979,652.0870502178486 37.45566823822594,55.70537213824196,653.1586902324971 37.45535009266796,55.70536813662023,653.1586902324971 37.45503194719018,55.70536413417461,649.9651324932393 37.454713801792586,55.705360130905085,647.3318774883564 37.454395656475214,55.705356126811665,647.3318774883564 37.454077511238076,55.70535212189435,645.1828143780049 37.45375936608117,55.70534811615315,648.0148608867939 37.453441221004546,55.705344109588054,648.0148608867939 37.4531230760082,55.70534010219906,645.7573383037861 37.452804931092146,55.705336093986176,640.2673480694111 37.452486786256415,55.705332084949404,640.2673480694111 37.452168641501004,55.70532807508872,639.1690356914814 37.45185049682595,55.70532406440417,639.4522235576924 37.451532352231254,55.705320052895715,639.4522235576924 37.45121420771694,55.70531604056337,640.0563495342549 37.45089606328302,55.705312027407146,640.3712146465596 37.450903171243255,55.705132385573044,640.2168872539814 37.45091027912307,55.70495274373304,640.3175494854268 37.45091738692248,55.70477310188716,640.3175494854268 37.450924494641484,55.704593460035376,640.507796067458 37.45093160228007,55.70441381817771,640.9424579326924 37.450938709838255,55.70423417631415,640.9424579326924 37.45094581731604,55.704054534444694,640.6711566631611 37.45095292471341,55.70387489256935,640.7978198711689 37.45096003203038,55.70369525068811,640.7978198711689 37.45096713926695,55.70351560880098,642.2293384258564 37.45097424642312,55.70333596690797,640.7276294414814 37.45098135349889,55.70315632500905,640.7276294414814 37.45098846049426,55.70297668310424,638.1967914287861 37.45099556740923,55.70279704119355,641.0523822490986 37.45100267424381,55.70261739927695,641.0523822490986 37.451009780998,55.702437757354474,644.1709430401143 37.45101688767179,55.7022581154261,642.3569781963643 37.451023994265185,55.70207847349183,642.3569781963643 37.451342112451115,55.70208248616439,639.0392596905049 37.451660230717415,55.70208649801315,638.3503558819111 37.45197834906407,55.70209050903812,638.3503558819111 37.45229646749107,55.70209451923931,638.1844318096455 37.45261458599839,55.702098528616695,636.7326190655049 37.452932704586026,55.70210253717029,636.7326190655049 37.453250823253946,55.7021065449001,636.238508958083 37.45356894200214,55.70211055180611,642.4304340069111 37.4538870608306,55.70211455788833,642.4304340069111 37.4542051797393,55.70211856314676,648.8034656231221 37.454523298728226,55.70212256758138,650.0424030010518 37.454841417797354,55.70212657119221,650.0424030010518 37.45515953694668,55.70213057397925,651.0050647442158 37.45547765617619,55.70213457594249,652.5674274151143 37.45579577548585,55.702138577081925,652.5674274151143 37.45611389487566,55.70214257739757,652.5369098369893 37.456432014345594,55.70214657688942,653.6655414287861 37.45675013389564,55.70215057555747,653.6655414287861 37.45706825352578,55.70215457340172,658.7455280010518 37.457386373236,55.70215857042217,663.1929614727314 37.45770449302628,55.70216256661882,663.1929614727314 37.4580226128966,55.70216656199168,662.0091235821064 37.45834073284695,55.70217055654073,657.4277332012471 37.45865885287731,55.70217455026598,657.4277332012471 37.45897697298767,55.70217854316744,657.8291003887471 37.45929509317801,55.70218253524508,658.3222339336689 37.45961321344831,55.70218652649893,658.3222339336689 37.45993133379855,55.70219051692898,659.2920520489033 37.46024945422872,55.702194506535214,656.7966602032002 37.46056757473882,55.70219849531766,656.7966602032002 37.46088569532879,55.70220248327629,655.5773914043721 37.46120381599866,55.70220647041112,655.5220477764424 37.46152193674838,55.702210456722135,655.5220477764424 37.46184005757796,55.70221444220936,657.9621722881611 37.462158178487364,55.702218426872776,660.4709460918721 37.46247629947658,55.70222241071239,660.4709460918721 37.4627944205456,55.70222639372819,662.5572803203877 37.46311254169439,55.70223037592019,663.3626086895283 37.46343066292296,55.70223435728837,663.3626086895283 37.463748784231264,55.702238337832746,663.4301440899189 37.46406690561931,55.70224231755331,662.2806995098408 37.46438502708706,55.70224629645007,662.2806995098408 37.46470314863452,55.70225027452303,661.3369434063252 37.46502127026166,55.70225425177217,662.5307147686299 37.46533939196846,55.70225822819751,662.5307147686299 37.46565751375491,55.70226220379903,661.2602985088643 37.465975635621,55.70226617857674,659.8148486797627 37.4662937575667,55.702270152530645,659.8148486797627 37.466611879592,55.70227412566072,661.1012866680439 37.466930001696895,55.702278097967,662.8760669414814 37.46724812388135,55.70228206944947,662.8760669414814 37.467566246145346,55.70228604010812,663.6018054668721 37.46788436848888,55.702290009942956,663.8768451397236 37.468202490911935,55.702293978953975,663.8768451397236 37.46852061341449,55.702297947141176,666.6658160869893 37.468838735996535,55.702301914504574,667.5223529522236 37.46915685865804,55.70230588104415,667.5223529522236 37.469474981398996,55.70230984675991,666.5204150860127 37.46979310421939,55.702313811651855,666.4447925274189 37.470111227119205,55.70231777571998,666.4447925274189 37.47042935009842,55.702321738964294,664.3595721905049 37.470747473157026,55.70232570138478,663.0030353252705 37.47106559629499,55.70232966298146,663.0030353252705 37.47138371951232,55.70233362375432,662.6134326641377 37.47170184280897,55.70233758370336,661.1224048321064 37.472019966184945,55.70234154282858,661.1224048321064 37.47233808964023,55.702345501129976,659.2234332744893 37.4726562131748,55.70234945860755,657.8213641826924 37.47297433678864,55.70235341526131,657.8213641826924 37.47329246048173,55.702357371091246,657.5044849102314 37.47361058425406,55.70236132609735,657.5421588604268 37.47392870810562,55.70236528027965,657.5421588604268 37.474246832036364,55.70236923363812,657.6331165020283 37.474564956046315,55.702373186172764,657.0642078106221 37.47488308013543,55.702377137883595,657.0642078106221 37.475201204303694,55.70238108877059,656.0710590069111 37.47551932855111,55.70238503883376,654.4436633770283 37.47583745287764,55.70238898807312,654.4436633770283 37.47615557728327,55.70239293648864,652.8197467510518 37.476473701768,55.702396884080336,651.7317493145283 37.4767918263318,55.70240083084821,651.7317493145283 37.47710995097465,55.702404776792264,650.5723102276143 37.477428075696544,55.702408721912484,650.5177295391377 37.477746200497464,55.70241266620887,650.5177295391377 37.47806432537739,55.702416609681435,651.4391009990986 37.4783824503363,55.70242055233018,650.9156482403096 37.47870057537419,55.70242449415508,650.9156482403096 37.47901870049103,55.702428435156165,648.3948047344502 37.47933682568682,55.702432375333416,647.5046374981221 37.47965495096153,55.702436314686835,647.5046374981221 37.47997307631515,55.70244025321642,646.9317310039814 37.480291201747654,55.70244419092218,647.2785785381611 37.48060932725904,55.70244812780411,647.2785785381611 37.480927452849286,55.70245206386221,647.0051868145283 37.48124557851837,55.702455999096465,645.9952075664814 37.48156370426628,55.7024599335069,645.9952075664814 37.481881830093,55.70246386709349,642.9329364483174 37.48219995599852,55.70246779985625,641.6408069317158 37.4825180819828,55.702471731795185,641.6408069317158 37.482836208045846,55.702475662910274,643.3514392559346 37.48315433418764,55.70247959320154,643.9583728496846 37.48347246040816,55.70248352266897,643.9583728496846 37.483790586707386,55.70248745131256,642.984114426833 37.484108713085305,55.702491379132304,639.3413226787861 37.484426839541904,55.70249530612823,639.3413226787861 37.48474496607716,55.702499232300305,639.3712909405049 37.485063092691064,55.70250315764855,639.5282428448018 37.4853812193836,55.70250708217295,639.5282428448018 37.48569934615473,55.70251100587351,637.5568072979268 37.486017473004466,55.70251492875024,636.4380023662861 37.48633559993279,55.70251885080314,636.4380023662861 37.486653726939664,55.702522772032175,633.3857562725361 37.486971854025086,55.702526692437395,634.1486957256611 37.487289981189036,55.70253061201875,634.1486957256611 37.4876081084315,55.70253453077628,631.6437366192158 37.48792623575246,55.70253844870997,639.071516770583 37.4882443631519,55.70254236581981,639.071516770583 37.488562490629796,55.702546282105814,647.4571216289814 37.48888061818615,55.702550197567966,650.010969895583 37.48919874582093,55.70255411220629,650.010969895583 37.489516873534114,55.70255802602076,651.214827317458 37.48983500132571,55.70256193901139,653.0589435283955 37.49015312919568,55.70256585117817,653.0589435283955 37.49047125714401,55.7025697625211,653.5047137920674 37.49078938517069,55.7025736730402,654.6801440899189 37.4911075132757,55.70257758273544,654.6801440899189 37.49142564145903,55.70258149160685,656.3902118389424 37.49174376972066,55.7025853996544,656.9202411358174 37.49206189806056,55.7025893068781,656.9202411358174 37.49238002647874,55.70259321327796,658.3009326641377 37.49269815497516,55.70259711885398,658.2747028057393 37.493016283549814,55.702601023606135,658.2747028057393 37.493334412202685,55.70260492753445,658.4990680401143 37.49365254093375,55.70260883063892,657.8572070782002 37.493970669743,55.702612732919526,657.8572070782002 37.49428879863042,55.702616634376305,658.6219318096455 37.49460692759599,55.70262053500921,659.6339862530049 37.494925056639694,55.70262443481828,659.6339862530049 37.49524318576151,55.70262833380348,660.6908099834736 37.49556131496143,55.702632231964856,661.1788318340596 37.495879444239435,55.70263612930235,661.1788318340596 37.4961975735955,55.70264002581601,662.2844379131611 37.49651570302962,55.70264392150582,662.6964252178486 37.496833832541775,55.702647816371766,662.6964252178486 37.497151962131944,55.70265171041385,662.2471912090596 37.497470091800125,55.70265560363209,663.4756763164814 37.49778822154629,55.70265949602648,663.4756763164814 37.49810635137042,55.702663387597006,662.6798236553486 37.498424481272494,55.70266727834368,666.2899158184346 37.49874261125251,55.7026711682665,666.2899158184346 37.49906074131045,55.70267505736546,672.4466846172627 37.49937887144629,55.70267894564056,670.4792468731221 37.49969700166002,55.702682833091814,670.4792468731221 37.500015131951606,55.702686719719196,667.9700458233174 37.50033326232106,55.702690605522726,669.2313678448018 37.50065139276834,55.702694490502395,669.2313678448018 37.50096952329345,55.70269837465822,668.7836597149189 37.501287653896355,55.702702257990154,670.0161731426533 37.50160578457705,55.70270614049825,670.0161731426533 37.50192391533552,55.70271002218249,674.7459552471455 37.502242046171745,55.70271390304285,676.1898791973408 37.5025601770857,55.70271778307936,676.1898791973408 37.502878308077385,55.702721662292,673.3138415996846 37.50319643914677,55.70272554068079,673.7332141582783 37.503514570293845,55.70272941824571,673.7332141582783 37.50383270151859,55.702733294986764,672.7346942608174 37.504150832821,55.70273717090396,671.2289264385518 37.50446896420103,55.7027410459973,671.2289264385518 37.5047870956587,55.70274492026677,671.5035388653096 37.50510522719397,55.70274879371237,672.0992725078877 37.50542335880683,55.702752666334085,672.0992725078877 37.50574149049726,55.702756538131965,671.8679187481221 37.506059622265255,55.70276040910597,674.3739459698018 37.50637775411078,55.702764279256115,674.3739459698018 37.50669588603383,55.70276814858238,675.2679889385518 37.5070140180344,55.70277201708478,672.4722278301533 37.50733215011245,55.70277588476332,672.4722278301533 37.50765028226798,55.70277975161798,672.1354205791768 37.507968414500965,55.702783617648784,672.0281665508564 37.508286546811384,55.702787482855705,672.0281665508564 37.50860467919924,55.702791347238765,672.4702594463643 37.50892281166449,55.70279521079796,674.5088641826924 37.50924094420714,55.70279907353327,674.5088641826924 37.50955907682717,55.70280293544472,678.8166034405049 37.509877209524554,55.7028067965323,676.1650989239033 37.51019534229928,55.702810656796,676.1650989239033 37.510513475151335,55.70281451623584,673.0448901836689 37.51083160808069,55.702818374851795,671.3383929912861 37.511149741087344,55.702822232643875,671.3383929912861 37.51146787417128,55.702826089612095,671.7207629864033 37.511786007332475,55.702829945756434,673.1739490215596 37.51210414057091,55.70283380107689,673.1739490215596 37.51242227388658,55.70283765557349,674.106917161208 37.512740407279445,55.7028415092462,674.7140338604268 37.51305854074951,55.70284536209503,674.7140338604268 37.51337667429676,55.70284921411999,673.911848801833 37.51369480792116,55.70285306532108,675.1083972637471 37.51401294162272,55.70285691569829,675.1083972637471 37.514331075401394,55.70286076525162,676.9659869854268 37.514649209257186,55.70286461398107,679.5128467266377 37.51496734319007,55.702868461886645,679.5128467266377 37.51528547720004,55.702872308968345,681.3104541485127 37.51560361128706,55.702876155226164,682.4937274639424 37.51592174545114,55.7028800006601,682.4937274639424 37.51623987969224,55.70288384527016,682.3513629619893 37.51655801401035,55.70288768905634,681.3692920391377 37.516876148405466,55.70289153201863,681.3692920391377 37.51719428287756,55.70289537415704,683.4356830303486 37.51751241742661,55.702899215471575,685.5677478496846 37.517830552052615,55.702903055962224,685.5677478496846 37.51814868675555,55.702906895629,687.0527484600361 37.5184668215354,55.70291073447188,687.1243732158955 37.51878495639214,55.70291457249088,687.1243732158955 37.51910309132576,55.702918409686,687.6567065899189 37.519421226336256,55.702922246057234,690.7954852764424 37.51973936142359,55.70292608160459,690.7954852764424 37.52005749658776,55.70292991632805,694.9802539532002 37.52037563182874,55.70293375022762,700.7406146709736 37.520693767146525,55.702937583303324,700.7406146709736 37.5210119025411,55.702941415555124,703.5436694805439 37.52133003801242,55.70294524698304,701.9448840801533 37.5216481735605,55.70294907758708,701.9448840801533 37.521966309185316,55.70295290736722,700.3130786602314 37.52228444488685,55.70295673632348,700.4055164043721 37.52260258066507,55.70296056445584,700.4055164043721 37.522920716519984,55.702964391764326,700.0657642071064 37.52323885245156,55.70296821824891,701.0545337383564 37.52355698845979,55.70297204390961,701.0545337383564 37.52387512454465,55.702975868746414,698.577132004958 37.524193260706134,55.702979692759335,694.6721790020283 37.52451139694422,55.702983515948354,694.6721790020283 37.52482953325888,55.702987338313505,697.1713550274189 37.52514766965012,55.70299115985474,698.5900867168721 37.5254658061179,55.702994980572086,698.5900867168721 37.52578394266222,55.70299880046555,692.7714374248799 37.526102079283056,55.70300261953511,693.0598743145283 37.5264202159804,55.70300643778078,693.0598743145283 37.52673835275422,55.70301025520256,695.9003284160908 37.52705648960452,55.703014071800446,693.8837421123799 37.52737462653126,55.70301788757443,693.8837421123799 37.527692763534446,55.70302170252453,694.6338184063252 37.52801090061405,55.703025516650726,696.0896594707783 37.52832903777006,55.70302932995302,696.0896594707783 37.528647175002455,55.70303314243142,697.4434650127705 37.528965312311215,55.70303695408593,698.4837787334736 37.52928344969632,55.703040764916544,698.4837787334736 37.52960158715778,55.70304457492325,700.943098801833 37.52991972469556,55.70304838410606,701.7969348614033 37.53023786230963,55.70305219246499,701.7969348614033 37.530556,55.703056,699.1444690410908 37.53087413776664,55.70305980671111,697.3668201153096 37.53119227560953,55.70306361259832,697.3668201153096 37.531510413528665,55.70306741766165,696.1076038067158 37.53182855152401,55.70307122190104,695.1940143291768 37.53214668959557,55.70307502531656,695.1940143291768 37.53246482774332,55.70307882790817,693.0672595684346 37.532782965967236,55.703082629675876,690.6512592022236 37.53310110426732,55.703086430619685,690.6512592022236 37.533419242643525,55.70309023073959,690.0662219707783 37.53373738109586,55.703094030035594,689.6490314190205 37.53405551962431,55.70309782850769,689.6490314190205 37.53437365822884,55.70310162615588,690.6977985088643 37.53469179690944,55.70310542298016,692.4805286114033 37.53500993566611,55.703109218980536,692.4805286114033 37.535328074498814,55.70311301415701,693.5090625469502 37.535646213407546,55.703116808509584,698.5809009258564 37.53596435239228,55.70312060203825,698.5809009258564 37.53628249145301,55.703124394743,702.5797565166768 37.5366006305897,55.70312818662384,701.7467487041768 37.53691876980237,55.70313197768079,701.7467487041768 37.537236909090964,55.703135767913814,695.4253833477314 37.537555048455495,55.70313955732294,691.3576648418721 37.537873187895926,55.70314334590815,691.3576648418721 37.53819132741226,55.70314713366946,693.9562213604268 37.53850946700447,55.70315092060685,694.5094745342549 37.53882760667252,55.70315470672034,694.5094745342549 37.53914574641643,55.70315849200992,689.7224719707783 37.53946388623616,55.70316227647558,688.351057786208 37.539782026131704,55.70316606011733,688.351057786208 37.54010016610304,55.703169842935175,691.1599872295674 37.54041830615015,55.7031736249291,693.0722186748799 37.540736446273016,55.70317740609912,693.0722186748799 37.54105458647163,55.70318118644522,690.6908099834736 37.54137272674598,55.7031849659674,691.7677600567158 37.54169086709603,55.70318874466568,691.7677600567158 37.542009007521784,55.703192522540036,694.8625171367939 37.542327148023205,55.70319629959048,695.3132007305439 37.54264528860029,55.703200075817016,695.3132007305439 37.54296342925303,55.703203851219634,690.3968951885518 37.54328156998139,55.70320762579833,689.0376727764424 37.54359971078536,55.703211399553105,689.0376727764424 37.54391785166493,55.70321517248397,689.5310352032002 37.544235992620074,55.70321894459091,690.8213489239033 37.544554133650784,55.70322271587394,690.8213489239033 37.54487227475704,55.70322648633305,689.942122239333 37.545190415938826,55.70323025596825,687.5064990703877 37.54550855719612,55.70323402477952,687.5064990703877 37.54582669852892,55.70323779276687,686.9026019756611 37.5461448399372,55.70324155993031,685.2011707012471 37.54646298142094,55.70324532626982,685.2011707012471 37.54678112298012,55.703249091785416,685.0951678936299 37.547099264614744,55.703252856477086,686.5641467754658 37.547417406324776,55.70325662034483,686.5641467754658 37.547735548110204,55.70326038338865,688.5815570537861 37.54805368997101,55.703264145608564,693.020735520583 37.54837183190719,55.703267907004545,693.020735520583 37.54868997391871,55.7032716675766,693.669661301833 37.54900811600557,55.70327542732473,686.0262744610127 37.54932625816773,55.70327918624894,686.0262744610127 37.54964440040521,55.70328294434923,680.0672137920674 37.54996254271796,55.703286701625586,679.234846848708 37.550280685105974,55.70329045807802,679.234846848708 37.550598827569246,55.703294213706535,680.7180469219502 37.55091697010775,55.70329796851112,681.7477405254658 37.551235112721464,55.70330172249177,681.7477405254658 37.551553255410376,55.703305475648506,682.8493335430439 37.55187139817448,55.7033092279813,681.0701282207783 37.55218954101374,55.70331297949017,681.0701282207783 37.55250768392816,55.70331673017513,675.5066974346455 37.55282582691771,55.70332048003614,672.6266162578877 37.553143969982386,55.70332422907323,672.6266162578877 37.55346211312215,55.70332797728638,671.0097034160908 37.55378025633701,55.703331724675614,670.8765094463643 37.55409839962693,55.70333547124091,670.8765094463643 37.5544165429919,55.70333921698228,671.6089618389424 37.554734686431914,55.703342961899715,672.3859546367939 37.555052829946945,55.70334670599322,672.3859546367939 37.555370973536974,55.703350449262786,673.6129138653096 37.555689117201986,55.70335419170842,673.3518207256611 37.556007260941975,55.70335793333013,673.3518207256611 37.556325404756905,55.703361674127905,669.9754932110127 37.55664354864678,55.70336541410175,666.9274280254658 37.55696169261158,55.70336915325165,666.9274280254658 37.557279836651276,55.70337289157762,664.3884418194111 37.55759798076586,55.70337662907965,661.168684739333 37.55791612495531,55.70338036575775,661.168684739333 37.558234269219625,55.70338410161192,659.8753497783955 37.558552413558765,55.703387836642136,659.1600940410908 37.55887055797273,55.70339157084843,659.1600940410908 37.559188702461505,55.70339530423078,658.927717942458 37.55950684702506,55.7033990367892,658.0163715069111 37.55982499166339,55.703402768523674,658.0163715069111 37.560143136376475,55.70340649943421,654.8076923076924 37.5604612811643,55.70341022952082,654.8076923076924 37.56077942602685,55.70341395878348,654.8076923076924 37.561097570964094,55.703417687222206,654.8076923076924 37.56141571597603,55.70342141483698,657.2839496319111 37.56173386106264,55.703425141627825,657.2839496319111 37.562052006223915,55.703428867594724,659.2558124248799 37.56237015145982,55.703432592737684,659.8891742412861 37.562688296770354,55.703436317056706,659.8891742412861 37.56300644215549,55.703440040551776,660.3270862285908 37.56332458761522,55.70344376322291,661.9915912334736 37.563642733149514,55.70344748507009,661.9915912334736 37.56396087875837,55.70345120609335,662.3290240948018 37.564279024441774,55.70345492629265,665.0400684063252 37.564597170199704,55.70345864566801,665.0400684063252 37.56491531603213,55.70346236421942,666.9409625713643 37.56523346193905,55.70346608194688,665.6258380596455 37.56555160792045,55.70346979885041,665.6258380596455 37.5658697539763,55.70347351492999,664.472395676833 37.5661879001066,55.70347723018562,665.1487262432393 37.56650604631132,55.703480944617304,665.1487262432393 37.56682419259045,55.70348465822504,661.6867053692158 37.567142338943974,55.70348837100883,662.9130389873799 37.567460485371875,55.70349208296867,662.9130389873799 37.56777863187413,55.70349579410456,665.8415057842549 37.56809677845073,55.703499504416506,665.4361713115986 37.568414925101656,55.703503213904504,665.4361713115986 37.56873307182689,55.70350692256855,666.6699359600361 37.56905121862642,55.703510630408644,667.2221820537861 37.56936936550023,55.703514337424785,667.2221820537861 37.5696875124483,55.70351804361699,670.1517169658955 37.57000565947061,55.703521748985224,669.7576739971455 37.57032380656715,55.703525453529515,669.7576739971455 37.5706419537379,55.703529157249854,666.4327838604268 37.570960100982845,55.70353286014624,663.1796863262471 37.571278248301965,55.70353656221867,663.1796863262471 37.57159639569525,55.70354026346716,662.4234912578877 37.57191454316268,55.70354396389168,662.8095691387471 37.57223269070423,55.70354766349226,662.8095691387471 37.5725508383199,55.703551362268875,661.7464893047627 37.57286898600967,55.70355506022155,662.5128009502705 37.57318713377351,55.703558757350244,662.5128009502705 37.573505281611425,55.703562453654996,661.3775165264424 37.57382342952337,55.703566149135796,660.858870286208 37.57414157750935,55.70356984379263,660.858870286208 37.57445972556935,55.703573537625516,662.2598560039814 37.57477787370335,55.703577230634444,661.7055804912861 37.575096021911314,55.703580922819405,661.7055804912861 37.575414170193255,55.703584614180414,660.3394763653096 37.575732318549136,55.703588304717464,660.6286151592549 37.57605046697895,55.70359199443055,660.6286151592549 37.57636861548268,55.70359568331968,664.7007129375752 37.576686764060305,55.70359937138486,664.8384235088643 37.577004912711814,55.703603058626065,664.8384235088643 37.577323061437184,55.70360674504332,663.8949420635518 37.5776412102364,55.70361043063661,664.6884296123799 37.57795935910946,55.703614115405934,664.6884296123799 37.578277508056324,55.7036177993513,664.5261981670674 37.578595657076995,55.703621482472705,667.6051929180439 37.57891380617144,55.70362516477014,667.6051929180439 37.57923195533966,55.70362884624362,663.9382617657002 37.57955010458162,55.70363252689313,657.6255328838643 37.57986825389732,55.70363620671868,657.6255328838643 37.58018640328673,55.70363988572026,657.6916797344502 37.580504552749844,55.703643563897884,660.1685626690205 37.58082270228664,55.70364724125154,660.1685626690205 37.58114085189711,55.70365091778123,663.058333176833 37.58145900158122,55.70365459348696,665.3802478496846 37.581777151338976,55.70365826836871,665.3802478496846 37.582095301170334,55.70366194242649,661.2879321758564 37.5824134510753,55.70366561566032,657.1035449688252 37.58273160105386,55.703669288070174,657.1035449688252 37.583049751105975,55.70367295965606,654.3892352764424 37.58336790123165,55.703676630417974,658.7776782696064 37.58368605143085,55.70368030035592,658.7776782696064 37.58400420170358,55.70368396946991,659.9117267315205 37.5843223520498,55.703687637759906,654.2688739483174 37.58464050246952,55.703691305225945,654.2688739483174 37.5849586529627,55.70369497186802,649.7960345928486 37.58527680352934,55.70369863768612,646.4815662090596 37.5855949541694,55.70370230268024,646.4815662090596 37.5859131048829,55.70370596685039,646.3999011699971 37.58623125566979,55.703709630196585,648.1189868633564 37.586549406530075,55.70371329271879,648.1189868633564 37.58686755746372,55.70371695441702,649.3857104961689 37.58718570847073,55.70372061529128,648.3588245098408 37.58750385955107,55.70372427534158,648.3588245098408 37.587822010704734,55.703727934567894,641.130598801833 37.5881401619317,55.70373159297023,635.9125354473408 37.58845831323195,55.7037352505486,635.9125354473408 37.58877646460548,55.703738907302984,634.1580646221455 37.589094616052265,55.7037425632334,633.2972705547627 37.589412767572284,55.70374621833984,633.2972705547627 37.589730919165525,55.703749872622296,635.7583148662861 37.59004907083197,55.70375352608078,640.4911792461689 37.59036722257161,55.70375717871528,640.4911792461689 37.590685374384414,55.7037608305258,643.3262775127705 37.59100352627038,55.70376448151236,645.7142627422627 37.59132167822948,55.70376813167492,645.7142627422627 37.591639830261705,55.703771781013515,647.5357043926533 37.59195798236704,55.703775429528136,646.785139817458 37.59227613454546,55.70377907721877,646.785139817458 37.59259428679696,55.703782724085414,647.5066516582783 37.59291243912151,55.703786370128086,651.1653278057393 37.59323059151911,55.70379001534678,651.1653278057393 37.59354874398973,55.70379365974148,651.9946277324971 37.59386689653335,55.7037973033122,653.5417010967549 37.59418504914997,55.70380094605894,653.5417010967549 37.59450320183956,55.703804587981715,652.5450427715596 37.59482135460211,55.70380822908049,650.1192157451924 37.5951395074376,55.70381186935528,650.1192157451924 37.595457660346014,55.70381550880609,651.7046191875752 37.59577581332734,55.70381914743292,648.5246722881611 37.59609396638156,55.703822785235744,648.5246722881611 37.596412119508656,55.7038264222146,642.4519488994893 37.596730272708605,55.703830058369476,637.5516803448018 37.5970484259814,55.70383369370035,637.5516803448018 37.597366579327016,55.70383732820726,636.3984668438252 37.597684732745456,55.70384096189016,634.0150592510518 37.59800288623667,55.703844594749086,634.0150592510518 37.59832103980067,55.70384822678401,633.745100754958 37.598639193437435,55.70385185799497,633.5827624981221 37.59895734714694,55.70385548838192,633.5827624981221 37.599275500929174,55.703859117944894,634.1185290996846 37.59959365478412,55.70386274668386,633.4125201885518 37.59991180871176,55.70386637459886,633.4125201885518 37.60022996271207,55.70387000168986,627.1034076397236 37.60054811678505,55.70387362795687,624.2714984600361 37.600866270930666,55.70387725339989,624.2714984600361 37.60118442514892,55.70388087801891,624.0272967998799 37.60150257943978,55.70388450181394,624.5404803936299 37.601820733803244,55.70388812478499,624.5404803936299 37.602138888239274,55.70389174693204,624.4388873760518 37.60245704274787,55.7038953682551,625.1804950420674 37.60277519732902,55.703898988754155,625.1804950420674 37.60309335198269,55.70390260842922,628.1242053692158 37.60341150670888,55.70390622728029,631.5958392803486 37.603729661507565,55.70390984530737,631.5958392803486 37.60404781637873,55.703913462510464,634.5325610821064 37.60436597132236,55.70391707888955,634.3101642315205 37.604684126338434,55.70392069444465,634.3101642315205 37.60500228142694,55.70392430917575,634.3069751446064 37.60532043658785,55.70392792308284,636.0461108867939 37.60563859182117,55.703931536165946,636.0461108867939 37.60595674712687,55.70393514842506,639.5054767315205 37.60627490250493,55.70393875986017,643.4082782451924 37.606593057955344,55.703942370471275,643.4082782451924 37.606911213478085,55.70394598025839,642.5524585430439 37.60722936907314,55.7039495892215,641.5811298076924 37.6075475247405,55.70395319736062,641.5811298076924 37.60786568048014,55.70395680467572,641.0453174297627 37.608183836292035,55.70396041116683,641.8214557354268 37.608501992176194,55.70396401683395,641.8214557354268 37.60882014813258,55.70396762167706,641.1440112774189 37.60913830416118,55.70397122569617,638.3061969463643 37.60945646026199,55.70397482889128,638.3061969463643 37.60977461643497,55.70397843126239,636.7833240215596 37.61009277268012,55.70398203280949,634.1675555889424 37.610099150010484,55.70380237812263,635.7576587383564 37.6101055272687,55.70362272342997,636.1299579326924 37.61011190445476,55.70344306873155,636.1299579326924 37.61011828156868,55.70326341402736,637.6208789532002 37.61012465861045,55.70308375931739,639.6229846660908 37.61013103558009,55.70290410460164,639.6229846660908 37.61013741247757,55.70272444988012,638.7632434551533 37.61014378930291,55.702544795152825,637.3131702129658 37.610150166056115,55.70236514041975,637.3131702129658 37.61015654273718,55.7021854856809,637.0845935528096 37.610162919346095,55.70200583093628,636.2522266094502 37.61016929588288,55.701826176185875,636.2522266094502 37.61017567234753,55.70164652142971,633.2140491192158 37.61018204874004,55.70146686666775,626.9654529278096 37.61018842506042,55.70128721190003,626.9654529278096 37.61019480130866,55.701107557126534,624.9666125957783 37.610201177484775,55.70092790234725,623.7071063701924 37.61020755358875,55.7007482475622,623.7071063701924 37.60988942359687,55.70074464644919,623.9392078106221 37.60957129367712,55.70074104451227,625.4342029278096 37.609253163829536,55.70073744175146,625.4342029278096 37.608935034054134,55.70073383816673,624.9739673321064 37.60861690435093,55.700730233758115,626.4603259746846 37.60829877471994,55.70072662852559,626.4603259746846 37.607980645161184,55.70072302246916,628.0014026348408 37.60766251567467,55.70071941558883,632.3502032940205 37.60734438626041,55.7007158078846,632.3502032940205 37.60702625691843,55.700712199356474,635.4178760235127 37.60670812764875,55.70070859000444,634.9987018291768 37.606389998451384,55.700704979828515,634.9987018291768 37.606071869326335,55.70070136882869,635.5370776836689 37.60575374027364,55.70069775700496,636.0161884014424 37.60543561129331,55.70069414435735,636.0161884014424 37.605117482385346,55.700690530885815,636.2837970440205 37.60479935354978,55.70068691659039,636.8735339824971 37.604481224786625,55.70068330147108,636.8735339824971 37.604163096095895,55.70067968552787,637.7469318096455 37.60384496747761,55.70067606876076,638.8608844463643 37.603526838931785,55.70067245116975,638.8608844463643 37.60320871045844,55.70066883275486,639.2489459698018 37.60289058205758,55.700665213516054,638.4949023907002 37.60257245372924,55.70066159345337,638.4949023907002 37.60225432547342,55.700657972566795,638.4848621074971 37.60193619729014,55.700654350856304,639.4846942608174 37.601618069179416,55.70065072832194,639.4846942608174 37.60129994114128,55.70064710496367,640.781965989333 37.60098181317572,55.70064348078152,642.2788226787861 37.600663685282775,55.700639855775464,642.2788226787861 37.60034555746246,55.70063622994552,644.6625507061299 37.60002742971478,55.700632603291695,647.0582111065205 37.599709302039756,55.70062897581398,647.0582111065205 37.59939117443741,55.700625347512364,647.9686420147236 37.59907304690775,55.700621718386856,647.6236713115986 37.598754919450805,55.70061808843746,647.6236713115986 37.59843679206657,55.70061445766418,646.9246661846455 37.59811866475509,55.70061082606701,647.697493333083 37.59780053751636,55.70060719364595,647.697493333083 37.5974824103504,55.70060356040101,648.0661761944111 37.597164283257236,55.70059992633216,646.730208176833 37.59684615623688,55.700596291439446,646.730208176833 37.59652802928934,55.70059265572283,646.5546100323018 37.596209902414635,55.70058901918234,647.1471698467549 37.59589177561279,55.70058538181796,647.1471698467549 37.59557364888382,55.700581743629684,649.9056384746846 37.59525552222773,55.700578104617534,651.3739307110127 37.59493739564456,55.700574464781496,651.3739307110127 37.5946192691343,55.70057082412158,648.4660632793721 37.59430114269698,55.70056718263777,644.598128098708 37.593983016332615,55.70056354033008,644.598128098708 37.59366489004122,55.70055989719851,643.8228748028096 37.59334676382281,55.70055625324305,641.6683490459736 37.593028637677406,55.70055260846371,641.6683490459736 37.59271051160502,55.70054896286048,637.0538165752705 37.59239238560568,55.700545316433384,634.3071735088643 37.59207425967938,55.7005416691824,634.3071735088643 37.59175613382616,55.70053802110754,634.1475360576924 37.59143800804602,55.70053437220879,633.5661304180439 37.59111988233899,55.70053072248617,633.5661304180439 37.59080175670507,55.70052707193966,634.6625659649189 37.59048363114428,55.70052342056928,637.8845203106221 37.59016550565665,55.700519768375024,637.8845203106221 37.58984738024219,55.70051611535688,641.3168933574971 37.58952925490092,55.70051246151486,645.0829150860127 37.589211129632844,55.700508806848966,645.0829150860127 37.58889300443799,55.700505151359195,647.3693225567158 37.58857487931636,55.700501495045536,649.2791278545674 37.588256754267995,55.700497837908024,649.2791278545674 37.587938629292886,55.700494179946624,651.538069504958 37.58762050439107,55.70049052116134,653.0299518291768 37.58730237956255,55.700486861552186,653.0299518291768 37.58698425480735,55.70048320111916,650.7359454815205 37.58666613012548,55.70047953986226,648.4013812725361 37.58634800551696,55.70047587778148,648.4013812725361 37.58602988098181,55.70047221487683,649.4318378155049 37.585711756520034,55.700468551148305,656.3939655010518 37.58539363213167,55.70046488659592,656.3939655010518 37.58507550781671,55.70046122121965,659.0177600567158 37.58475738357519,55.70045755501952,657.9829547588643 37.58443925940711,55.7004538879955,657.9829547588643 37.5841211353125,55.70045022014763,657.2394397442158 37.58380301129138,55.70044655147588,656.6976306621846 37.583484887343744,55.70044288198025,656.6976306621846 37.58316676346963,55.700439211660765,656.1427142803486 37.582848639669045,55.700435540517404,655.9714648907002 37.58253051594201,55.700431868550176,655.9714648907002 37.58221239228854,55.70042819575907,658.5296313946064 37.581894268708645,55.700424522144104,659.1629321758564 37.581576145202355,55.700420847705274,659.1629321758564 37.58125802176967,55.70041717244258,663.1472613994893 37.58093989841062,55.700413496356,668.8535449688252 37.580621775125216,55.70040981944557,668.8535449688252 37.580303651913475,55.70040614171128,667.0575702373799 37.57998552877542,55.700402463153104,663.448469895583 37.57966740571105,55.700398783771064,663.448469895583 37.57934928272039,55.70039510356517,662.0469501201924 37.57903115980346,55.70039142253542,660.9665820782002 37.57871303696029,55.7003877406818,660.9665820782002 37.57839491419087,55.70038405800429,662.8647754375752 37.578076791495235,55.700380374502956,667.1499011699971 37.577758668873386,55.700376690177734,667.1499011699971 37.577440546325356,55.700373005028666,665.9989459698018 37.577122423851144,55.70036931905571,665.2761829082783 37.576804301450785,55.70036563225893,665.2761829082783 37.57648617912429,55.70036194463826,667.6314075176533 37.57616805687166,55.700358256193745,669.3788287823018 37.57584993469293,55.70035456692535,669.3788287823018 37.57553181258811,55.70035087683312,668.7283160869893 37.57521369055722,55.70034718591702,668.3473651592549 37.57489556860027,55.70034349417706,668.3473651592549 37.57457744671727,55.70033980161323,668.6848437969502 37.57425932490826,55.700336108225564,669.6142718975361 37.573941203173234,55.70033241401403,669.6142718975361 37.573623081512224,55.70032871897863,668.9361713115986 37.57330495992524,55.70032502311939,665.4251086895283 37.57298683841229,55.700321326436274,665.4251086895283 37.5726687169734,55.70031762892932,665.4991290752705 37.57235059560859,55.70031393059849,670.0975177471455 37.57203247431787,55.70031023144382,670.0975177471455 37.57171435310126,55.7003065314653,670.284163254958 37.57139623195877,55.700302830662906,671.6864764873799 37.57107811089042,55.70029912903667,671.6864764873799 37.57075998989623,55.700295426586585,670.8727100078877 37.57044186897621,55.70029172331264,673.7203815166768 37.570123748130385,55.700288019214845,673.7203815166768 37.56980562735877,55.70028431429319,676.8195331280049 37.569487506661375,55.70028060854769,676.4607684795674 37.56916938603822,55.70027690197835,676.4607684795674 37.568851265489315,55.70027319458514,673.4292743389424 37.56853314501468,55.70026948636808,669.7173907940205 37.56821502461435,55.700265777327175,669.7173907940205 37.56789690428832,55.70026206746241,672.176497239333 37.5675787840366,55.700258356773816,671.0711505596455 37.56726066385923,55.70025464526136,671.0711505596455 37.56694254375621,55.70025093292506,668.9466083233174 37.56662442372757,55.70024721976491,669.3072040264424 37.56630630377331,55.700243505780904,669.3072040264424 37.56598818389345,55.70023979097306,671.1377551739033 37.565670064088025,55.700236075341365,671.2080218975361 37.56535194435703,55.700232358885835,671.2080218975361 37.56503382470049,55.70022864160644,669.9178912823018 37.56471570511842,55.700224923503214,671.6711108867939 37.564397585610834,55.70022120457613,671.6711108867939 37.56407946617776,55.70021748482521,679.3755481426533 37.56376134681919,55.70021376425044,678.6477344219502 37.56344322753517,55.700210042851836,678.6477344219502 37.5631251083257,55.70020632062938,676.0997607891377 37.5628069891908,55.700202597583086,674.0398090069111 37.56248887013049,55.70019887371295,674.0398090069111 37.56217075114477,55.70019514901896,672.8571765606221 37.56185263223367,55.70019142350113,676.602034348708 37.56153451339721,55.700187697159464,676.602034348708 37.5612163946354,55.700183969993944,675.8487842266377 37.56089827594827,55.700180242004606,675.0586230938252 37.560580157335814,55.700176513191415,675.0586230938252 37.56026203879806,55.700172783554386,674.7320392315205 37.559943920335016,55.700169053093525,671.7919147198018 37.55962580194672,55.700165321808804,671.7919147198018 37.55930768363317,55.70016158970025,670.3982837383564 37.558989565394384,55.70015785676787,669.1477649395283 37.55867144723038,55.70015412301164,669.1477649395283 37.55835332914118,55.70015038843159,667.3624561016377 37.55803521112679,55.70014665302769,667.3095843975361 37.55771709318724,55.70014291679995,667.3095843975361 37.55739897532254,55.700139179748376,669.9918506328877 37.5570808575327,55.700135441872966,669.5129535381611 37.55676273981775,55.70013170317373,669.5129535381611 37.55644462217769,55.70012796365066,667.8190448467549 37.55612650461256,55.700124223303746,667.2144916240986 37.55580838712235,55.700120482133,667.2144916240986 37.555490269707086,55.70011674013842,668.5893237774189 37.555172152366794,55.700112997320005,667.9252612774189 37.55485403510148,55.70010925367776,667.9252612774189 37.55453591791116,55.700105509211674,667.0553729717549 37.55421780079586,55.700101763921765,667.8046405498799 37.55389968375559,55.700098017808024,667.8046405498799 37.55358156679036,55.70009427087045,667.874007004958 37.55326344990021,55.70009052310905,666.5157153789814 37.55294533308513,55.70008677452381,666.5157153789814 37.55262721634514,55.70008302511475,664.8003986065205 37.55230909968027,55.70007927488185,664.2198016826924 37.551990983090526,55.700075523825134,664.2198016826924 37.551672866575935,55.70007177194457,664.8117358867939 37.551354750136504,55.7000680192402,665.3740527813252 37.55103663377225,55.70006426571199,665.3740527813252 37.55071851748319,55.70006051135996,664.7342517559346 37.55040040126934,55.70005675618409,665.6351001446064 37.55008228513073,55.7000530001844,665.6351001446064 37.54976416906735,55.70004924336088,667.7633197490986 37.549446053079244,55.700045485713545,668.8919971172627 37.54912793716641,55.70004172724237,668.8919971172627 37.54880982132887,55.70003796794739,673.1440875713643 37.54849170556664,55.70003420782856,678.5869891826924 37.548173589879745,55.700030446885926,678.5869891826924 37.54785547426818,55.70002668511946,681.9425800030049 37.54753735873199,55.70002292252917,682.2059009258564 37.547219243271165,55.70001915911506,682.2059009258564 37.54690112788574,55.70001539487713,681.6033313457783 37.546583012575724,55.70001162981537,679.0851276104268 37.54626489734113,55.70000786392979,679.0851276104268 37.54594678218198,55.70000409722039,677.3294360821064 37.54562866709829,55.70000032968717,677.2486255352314 37.54531055209008,55.699996561330146,677.2486255352314 37.544992437157354,55.69999279214929,679.2631061260518 37.54467432230014,55.69998902214461,683.4121234600361 37.544356207518454,55.69998525131611,683.4121234600361 37.54403809281231,55.69998147966379,688.6077869121846 37.54371997818172,55.699977707187664,691.0438525860127 37.543401863626706,55.69997393388771,691.0438525860127 37.543083749147286,55.69997015976394,690.838362473708 37.54276563474347,55.69996638481635,689.8403461162861 37.54244752041527,55.69996260904495,689.8403461162861 37.54212940616272,55.69995883244973,687.2930743877705 37.54181129198582,55.6999550550307,684.9183795635518 37.541493177884604,55.69995127678785,684.9183795635518 37.54117506385908,55.699947497721176,686.9182574932393 37.54085694990925,55.6999437178307,687.1309650127705 37.54053883603515,55.699939937116405,687.1309650127705 37.54022072223679,55.69993615557831,684.2887408916768 37.539902608514176,55.699932373216384,684.9164264385518 37.53958449486734,55.699928590030645,684.9164264385518 37.539266381296294,55.69992480602111,685.3391711895283 37.538948267801054,55.69992102118775,684.667464036208 37.538630154381636,55.699917235530584,684.667464036208 37.53831204103805,55.69991344904961,686.7566363994893 37.53799392777032,55.69990966174482,687.0090930645283 37.53767581457846,55.69990587361622,687.0090930645283 37.53735770146249,55.699902084663805,687.1136768047627 37.53703958842243,55.69989829488758,688.6516711895283 37.536721475458286,55.699894504287556,688.6516711895283 37.53640336257008,55.69989071286372,688.3807208721455 37.536085249757825,55.69988692061608,687.023665208083 37.53576713702154,55.699883127544624,687.023665208083 37.53544902436124,55.69987933364936,688.8148639385518 37.53513091177695,55.6998755389303,690.0614001934346 37.53481279926867,55.69987174338742,690.0614001934346 37.53449468683643,55.69986794702074,689.7550800030049 37.53417657448025,55.69986414983026,689.6039416973408 37.53385846220013,55.69986035181598,689.6039416973408 37.53354034999609,55.69985655297788,690.4870593731221 37.53322223786816,55.69985275331598,691.5252216045674 37.532904125816344,55.69984895283027,691.5252216045674 37.53258601384067,55.69984515152077,690.6040637676533 37.53226790194114,55.69984134938746,690.398421067458 37.53194979011778,55.69983754643035,690.398421067458 37.5316316783706,55.69983374264943,693.1350391094502 37.53131356669962,55.69982993804472,696.272444504958 37.530995455104865,55.6998261326162,696.272444504958 37.53067734358635,55.699822326363886,696.8769519512471 37.53035923214407,55.699818519287774,695.2686145489033 37.530041120778066,55.69981471138786,695.2686145489033 37.52972300948833,55.69981090266414,694.4761798565205 37.52940489827491,55.69980709311662,692.3600757305439 37.5290867871378,55.69980328274531,692.3600757305439 37.52876867607702,55.69979947155019,690.4303119365986 37.52845056509259,55.69979565953128,694.1292712871846 37.52813245418452,55.69979184668857,694.1292712871846 37.527814343352844,55.69978803302206,698.608382004958 37.527496232597564,55.69978421853177,698.6324145977314 37.527178121918695,55.699780403217666,698.6324145977314 37.52686001131626,55.69977658707977,697.1704852764424 37.526541900790264,55.69977277011808,696.0388324444111 37.526223790340744,55.69976895233259,696.0388324444111 37.52590567996769,55.69976513372331,695.9408405010518 37.525587569671146,55.69976131429024,697.1454761211689 37.52526945945111,55.69975749403337,697.1454761211689 37.52495134930761,55.69975367295272,696.0498035137471 37.52463323924065,55.69974985104826,695.9730365459736 37.524315129250255,55.69974602832002,695.9730365459736 37.52399701933644,55.699742204767986,696.9129474346455 37.52367890949922,55.699738380392155,701.9158008282002 37.52336079973862,55.699734555192535,701.9158008282002 37.52304269005464,55.699730729169126,703.0448444073018 37.52272458044731,55.69972690232192,702.4199359600361 37.522406470916636,55.699723074650926,702.4199359600361 37.52208836146264,55.69971924615615,697.2492664043721 37.521770252085346,55.699715416837584,695.723128098708 37.52145214278476,55.69971158669522,695.723128098708 37.5211340335609,55.69970775572907,695.4807117168721 37.52081592441379,55.69970392393915,695.6262195293721 37.52049781534344,55.699700091325425,695.6262195293721 37.52017970634986,55.69969625788792,696.5872028057393 37.51986159743307,55.69969242362663,697.3905322735127 37.5195434885931,55.69968858854155,697.3905322735127 37.51922537982996,55.699684752632685,696.4063403789814 37.51890727114366,55.699680915900025,694.5726611797627 37.51858916253421,55.69967707834359,694.5726611797627 37.51827105400165,55.69967323996338,693.8221728985127 37.51795294554598,55.699669400759376,692.5720355694111 37.51763483716721,55.69966556073159,692.5720355694111 37.51731672886537,55.69966171988001,692.1249683086689 37.51699862064047,55.69965787820467,691.6805865948018 37.51668051249253,55.699654035705535,691.6805865948018 37.51636240442157,55.69965019238262,690.6938922588643 37.516044296427594,55.69964634823592,689.6513812725361 37.515726188510634,55.699642503265444,689.6513812725361 37.51540808067069,55.69963865747119,688.4355151836689 37.51508997290779,55.699634810853155,687.3764636699971 37.51477186522195,55.69963096341134,687.3764636699971 37.51445375761318,55.699627115145745,685.6625659649189 37.5141356500815,55.69962326605636,684.1141498272236 37.513817542626924,55.69961941614321,684.1141498272236 37.51349943524948,55.699615565406276,683.2847583477314 37.51318132794917,55.69961171384557,683.3023059551533 37.512863220726025,55.69960786146108,683.3023059551533 37.51254511358004,55.69960400825282,682.8154895489033 37.512227006511246,55.69960015422079,681.4816272442158 37.51190889951967,55.69959629936498,681.4816272442158 37.511590792605304,55.69959244368538,680.6570575420674 37.511272685768176,55.69958858718203,681.2036884014424 37.510954579008306,55.69958472985489,681.2036884014424 37.51063647232571,55.69958087170397,681.3608386699971 37.5103183657204,55.69957701272929,681.439924973708 37.51000025919239,55.69957315293083,681.439924973708 37.50968215274171,55.6995692923086,681.2893054668721 37.50936404636836,55.6995654308626,681.3313586895283 37.50904594007237,55.69956156859283,681.3313586895283 37.50872783385374,55.69955770549928,680.8816974346455 37.50840972771251,55.69955384158196,680.8478686992939 37.508091621648674,55.69954997684087,680.8478686992939 37.50777351566226,55.69954611127602,682.1832263653096 37.507455409753284,55.69954224488739,679.6776874248799 37.50713730392176,55.699538377675,679.6776874248799 37.506819198167705,55.69953450963883,679.4268634502705 37.506501092491135,55.69953064077889,679.7548511211689 37.506182986892064,55.699526771095194,679.7548511211689 37.50586488137052,55.69952290058773,680.1878497783955 37.505546775926504,55.69951902925649,680.0678088848408 37.50522867056004,55.69951515710149,680.0678088848408 37.504910565271146,55.69951128412272,679.7678973858174 37.50459246005983,55.699507410320194,678.5211932842549 37.504274354926125,55.699503535693886,678.5211932842549 37.503956249870036,55.69949966024383,676.6927325908955 37.50363814489158,55.699495783969994,673.3138415996846 37.50332003999077,55.699491906872396,673.3138415996846 37.50300193516763,55.69948802895105,670.0433795635518 37.50268383042217,55.699484150205926,672.5601337139424 37.502365725754416,55.69948027063704,672.5601337139424 37.50204762116437,55.699476390244406,672.7122790996846 37.50172951665206,55.699472509028,672.4380481426533 37.50141141221751,55.69946862698784,672.4380481426533 37.501093307860714,55.699464744123894,672.0891711895283 37.5007752035817,55.69946086043621,671.3665912334736 37.50045709938049,55.69945697592477,671.3665912334736 37.50013899525709,55.69945309058955,671.105208176833 37.49982089121153,55.69944920443059,672.0475452129658 37.499502787243806,55.69944531744786,672.0475452129658 37.49918468335395,55.69944142964138,671.6210162823018 37.49886657954199,55.699437541011136,672.1470782940205 37.498548475807915,55.699433651557136,672.1470782940205 37.498230372151745,55.699429761279376,670.7082965557393 37.49791226857352,55.69942587017786,668.8668811504658 37.49759416507324,55.69942197825259,668.8668811504658 37.497276061650915,55.69941808550357,668.1180408184346 37.496957958306574,55.69941419193079,666.8704059307393 37.496639855040236,55.69941029753425,666.8704059307393 37.4963217518519,55.699406402313954,667.6382434551533 37.4960036487416,55.69940250626992,664.3446490948018 37.49568554570934,55.699398609402124,664.3446490948018 37.495367442755146,55.69939471171057,664.476546067458 37.49504933987903,55.699390813195265,665.6992480938252 37.49473123708101,55.69938691385621,665.6992480938252 37.49441313436111,55.69938301369339,664.2852466289814 37.494095031719326,55.699379112706836,663.5196063701924 37.49377692915569,55.699375210896534,663.5196063701924 37.49345882667022,55.69937130826247,664.3372943584736 37.49314072426292,55.69936740480466,664.7992541973408 37.49282262193382,55.699363500523106,664.7992541973408 37.492504519682925,55.69935959541779,667.2552020733174 37.49218641751026,55.69935568948874,666.9741962139424 37.49186831541584,55.69935178273593,666.9741962139424 37.49155021339968,55.699347875159376,666.6271045391377 37.49123211146179,55.699343966759066,667.4172809307393 37.4909140096022,55.69934005753502,667.4172809307393 37.49059590782092,55.69933614748722,667.7887866680439 37.49027780611795,55.69933223661569,666.8859393780049 37.489959704493344,55.699328324920394,666.8859393780049 37.48964160294708,55.69932441240136,665.9646594707783 37.489323501479205,55.69932049905859,664.3734576885518 37.48900540008972,55.69931658489207,664.3734576885518 37.48868729877863,55.69931266990179,662.3484332744893 37.48836919754598,55.69930875408779,659.4116504375752 37.48805109639176,55.699304837450036,659.4116504375752 37.48773299531601,55.69930091998854,657.7711322490986 37.48741489431872,55.6992970017033,655.1538379375752 37.48709679339993,55.69929308259433,655.1538379375752 37.48677869255963,55.6992891626616,649.2039020244893 37.48646059179788,55.69928524190514,641.659895676833 37.486142491114656,55.699281320324936,641.659895676833 37.48582439050998,55.699277397921,636.6387927715596 37.485506289983896,55.699273474693314,636.8635699932393 37.48518818953639,55.699269550641894,636.8635699932393 37.484870089167494,55.699265625766735,637.4614703838643 37.484551988877215,55.69926170006783,638.0464770977314 37.48423388866558,55.6992577735452,638.0464770977314 37.48391578853259,55.69925384619883,638.3122852032002 37.483597688478284,55.69924991802872,637.7316882793721 37.48327958850266,55.699245989034864,637.7316882793721 37.48296148860574,55.69924205921728,639.8402393047627 37.482643388787544,55.69923812857597,642.1857898418721 37.48232528904809,55.69923419711091,642.1857898418721 37.48200718938738,55.69923026482213,643.5411060039814 37.48168908980544,55.6992263317096,644.8435504619893 37.4813709903023,55.69922239777335,644.8435504619893 37.481052890877955,55.699218463013366,645.9676044170674 37.480734791532434,55.69921452742963,647.8406665508564 37.48041669226574,55.69921059102219,647.8406665508564 37.48009859307791,55.69920665379099,651.1941669170674 37.479780493968946,55.69920271573607,650.9563434307393 37.479462394938864,55.69919877685743,650.9563434307393 37.47914429598769,55.699194837155034,649.658430833083 37.47882619711543,55.69919089662893,650.6218707744893 37.47850809832211,55.69918695527909,650.6218707744893 37.478189999607736,55.699183013105525,649.8223102276143 37.47787190097233,55.699179070108215,650.4794147198018 37.47755380241592,55.69917512628719,650.4794147198018 37.477235703938504,55.69917118164244,652.3913104717549 37.4769176055401,55.69916723617394,652.486799973708 37.47659950722073,55.69916328988174,652.486799973708 37.47628140898042,55.699159342765796,652.5574176494893 37.475963310819175,55.699155394826136,653.7666003887471 37.475645212737014,55.699151446062736,653.7666003887471 37.47532711473395,55.699147496475625,654.1319263164814 37.47500901681,55.69914354606478,654.3776538555439 37.47469091896519,55.699139594830214,654.3776538555439 37.474372821199516,55.69913564277193,655.0865009014424 37.47405472351302,55.6991316898899,656.1571490948018 37.47373662590571,55.699127736184174,656.1571490948018 37.473418528377586,55.699123781654706,656.8983905498799 37.47310043092868,55.699119826301526,658.6692187969502 37.47278233355901,55.69911587012462,658.6692187969502 37.47246423626859,55.699111913124,657.7221057598408 37.472146139057436,55.699107955299645,657.3128497783955 37.471828041925555,55.69910399665158,657.3128497783955 37.47150994487298,55.6991000371798,657.0255267803486 37.47119184789972,55.699096076884274,656.8179156963643 37.470873751005776,55.699092115765055,656.8179156963643 37.470555654191195,55.6990881538221,656.9513080303486 37.47023755745597,55.699084191055434,657.6061694805439 37.46991946080013,55.69908022746506,657.6061694805439 37.46960136422368,55.699076263050955,657.6360004131611 37.469283267726645,55.69907229781314,652.4639270489033 37.46896517130904,55.6990683317516,652.4639270489033 37.46864707497088,55.699064364866345,649.1329486553486 37.46832897871219,55.69906039715739,648.8933551494893 37.468010882532965,55.69905642862471,648.8933551494893 37.46769278643325,55.69905245926831,651.5325610821064 37.46737469041303,55.69904848908819,657.1796558086689 37.46705659447235,55.699044518084364,657.1796558086689 37.466738498611214,55.69904054625683,659.6020953838643 37.466420402829634,55.69903657360558,660.1409442608174 37.46610230712764,55.69903260013061,660.1409442608174 37.46578421150523,55.69902862583193,660.5323932354268 37.46546611596244,55.69902465070954,660.6897418682393 37.46514802049928,55.699020674763446,660.6897418682393 37.46482992511575,55.699016697993635,660.8537891094502 37.46451182981188,55.69901272040011,661.2059161846455 37.4641937345877,55.69900874198289,661.2059161846455 37.4638756394432,55.69900476274194,661.1038043682393 37.463557544378425,55.69900078267729,660.1557758037861 37.46323944939336,55.69899680178892,660.1557758037861 37.46292135448805,55.69899282007687,658.9149463360127 37.462603259662494,55.69898883754108,654.8564899151143 37.46228516491671,55.69898485418161,654.8564899151143 37.46196707025072,55.69898086999841,654.0869891826924 37.46164897566454,55.698976884991524,653.6783893291768 37.46133088115818,55.69897289916092,653.6783893291768 37.461012786731665,55.69896891250661,652.9286792461689 37.460694692385005,55.6989649250286,653.7815845196064 37.46037659811823,55.69896093672688,653.7815845196064 37.46005850393133,55.69895694760145,656.8365619365986 37.45974040982434,55.69895295765233,658.7283466045674 37.45942231579728,55.6989489668795,658.7283466045674 37.45910422185016,55.69894497528297,657.2949207012471 37.458786127983,55.69894098286274,654.7679279033955 37.4584680341958,55.698936989618794,654.7679279033955 37.4581499404886,55.698932995551154,652.9573047344502 37.4578318468614,55.69892900065982,651.4944598858174 37.45751375331423,55.698925004944776,651.4944598858174 37.45719565984709,55.698921008406046,650.8988025371846 37.45687756646001,55.69891701104359,651.3215625469502 37.45655947315299,55.69891301285747,651.3215625469502 37.456241379926084,55.69890901384762,649.2929217998799 37.45592328677927,55.69890501401407,648.7439563457783 37.455605193712564,55.698901013356846,648.7439563457783 37.45528710072601,55.69889701187592,646.0894153301533 37.45496900781961,55.698893009571286,646.1025378887471 37.45465091499337,55.698889006442954,646.1025378887471 37.45433282224733,55.69888500249094,646.5589893047627 37.45401472958148,55.698880997715214,652.6363055889424 37.453696636995865,55.69887699211581,652.6363055889424 37.45337854449048,55.698872985692695,656.5334155742939 37.453060452065344,55.698868978445894,654.4884936992939 37.45274235972048,55.6988649703754,654.4884936992939 37.4524242674559,55.6988609614812,651.6537616436299 37.45210617527163,55.698856951763325,651.0266254131611 37.45178808316768,55.69885294122176,651.0266254131611 37.45146999114405,55.69884892985648,652.5062244121846 37.45115189920079,55.698844917667515,656.9493549053486 37.45115900426698,55.69866527562131,646.9982440655049 37.4511661092528,55.698485633569206,653.6760394756611 37.45117321415825,55.698305991511205,653.6760394756611 37.45118031898335,55.698126349447314,655.1770160381611 37.45118742372808,55.697946707377525,649.2930896465596 37.45119452839244,55.69776706530186,649.2930896465596 37.45120163297645,55.697587423220284,647.0372760479268 37.451208737480094,55.69740778113283,649.9553516094502 37.45121584190339,55.697228139039474,649.9553516094502 37.45122294624632,55.69704849694023,649.1998279278096 37.4512300505089,55.696868854835095,649.3237445537861 37.451237154691114,55.69668921272407,649.3237445537861 37.45124425879298,55.69650957060716,649.2056415264424 37.4512513628145,55.69632992848434,650.3059375469502 37.45125846675567,55.69615028635564,650.3059375469502 37.45126557061648,55.69597064422105,649.6250598614033 37.45127267439695,55.695791002080554,644.5140826885518 37.45127977809707,55.69561135993417,644.5140826885518 37.451597843803015,55.69561537163961,642.3119037334736 37.451915909589296,55.695619382521464,647.8801410381611 37.45223397545588,55.695623392579726,647.8801410381611 37.452552041402775,55.69562740181439,652.9458759014424 37.452870107429945,55.69563141022547,653.9735095684346 37.45318817353738,55.69563541781294,653.9735095684346 37.45350623972505,55.69563942457682,652.8389575664814 37.45382430599296,55.695643430517094,653.6410663311299 37.45414237234108,55.69564743563379,653.6410663311299 37.45446043876941,55.695651439926884,653.3807819073018 37.45477850527791,55.69565544339638,652.2140186016377 37.45509657186658,55.695659446042285,652.2140186016377 37.45541463853539,55.69566344786458,654.4028003399189 37.45573270528433,55.69566744886329,653.6408832256611 37.4560507721134,55.69567144903839,653.6408832256611 37.45636883902256,55.695675448389906,648.7860706035908 37.456686906011804,55.695679446917815,648.831770676833 37.45700497308111,55.69568344462212,648.831770676833 37.45732304023047,55.695687441502834,649.6670062725361 37.457641107459864,55.69569143755994,651.8579852764424 37.45795917476927,55.69569543279344,651.8579852764424 37.45827724215869,55.695699427203344,650.8695514385518 37.45859530962807,55.695703420789656,653.7978961651143 37.45891337717744,55.69570741355235,653.7978961651143 37.45923144480675,55.69571140549145,650.9823901836689 37.45954951251599,55.69571539660694,648.4943225567158 37.45986758030515,55.69571938689884,648.4943225567158 37.46018564817422,55.69572337636712,649.0343158428486 37.46050371612316,55.6957273650118,652.0241077129658 37.46082178415198,55.69573135283288,652.0241077129658 37.46113985226066,55.69573533983036,653.0852039043721 37.461457920449156,55.695739326004215,650.5193164532002 37.46177598871748,55.69574331135447,650.5193164532002 37.462094057065606,55.69574729588112,651.805891770583 37.462412125493515,55.69575127958417,655.4230182354268 37.4627301940012,55.695755262463614,655.4230182354268 37.46304826258863,55.69575924451944,656.1813647930439 37.4633663312558,55.695763225751655,657.3735645000752 37.46368440000269,55.69576720616027,657.3735645000752 37.46400246882929,55.695771185745265,658.1414478008564 37.464320537735574,55.695775164506664,656.6367938701924 37.46463860672152,55.695779142444444,656.6367938701924 37.46495667578713,55.69578311955861,658.7715747539814 37.46527474493237,55.69578709584916,661.4914844219502 37.46559281415724,55.695791071316116,661.4914844219502 37.46591088346172,55.69579504595945,664.6772906963643 37.466228952845775,55.69579901977917,662.9705798809346 37.466547022309406,55.695802992775285,662.9705798809346 37.46686509185259,55.69580696494778,661.740950364333 37.46718316147531,55.69581093629666,661.0338123028096 37.46750123117757,55.69581490682193,661.0338123028096 37.46781930095932,55.69581887652359,661.8654926006611 37.46813737082057,55.69582284540163,663.8899676983174 37.46845544076128,55.69582681345603,663.8899676983174 37.46877351078146,55.69583078068683,662.0394122783955 37.46909158088107,55.69583474709404,662.6979663555439 37.46940965106011,55.695838712677606,662.6979663555439 37.469727721318556,55.695842677437554,662.0721118633564 37.470045791656396,55.69584664137389,660.7406909649189 37.470363862073604,55.6958506044866,660.7406909649189 37.47068193257017,55.69585456677571,660.742903489333 37.47100000314609,55.695858528241196,660.2935779278096 37.471318073801314,55.69586248888305,660.2935779278096 37.471636144535864,55.69586644870129,660.7223041240986 37.4719542153497,55.69587040769591,660.5109088604268 37.472272286242806,55.695874365866906,660.5109088604268 37.47259035721518,55.69587832321428,659.057112473708 37.47290842826679,55.69588227973803,658.3189380352314 37.47322649939763,55.69588623543816,658.3189380352314 37.473544570607686,55.69589019031467,656.7464740459736 37.47386264189693,55.695894144367564,654.8354175274189 37.47418071326534,55.695898097596825,654.8354175274189 37.47449878471292,55.69590205000245,653.565169114333 37.47481685623965,55.69590600158448,653.8119189922627 37.475134927845495,55.69590995234286,653.8119189922627 37.475452999530454,55.695913902277624,654.4864947979268 37.47577107129451,55.695917851388764,655.6398151104268 37.47608914313765,55.69592179967628,655.6398151104268 37.476407215059844,55.69592574714016,656.708967942458 37.47672528706108,55.69592969378041,656.5236957256611 37.47704335914135,55.69593363959704,656.5236957256611 37.47736143130063,55.69593758459004,655.7491443340596 37.47767950353891,55.69594152875942,654.0488422100361 37.477997575856165,55.69594547210516,654.0488422100361 37.478315648252384,55.69594941462727,652.7191302959736 37.47863372072755,55.69595335632575,651.1137683574971 37.478951793281645,55.695957297200614,651.1137683574971 37.47926986591465,55.69596123725183,647.2665088360127 37.47958793862656,55.69596517647942,646.208479661208 37.47990601141734,55.69596911488338,646.208479661208 37.48022408428699,55.69597305246371,648.0437915508564 37.48054215723548,55.695976989220405,647.5132434551533 37.480860230262806,55.69598092515347,647.5132434551533 37.48117830336896,55.6959848602629,645.5831439678486 37.48149637655389,55.6959887945487,643.0572803203877 37.48181444981761,55.69599272801085,643.0572803203877 37.4821325231601,55.69599666064938,639.0110919658955 37.48245059658134,55.696000592464266,639.8570239727314 37.482768670081306,55.69600452345553,639.8570239727314 37.48308674365999,55.69600845362314,643.6768787090596 37.483404817317364,55.69601238296713,650.1421497051533 37.48372289105343,55.696016311487476,650.1421497051533 37.484040964868164,55.696020239184186,654.2120349590596 37.48435903876154,55.69602416605725,655.2974536602314 37.48467711273356,55.69602809210669,655.2974536602314 37.48499518678419,55.696032017332485,657.1497790996846 37.48531326091342,55.696035941734635,661.8552844707783 37.485631335121234,55.696039865313146,661.8552844707783 37.48594940940762,55.696043788068025,662.3589008037861 37.48626748377255,55.69604770999927,663.1384723369893 37.48658555821602,55.69605163110686,663.1384723369893 37.486903632738006,55.6960555513908,663.6354205791768 37.4872217073385,55.69605947085112,664.8657520000752 37.48753978201747,55.69606338948779,664.8657520000752 37.48785785677491,55.696067307300815,665.9417407696064 37.488175931610805,55.69607122429019,668.2984454815205 37.48849400652513,55.69607514045594,668.2984454815205 37.488812081517885,55.69607905579803,670.4851672832783 37.489130156589034,55.69608297031648,675.2179095928486 37.48944823173858,55.69608688401129,675.2179095928486 37.48976630696648,55.69609079688245,673.7627246563252 37.49008438227274,55.69609470892998,675.3393237774189 37.490402457657346,55.69609862015383,675.3393237774189 37.49072053312025,55.69610253055406,673.759016770583 37.49103860866148,55.696106440130634,673.0592181865986 37.491356684280994,55.696110348883565,673.0592181865986 37.49167475997877,55.69611425681285,669.8398883526143 37.49199283575481,55.69611816391848,672.048567551833 37.49231091160908,55.69612207020047,672.048567551833 37.49262898754158,55.696125975658795,677.7102191631611 37.49294706355228,55.69612988029349,680.3427875225361 37.49326513964117,55.69613378410452,680.3427875225361 37.49358321580823,55.696137687091905,679.4119250957783 37.49390129205345,55.69614158925564,678.0337360088643 37.494219368376804,55.69614549059572,678.0337360088643 37.49453744477828,55.69614939111215,678.3914478008564 37.49485552125787,55.69615329080493,677.1679828350361 37.495173597815544,55.69615718967406,677.1679828350361 37.495491674451294,55.69616108771952,672.7186114971455 37.4958097511651,55.69616498494134,671.9810168926533 37.49612782795694,55.69616888133952,671.9810168926533 37.49644590482682,55.69617277691402,671.2969958965596 37.4967639817747,55.69617667166488,670.8350207989033 37.497082058800565,55.69618056559209,670.8350207989033 37.49740013590441,55.696184458695626,672.9486377422627 37.49771821308621,55.696188350975504,676.7515552227314 37.49803629034595,55.69619224243175,676.7515552227314 37.498354367683625,55.696196133064326,679.3215930645283 37.4986724450992,55.69620002287324,677.7425983135518 37.49899052259267,55.6962039118585,677.7425983135518 37.499308600164014,55.696207800020105,678.5936877910908 37.49962667781322,55.69621168735804,679.9244678203877 37.49994475554026,55.69621557387232,679.9244678203877 37.50026283334514,55.696219459562954,678.3690631573018 37.50058091122782,55.69622334442992,677.2916858379658 37.5008989891883,55.69622722847321,677.2916858379658 37.501217067226555,55.69623111169287,679.0753314678486 37.50153514534257,55.69623499408885,679.7022388164814 37.50185322353633,55.696238875661166,679.7022388164814 37.50217130180781,55.69624275640983,678.3490894024189 37.502489380157016,55.69624663633482,678.2330615703877 37.50280745858391,55.69625051543615,678.2330615703877 37.50312553708847,55.69625439371382,677.8383166973408 37.50344361567071,55.69625827116783,678.8659808819111 37.503761694330585,55.696262147798166,678.8659808819111 37.50407977306809,55.69626602360484,680.3295886699971 37.50439785188321,55.69626989858785,681.9922321026143 37.50471593077592,55.69627377274719,681.9922321026143 37.50503400974621,55.696277646082876,682.7196185772236 37.505352088794076,55.69628151859489,680.8002002422627 37.505670167919476,55.69628539028323,680.8002002422627 37.50598824712241,55.6962892611479,682.0483539287861 37.50630632640285,55.69629313118891,682.6808612530049 37.5066244057608,55.696297000406254,682.6808612530049 37.50694248519622,55.69630086879993,681.0036914532002 37.507260564709114,55.696304736369925,680.2943561260518 37.50757864429944,55.696308603116265,680.2943561260518 37.50789672396721,55.69631246903893,679.851546067458 37.50821480371239,55.69631633413793,681.4742572490986 37.508532883534976,55.69632019841325,681.4742572490986 37.50885096343493,55.69632406186489,682.5621020977314 37.50916904341226,55.69632792449288,681.3609607403096 37.50948712346693,55.696331786297186,681.3609607403096 37.50980520359894,55.69633564727782,680.5638873760518 37.51012328380826,55.69633950743478,681.5336444561299 37.51044136409488,55.696343366768076,681.5336444561299 37.51075944445879,55.696347225277684,681.2934100811299 37.51107752489997,55.69635108296362,680.4011981670674 37.51139560541838,55.69635493982589,680.4011981670674 37.51171368601404,55.69635879586449,679.9016254131611 37.51203176668692,55.696362651079404,679.5109546367939 37.51234984743699,55.69636650547064,679.5109546367939 37.51266792826424,55.6963703590382,679.6937244121846 37.512986009168664,55.69637421178209,680.1623065655049 37.51330409015024,55.6963780637023,680.1623065655049 37.51362217120895,55.69638191479883,680.1826312725361 37.513940252344774,55.696385765071675,680.3849017803486 37.514258333557706,55.696389614520854,680.3849017803486 37.514576414847724,55.69639346314635,680.7640979473408 37.51489449621481,55.696397310948164,681.4482562725361 37.51521257765894,55.69640115792629,681.4482562725361 37.515530659180115,55.69640500408075,682.1935718242939 37.51584874077831,55.696408849411526,682.3448627178486 37.5161668224535,55.696412693918624,682.3448627178486 37.51648490420568,55.69641653760203,683.1324603740986 37.51680298603483,55.69642038046175,684.5870349590596 37.51712106794094,55.696424222497804,684.5870349590596 37.51743914992397,55.696428063710165,686.583479661208 37.517757231983936,55.69643190409886,687.8963763897236 37.51807531412081,55.69643574366385,687.8963763897236 37.51839339633456,55.69643958240516,687.6142108623799 37.518711478625185,55.696443420322794,686.9806354229268 37.519029560992664,55.696447257416736,686.9806354229268 37.51934764343698,55.696451093686996,687.267317551833 37.51966572595812,55.69645492913357,688.1907031719502 37.51998380855606,55.69645876375645,688.1907031719502 37.5203018912308,55.69646259755566,689.8899829571064 37.5206199739823,55.69646643053117,690.9717090313252 37.520938056810564,55.696470262682986,690.9717090313252 37.52125613971556,55.696474094011116,690.6658466045674 37.52157422269729,55.69647792451558,691.5312640850361 37.52189230575572,55.696481754196334,691.5312640850361 37.52221038889084,55.696485583053395,692.4173419658955 37.52252847210263,55.69648941108678,692.8932483379658 37.522846555391084,55.69649323829647,692.8932483379658 37.52316463875617,55.696497064682475,692.9549243633564 37.52348272219789,55.69650089024477,692.772200364333 37.52380080571621,55.6965047149834,692.772200364333 37.52411888931112,55.696508538898314,692.7417590801533 37.52443697298261,55.69651236198955,693.6529529278096 37.524755056730655,55.696516184257085,693.6529529278096 37.52507314055525,55.69652000570093,695.8430164043721 37.525391224456364,55.696523826321084,700.4900043194111 37.52570930843398,55.696527646117545,700.4900043194111 37.526027392488096,55.6965314650903,703.8802936260518 37.52634547661869,55.69653528323938,705.0385272686299 37.52666356082574,55.69653910056475,705.0385272686299 37.52698164510923,55.69654291706643,706.7222430889424 37.52729972946915,55.696546732744416,705.1715381328877 37.52761781390547,55.6965505475987,705.1715381328877 37.5279358984182,55.69655436162929,695.9302661602314 37.528253983007296,55.696558174836184,691.9722583477314 37.52857206767276,55.69656198721937,691.9722583477314 37.52889015241456,55.69656579877886,691.5841968242939 37.529208237232695,55.69656960951467,691.3661792461689 37.52952632212713,55.69657341942676,691.3661792461689 37.52984440709787,55.696577228515146,691.8695361797627 37.53016249214489,55.69658103677987,692.605696458083 37.530480577268165,55.69658484422086,692.605696458083 37.53079866246768,55.696588650838144,694.1892841045674 37.53111674774343,55.69659245663174,695.3856647198018 37.531434833095396,55.69659626160165,695.3856647198018 37.531752918523566,55.69660006574784,697.3222034160908 37.5320710040279,55.696603869070316,694.0616443340596 37.5323890896084,55.69660767156911,694.0616443340596 37.532707175265045,55.69661147324419,692.946516770583 37.533025260997825,55.696615274095564,693.2989642803486 37.53334334680672,55.69661907412325,693.2989642803486 37.5336614326917,55.69662287332721,695.3064563457783 37.53397951865277,55.696626671707484,693.9026935283955 37.534297604689904,55.69663046926404,693.9026935283955 37.534615690803086,55.69663426599689,687.3266132061299 37.5349337769923,55.69663806190604,683.5157764141377 37.53525186325753,55.69664185699148,683.5157764141377 37.53556994959875,55.696645651253206,689.9593799297627 37.535888036015955,55.69664944469123,691.2519672100361 37.53620612250912,55.69665323730555,691.2519672100361 37.536524209078244,55.69665702909616,690.8554370586689 37.5368422957233,55.696660820063066,693.330305833083 37.53716038244426,55.696664610206255,693.330305833083 37.53747846924113,55.696668399525734,694.7779987041768 37.53779655611388,55.6966721880215,691.5159747783955 37.53811464306249,55.696675975693566,691.5159747783955 37.53843273008697,55.696679762541926,689.7349231426533 37.538750817187264,55.696683548566554,688.2092883770283 37.53906890436338,55.69668733376748,688.2092883770283 37.539386991615295,55.6966911181447,689.7018726055439 37.539705078943,55.69669490169819,690.1955096905049 37.540023166346465,55.69669868442798,690.1955096905049 37.54034125382569,55.69670246633406,685.934798020583 37.54065934138064,55.69670624741642,683.6938922588643 37.540977429011306,55.69671002767507,683.6938922588643 37.54129551671768,55.696713807109994,685.9578387920674 37.541613604499744,55.69671758572121,686.6685321514424 37.54193169235747,55.696721363508715,686.6685321514424 37.54224978029085,55.696725140472495,683.9668872539814 37.54256786829987,55.696728916612564,682.6776416485127 37.5428859563845,55.696732691928915,682.6776416485127 37.54320404454474,55.696736466421555,682.3455188457783 37.543522132780566,55.69674024009047,682.8206470196064 37.543840221091955,55.69674401293566,682.8206470196064 37.54415830947891,55.69674778495715,683.8520648662861 37.54447639794139,55.6967515561549,686.5749194805439 37.54479448647939,55.696755326528944,686.5749194805439 37.54511257509291,55.69675909607927,683.9111316387471 37.5454306637819,55.69676286480586,682.3195941631611 37.545748752546366,55.696766632708744,682.3195941631611 37.54606684138629,55.6967703997879,681.1632831280049 37.54638493030165,55.69677416604334,680.8072803203877 37.54670301929243,55.69677793147505,680.8072803203877 37.547021108358614,55.69678169608305,680.7767932598408 37.54733919750019,55.696785459867314,681.2410571758564 37.54765728671714,55.69678922282786,681.2410571758564 37.54797537600945,55.69679298496468,685.0007465069111 37.548293465377085,55.69679674627778,687.4076221172627 37.54861155482005,55.69680050676716,687.4076221172627 37.54892964433832,55.696804266432814,684.2679736797627 37.549247733931885,55.696808025274734,682.9165637676533 37.549565823600716,55.69681178329293,682.9165637676533 37.549883913344814,55.696815540487414,683.2765338604268 37.550202003164145,55.696819296858145,684.6746967022236 37.5505200930587,55.69682305240517,684.6746967022236 37.55083818302847,55.69682680712846,686.4927814190205 37.55115627307342,55.69683056102803,687.4562213604268 37.55147436319355,55.69683431410385,687.4562213604268 37.551792453388835,55.696838066355966,686.4849078838643 37.55211054365926,55.696841817784346,682.9082324688252 37.55242863400482,55.69684556838898,682.9082324688252 37.55274672442548,55.69684931816991,679.0824420635518 37.553064814921235,55.69685306712709,677.9541766826924 37.553382905492064,55.69685681526055,677.9541766826924 37.553700996137955,55.69686056257027,676.5845477764424 37.55401908685889,55.69686430905628,676.2611835186299 37.554337177654844,55.69686805471853,676.2611835186299 37.55465526852581,55.69687179955706,677.3795917217549 37.554973359471774,55.696875543571856,675.5932758037861 37.55529145049271,55.69687928676292,675.5932758037861 37.55560954158861,55.696883029130255,676.5860736553486 37.55592763275945,55.69688677067385,675.5191180889424 37.55624572400522,55.696890511393704,675.5191180889424 37.55656381532591,55.696894251289834,676.3001086895283 37.55688190672148,55.696897990362224,678.2228534405049 37.55719999819193,55.696901728610875,678.2228534405049 37.55751808973725,55.696905466035794,680.1791217510518 37.55783618135741,55.696909202636974,677.6380298321064 37.558154273052395,55.69691293841442,677.6380298321064 37.5584723648222,55.696916673368136,675.044905442458 37.55879045666679,55.696920407498105,673.9506824199971 37.55910854858617,55.696924140804335,673.9506824199971 37.559426640580305,55.696927873286825,674.8172900860127 37.55974473264919,55.69693160494558,675.3039539043721 37.56006282479281,55.696935335780594,675.3039539043721 37.56038091701113,55.696939065791874,672.419661301833 37.56069900930416,55.696942794979414,670.7337787334736 37.561017101671865,55.69694652334319,670.7337787334736 37.56133519411423,55.69695025088325,668.7581165020283 37.56165328663125,55.696953977599556,671.2978046123799 37.561971379222896,55.69695770349212,671.2978046123799 37.56228947188916,55.69696142856095,675.5185535137471 37.562607564630014,55.69696515280604,675.0627124492939 37.562925657445454,55.696968876227366,675.0627124492939 37.56324375033546,55.69697259882497,671.3230426494893 37.56356184330001,55.69697632059883,670.5875842754658 37.5638799363391,55.696980041548926,670.5875842754658 37.5641980294527,55.69698376167529,670.6977222149189 37.5645161226408,55.6969874809779,670.7898547832783 37.56483421590338,55.69699119945677,670.7898547832783 37.56515230924043,55.6969949171119,672.7400043194111 37.56547040265193,55.696998633943274,675.2680194561299 37.56578849613786,55.69700234995091,675.2680194561299 37.566106589698215,55.697006065134794,674.468733567458 37.56642468333296,55.69700977949493,674.1374194805439 37.566742777042094,55.69701349303132,674.1374194805439 37.56706087082559,55.69701720574395,671.8326404278096 37.56737896468345,55.697020917632834,672.0165088360127 37.567697058615636,55.69702462869798,672.0165088360127 37.56801515262213,55.69702833893938,672.3461902324971 37.56833324670294,55.69703204835702,670.4781329815205 37.56865134085803,55.6970357569509,670.4781329815205 37.56896943508738,55.69703946472104,672.2801349346455 37.569287529391,55.69704317166742,673.145491379958 37.569605623768844,55.697046877790065,673.145491379958 37.56992371822091,55.697050583088945,672.2671497051533 37.57024181274718,55.69705428756407,671.4473102276143 37.57055990734763,55.697057991215445,671.4473102276143 37.57087800202225,55.69706169404307,668.2386920635518 37.57119609677103,55.69706539604693,666.3457629864033 37.57151419159394,55.69706909722705,666.3457629864033 37.571832286490974,55.6970727975834,664.077132004958 37.57215038146211,55.69707649711601,660.8378131573018 37.57246847650733,55.69708019582486,660.8378131573018 37.57278657162663,55.69708389370995,662.8900439922627 37.57310466681997,55.6970875907713,665.7612598125752 37.57342276208736,55.69709128700886,665.7612598125752 37.573740857428774,55.69709498242269,663.6240985576924 37.57405895284418,55.69709867701274,659.2457263653096 37.57437704833359,55.69710237077905,659.2457263653096 37.57469514389696,55.6971060637216,658.4116809551533 37.575013239534286,55.69710975584038,657.3181903545674 37.57533133524555,55.69711344713541,657.3181903545674 37.57564943103074,55.69711713760668,657.2595966045674 37.57596752688984,55.69712082725418,656.6175677959736 37.57628562282283,55.697124516077935,656.6175677959736 37.57660371882968,55.69712820407792,657.0644824688252 37.5769218149104,55.697131891254145,655.9335162823018 37.57723991106496,55.6971355776066,655.9335162823018 37.577558007293334,55.697139263135305,655.0117633526143 37.57787610359552,55.697142947840234,657.7084186260518 37.5781941999715,55.69714663172141,657.7084186260518 37.57851229642125,55.697150314778824,659.9684589092549 37.57883039294476,55.69715399701247,661.188460129958 37.57914848954201,55.69715767842235,661.188460129958 37.57946658621298,55.697161359008476,657.686995286208 37.579784682957666,55.69716503877082,654.0647571270283 37.580102779776034,55.6971687177094,654.0647571270283 37.58042087666809,55.697172395824225,653.3084399883564 37.5807389736338,55.69717607311528,652.4869373028096 37.58105707067315,55.69717974958257,652.4869373028096 37.58137516778613,55.69718342522609,652.9966113750752 37.581693264972714,55.69718710004584,653.4594714824971 37.5820113622329,55.69719077404182,653.4594714824971 37.58232945956666,55.697194447214045,652.6949451153096 37.58264755697397,55.69719811956249,651.4111926739033 37.582965654454824,55.69720179108717,651.4111926739033 37.583283752009216,55.697205461788066,651.0179736797627 37.58360184963711,55.69720913166522,651.2905719463643 37.58391994733851,55.697212800718574,651.2905719463643 37.58423804511337,55.69721646894818,650.6873767559346 37.58455614296171,55.69722013635399,649.6101062481221 37.58487424088348,55.69722380293605,649.6101062481221 37.585192338878684,55.69722746869434,649.4751880352314 37.5855104369473,55.69723113362884,648.5929553692158 37.58582853508931,55.697234797739576,648.5929553692158 37.5861466333047,55.69723846102654,647.7511279766377 37.58646473159345,55.69724212348972,646.8151538555439 37.586782829955546,55.697245785129134,646.8151538555439 37.58710092839098,55.69724944594478,646.9198901836689 37.58741902689972,55.69725310593664,646.6420276348408 37.58773712548175,55.697256765104726,646.6420276348408 37.58805522413707,55.69726042344904,646.4319751446064 37.58837332286565,55.69726408096958,646.1957996074971 37.58869142166748,55.697267737666344,646.1957996074971 37.58900952054253,55.69727139353932,645.3865802471455 37.5893276194908,55.69727504858853,644.6273029033955 37.58964571851227,55.69727870281395,644.6273029033955 37.58996381760692,55.69728235621561,646.140120286208 37.590281916774735,55.697286008793476,645.686995286208 37.5906000160157,55.69728966054756,645.686995286208 37.59091811532979,55.69729331147788,642.5904529278096 37.591236214717,55.69729696158441,643.5119617168721 37.591554314177316,55.69730061086716,643.5119617168721 37.5918724137107,55.69730425932613,644.183577317458 37.592190513317156,55.69730790696133,639.5872180645283 37.59250861299667,55.69731155377272,639.5872180645283 37.5928267127492,55.69731519976035,637.3148944561299 37.59314481257476,55.69731884492419,636.7375781719502 37.59346291247331,55.69732248926425,636.7375781719502 37.59378101244484,55.69732613278053,634.0487811748799 37.59409911248935,55.69732977547303,633.3779742901143 37.59441721260681,55.69733341734173,633.3779742901143 37.5947353127972,55.697337058386665,634.3990466778096 37.595053413060505,55.6973406986078,636.040510911208 37.59537151339671,55.697344338005166,636.040510911208 37.5956896138058,55.697347976578726,638.9546649639424 37.59600771428776,55.69735161432851,639.0469043438252 37.59632581484257,55.697355251254514,639.0469043438252 37.59664391547022,55.69735888735672,638.9049060528096 37.596962016170686,55.697362522635146,642.9953143780049 37.59728011694395,55.69736615708978,642.9953143780049 37.59759821779,55.69736979072062,647.2512500469502 37.597916318708826,55.69737342352769,651.9496448223408 37.598234419700404,55.697377055510955,651.9496448223408 37.59855252076471,55.697380686670435,653.5032794658955 37.598870621901746,55.697384317006126,652.3738696758564 37.599188723111475,55.69738794651803,652.3738696758564 37.5995068243939,55.69739157520613,650.849592942458 37.59982492574899,55.69739520307046,649.0800922100361 37.600143027176735,55.697398830110984,649.0800922100361 37.60046112867712,55.69740245632772,649.4447009746846 37.60077923025012,55.69740608172067,650.0026233379658 37.60109733189573,55.697409706289825,650.0026233379658 37.60141543361392,55.697413330035175,649.3098437969502 37.60173353540468,55.69741695295674,646.6432025615986 37.60205163726801,55.69742057505452,646.6432025615986 37.60236973920387,55.697424196328505,647.7995593731221 37.60268784121225,55.69742781677868,648.2292468731221 37.60300594329315,55.69743143640506,648.2292468731221 37.60332404544652,55.697435055207656,649.8883807842549 37.603642147672375,55.69743867318646,651.8069293682393 37.603960249970676,55.69744229034145,651.8069293682393 37.604278352341424,55.69744590667266,652.3259570782002 37.60459645478459,55.697449522180065,650.1046893780049 37.60491455730017,55.697453136863686,650.1046893780049 37.60523265988813,55.6974567507235,648.0119617168721 37.60555076254847,55.69746036375951,646.787825364333 37.60586886528117,55.69746397597172,646.787825364333 37.606186968086206,55.69746758736014,649.7034442608174 37.606505070963564,55.697471197924756,652.3163287823018 37.606823173913234,55.69747480766557,652.3163287823018 37.607141276935195,55.697478416582584,645.7103259746846 37.60745938002943,55.69748202467581,645.2530811016377 37.607777483195925,55.69748563194522,645.2530811016377 37.60809558643466,55.69748923839084,641.0796954815205 37.60841368974562,55.69749284401264,637.2020557110127 37.60873179312879,55.697496448810654,637.2020557110127 37.60904989658415,55.69750005278486,634.7045428936299 37.609368000111694,55.69750365593527,636.6348712627705 37.6096861037114,55.69750725826187,636.6348712627705 37.610004207383234,55.69751085976467,639.2622363750752 37.610322311127206,55.697514460443664,637.9150684063252 37.6103286858609,55.697334805548884,632.4740283672627 37.61033506052249,55.69715515064831,632.4501483623799 37.61034143511197,55.696975495741974,632.4501483623799 37.61034780962934,55.696795840829864,633.7016132061299 37.61035418407461,55.69661618591198,632.6579883282002 37.61036055844777,55.696436530988315,632.6579883282002 37.61036693274883,55.69625687605887,633.1346881573018 37.610373306977785,55.69607722112365,634.9483630840596 37.610379681134646,55.69589756618267,634.9483630840596 37.6103860552194,55.695717911235896,634.6300494854268 37.61039242923206,55.69553825628336,633.4076831524189 37.610398803172615,55.69535860132504,633.4076831524189 37.61040517704108,55.69517894636093,634.5664508526143 37.61041155083745,55.694999291391085,637.1648700420674 37.61041792456172,55.69481963641544,637.1648700420674 37.6104242982139,55.69463998143401,640.1611926739033 37.61043067179399,55.69446032644682,642.4634845440205 37.61043704530198,55.694280671453846,642.4634845440205 37.6101189678006,55.6942770712088,641.7658832256611 37.609800890371325,55.69427347014005,638.5482013408955 37.60948281301417,55.694269868247595,638.5482013408955 37.60916473572915,55.69426626553143,638.4108874981221 37.60884665851629,55.69426266199157,639.2560413067158 37.6085285813756,55.694259057628,639.2560413067158 37.6082105043071,55.694255452440736,642.4179828350361 37.60789242731081,55.694251846429765,646.5561206524189 37.607574350386734,55.6942482395951,646.5561206524189 37.6072562735349,55.69424463193672,649.0635211651143 37.60693819675533,55.694241023454644,651.7313831035908 37.606620120048014,55.694237414148866,651.7313831035908 37.606302043412995,55.69423380401938,649.9898059551533 37.60598396685028,55.694230193066204,649.5670917217549 37.60566589035989,55.69422658128933,649.5670917217549 37.60534781394183,55.69422296868875,646.541731614333 37.60502973759612,55.69421935526447,644.4878223125752 37.60471166132279,55.69421574101649,644.4878223125752 37.60439358512184,55.69421212594482,647.4343402569111 37.6040755089933,55.69420851004945,647.3733966533955 37.60375743293717,55.69420489333037,647.3733966533955 37.60343935695348,55.69420127578761,645.4375446026143 37.60312128104224,55.69419765742115,646.4542682354268 37.60280320520348,55.69419403823099,646.4542682354268 37.6024851294372,55.69419041821713,647.2213275615986 37.602167053743415,55.69418679737959,646.4849841778096 37.60184897812215,55.694183175718344,646.4849841778096 37.60153090257342,55.69417955323341,645.3306415264424 37.60121282709724,55.694175929924775,646.2189624492939 37.60089475169364,55.69417230579244,646.2189624492939 37.60057667636261,55.69416868083643,647.835676926833 37.60025860110419,55.694165055056715,649.4552447979268 37.59994052591838,55.694161428453306,649.4552447979268 37.59962245080521,55.6941578010262,650.2219226543721 37.599304375764675,55.69415417277542,644.6778400127705 37.598986300796824,55.69415054370093,644.6778400127705 37.598668225901655,55.69414691380276,637.578108567458 37.598350151079174,55.694143283080905,633.6511371319111 37.59803207632942,55.694139651535345,633.6511371319111 37.59771400165239,55.6941360191661,634.4234454815205 37.59739592704811,55.69413238597317,641.6377093975361 37.5970778525166,55.694128751956555,641.6377093975361 37.596759778057866,55.69412511711624,646.5310809795674 37.59644170367194,55.69412148145225,646.0976245586689 37.59612362935882,55.694117844964566,646.0976245586689 37.59580555511854,55.69411420765319,646.9170062725361 37.5954874809511,55.69411056951814,647.2543018047627 37.59516940685653,55.69410693055939,647.2543018047627 37.59485133283483,55.69410329077695,650.2737872783955 37.59453325888604,55.69409965017085,652.6467273418721 37.59421518501015,55.69409600874104,652.6467273418721 37.593897111207205,55.69409236648756,652.2012469951924 37.5935790374772,55.69408872341038,652.6126849834736 37.59326096382016,55.694085079509534,652.6126849834736 37.592942890236095,55.69408143478499,653.3890674297627 37.59262481672502,55.69407778923676,655.0660541240986 37.59230674328697,55.694074142864864,655.0660541240986 37.591988669921946,55.69407049566928,657.2272327129658 37.59167059662996,55.69406684765001,659.2133777324971 37.59135252341105,55.69406319880705,659.2133777324971 37.591034450265205,55.69405954914042,659.3610828106221 37.59071637719246,55.694055898650106,658.3253925030049 37.590398304192824,55.69405224733612,658.3253925030049 37.59008023126632,55.694048595198446,661.9559467022236 37.58976215841295,55.69404494223709,665.7511737530049 37.589444085632756,55.694041288452055,665.7511737530049 37.58912601292573,55.694037633843344,665.9987476055439 37.5888079402919,55.69403397841096,665.0874011699971 37.588489867731276,55.6940303221549,665.0874011699971 37.58817179524389,55.69402666507516,662.7438495342549 37.587853722829735,55.69402300717173,663.2463824932393 37.58753565048884,55.694019348444634,663.2463824932393 37.58721757822123,55.694015688893856,664.6004474346455 37.5868995060269,55.69401202851941,666.7796771709736 37.58658143390589,55.69400836732129,666.7796771709736 37.5862633618582,55.69400470529948,669.6334064190205 37.58594528988386,55.694001042454005,668.3626392071064 37.58562721798287,55.693997378784864,668.3626392071064 37.585309146155254,55.69399371429205,666.1536548321064 37.58499107440103,55.69399004897554,661.9645374004658 37.584673002720216,55.693986382835384,661.9645374004658 37.58435493111283,55.69398271587154,661.3938586895283 37.58403685957887,55.69397904808402,661.2550952617939 37.58371878811838,55.69397537947283,661.2550952617939 37.58340071673136,55.69397171003797,662.3769977276143 37.58308264541784,55.69396803977945,664.6242969219502 37.58276457417781,55.69396436869725,664.6242969219502 37.58244650301131,55.693960696791386,666.8861224834736 37.582128431918356,55.693957024061845,668.6869495098408 37.58181036089895,55.69395335050864,668.6869495098408 37.581492289953125,55.69394967613176,669.5390765850361 37.58117421908088,55.69394600093121,668.6951892559346 37.58085614828224,55.693942324907006,668.6951892559346 37.58053807755723,55.69393864805912,666.1374194805439 37.580220006905854,55.69393497038758,663.7666309063252 37.57990193632813,55.69393129189236,663.7666309063252 37.57958386582408,55.69392761257348,663.8820178692158 37.57926579539372,55.693923932430934,666.0581653301533 37.578947725037054,55.693920251464725,666.0581653301533 37.578629654754124,55.69391656967484,666.3328998272236 37.57831158454492,55.693912887061295,662.456038254958 37.57799351440947,55.6939092036241,662.456038254958 37.5776754443478,55.69390551936323,660.3257587139424 37.57735737435991,55.69390183427869,659.9559619610127 37.57703930444582,55.693898148370494,659.9559619610127 37.57672123460555,55.693894461638635,659.5466907207783 37.57640316483912,55.69389077408311,659.003645676833 37.57608509514654,55.69388708570392,659.003645676833 37.57576702552783,55.69388339650108,663.2296741192158 37.57544895598301,55.69387970647457,662.9636218731221 37.575130886512085,55.693876015624404,662.9636218731221 37.57481281711508,55.69387232395057,663.0789020244893 37.57449474779201,55.693868631453086,662.8614185039814 37.57417667854289,55.69386493813194,662.8614185039814 37.57385860936774,55.693861243987136,662.3315570537861 37.57354054026658,55.693857549018674,664.0396106426533 37.57322247123941,55.69385385322655,664.0396106426533 37.57290440228626,55.69385015661077,663.6673267071064 37.572586333407145,55.693846459171326,663.0795581524189 37.57226826460208,55.693842760908225,663.0795581524189 37.57195019587109,55.69383906182148,664.4341113750752 37.57163212721417,55.69383536191107,666.4562671367939 37.57131405863136,55.693831661177015,666.4562671367939 37.57099599012266,55.69382795961929,668.1781757061299 37.57067792168809,55.69382425723792,664.2344501201924 37.57035985332767,55.69382055403288,664.2344501201924 37.57004178504142,55.69381685000421,663.5733630840596 37.56972371682935,55.69381314515187,665.9036548321064 37.56940564869148,55.69380943947588,665.9036548321064 37.56908758062782,55.69380573297624,666.4243152324971 37.56876951263839,55.69380202565294,667.1983173076924 37.568451444723216,55.693798317506,667.1983173076924 37.5681333768823,55.6937946085354,668.055891770583 37.56781530911567,55.69379089874115,668.5672900860127 37.567497241423325,55.69378718812325,668.5672900860127 37.56717917380531,55.6937834766817,668.4265124981221 37.56686110626162,55.693779764416504,672.9382007305439 37.56654303879227,55.69377605132765,672.9382007305439 37.56622497139728,55.693772337415155,677.5336291973408 37.565906904076684,55.69376862267901,675.5778796856221 37.56558883683048,55.69376490711922,675.5778796856221 37.56527076965868,55.69376119073577,674.1151111309346 37.564952702561314,55.69375747352868,676.8162067119893 37.56463463553839,55.693753755497944,676.8162067119893 37.56431656858993,55.69375003664356,679.1144550030049 37.56399850171596,55.69374631696553,680.4532001201924 37.56368043491647,55.69374259646385,680.4532001201924 37.5633623681915,55.693738875138536,680.2518146221455 37.56304430154105,55.69373515298957,682.1792438213643 37.56272623496515,55.69373143001695,682.1792438213643 37.562408168463804,55.69372770622069,680.5953509990986 37.56209010203704,55.6937239816008,678.7288501446064 37.56177203568487,55.69372025615725,678.7288501446064 37.56145396940731,55.69371652989007,679.7593066875752 37.56113590320438,55.69371280279925,680.2232043926533 37.56081783707609,55.693709074884765,680.2232043926533 37.56049977102245,55.69370534614666,676.4007404033955 37.56018170504349,55.6937016165849,678.9399554912861 37.55986363913924,55.693697886199516,678.9399554912861 37.559545573309684,55.69369415499048,681.9792773907002 37.55922750755485,55.693690422957815,682.1791522686299 37.55890944187477,55.69368669010149,682.1791522686299 37.55859137626943,55.693682956421554,682.9924915020283 37.55827331073888,55.693679221917954,684.7324664776143 37.55795524528312,55.69367548659073,684.7324664776143 37.557637179902166,55.69367175043985,682.6419513408955 37.55731911459603,55.69366801346535,679.4285876934346 37.55700104936474,55.6936642756672,679.4285876934346 37.55668298420831,55.69366053704544,676.9934375469502 37.55636491912674,55.69365679760002,676.0226733867939 37.556046854120076,55.69365305733097,676.0226733867939 37.55572878918832,55.693649316238286,676.8602893535908 37.55541072433148,55.69364557432196,676.1390521709736 37.55509265954957,55.69364183158201,676.1390521709736 37.554774594842634,55.69363808801842,676.9624927227314 37.554456530210665,55.693634343631196,678.9643848125752 37.55413846565367,55.69363059842034,678.9643848125752 37.5538204011717,55.693626852385854,681.8202045147236 37.553502336764744,55.69362310552773,686.2355029766377 37.55318427243283,55.693619357845975,686.2355029766377 37.55286620817596,55.69361560934058,688.151594895583 37.55254814399417,55.69361186001158,687.849348801833 37.552230079887465,55.69360810985893,687.849348801833 37.55191201585587,55.69360435888266,686.7419879619893 37.551593951899385,55.69360060708274,684.2347095196064 37.55127588801805,55.69359685445921,684.2347095196064 37.55095782421186,55.69359310101205,685.7924335186299 37.55063976048084,55.69358934674125,689.4881885235127 37.550321696825,55.693585591646816,689.4881885235127 37.55000363324438,55.693581835728786,689.1260822002705 37.54968556973897,55.69357807898711,689.1555621807393 37.54936750630879,55.69357432142179,689.1555621807393 37.54904944295388,55.693570563032864,691.1906726543721 37.54873137967422,55.6935668038203,692.2047717754658 37.548413316469855,55.693563043784124,692.2047717754658 37.54809525334079,55.69355928292431,690.4808795635518 37.54777719028704,55.69355552124088,689.6552417461689 37.54745912730863,55.693551758733825,689.6552417461689 37.54714106440557,55.69354799540315,686.6022021953877 37.54682300157787,55.69354423124884,686.3666980449971 37.54650493882557,55.6935404662709,686.3666980449971 37.54618687614866,55.69353670046935,691.7268512432393 37.545868813547166,55.69353293384419,691.0560290996846 37.5455507510211,55.69352916639539,691.0560290996846 37.5452326885705,55.69352539812298,691.6444537823018 37.54491462619536,55.69352162902693,689.6060779278096 37.5445965638957,55.693517859107274,689.6060779278096 37.54427850167154,55.693514088364,690.2061603252705 37.5439604395229,55.693510316797095,692.0341174785908 37.543642377449785,55.693506544406574,692.0341174785908 37.543324315452224,55.69350277119244,689.4646442119893 37.54300625353023,55.69349899715469,682.5711200420674 37.54268819168381,55.69349522229331,682.5711200420674 37.542370129912996,55.69349144660833,683.0312030498799 37.54205206821779,55.69348767009971,685.8208606426533 37.54173400659822,55.69348389276748,685.8208606426533 37.5414159450543,55.69348011461164,685.6107623760518 37.54109788358604,55.693476335632184,685.0883166973408 37.540779822193464,55.69347255582911,685.0883166973408 37.540461760876575,55.693468775202426,685.3143756573018 37.54014369963541,55.693464993752116,684.7625720684346 37.53982563846997,55.6934612114782,684.7625720684346 37.53950757738028,55.69345742838066,684.9279010479268 37.53918951636635,55.693453644459524,684.8430164043721 37.5388714554282,55.69344985971476,684.8430164043721 37.538553394565845,55.69344607414639,684.8656757061299 37.538235333779305,55.6934422877544,686.0459125225361 37.537917273068594,55.693438500538804,686.0459125225361 37.53759921243372,55.693434712499595,687.1394641582783 37.537281151874716,55.693430923636775,685.965803879958 37.53696309139159,55.69342713395036,685.965803879958 37.53664503098435,55.69342334344031,685.8603656475361 37.536326970653036,55.69341955210666,687.0572040264424 37.53600891039764,55.69341575994941,687.0572040264424 37.535690850218195,55.69341196696854,686.9238574688252 37.5353727901147,55.693408173164066,688.2481830303486 37.53505473008718,55.69340437853598,688.2481830303486 37.53473667013567,55.69340058308429,692.0540149395283 37.53441861026016,55.693396786809,694.6679828350361 37.53410055046068,55.69339298971009,694.6679828350361 37.53378249073723,55.693389191787574,691.521712083083 37.533464431089854,55.69338539304146,691.1233051006611 37.53314637151855,55.69338159347174,691.1233051006611 37.532828312023334,55.693377793078405,688.743147629958 37.532510252604226,55.69337399186147,688.3538196270283 37.53219219326125,55.693370189820946,688.3538196270283 37.531874133994414,55.69336638695681,688.8517749492939 37.53155607480373,55.69336258326906,689.9038226787861 37.531238015689226,55.69335877875771,689.9038226787861 37.53091995665091,55.693354973422764,689.6865832989033 37.53060189768881,55.69335116726422,689.1514880840596 37.53028383880293,55.693347360282054,689.1514880840596 37.52996577999328,55.69334355247631,689.6957080547627 37.5296477212599,55.69333974384695,689.2650745098408 37.529329662602784,55.69333593439399,689.2650745098408 37.52901160402197,55.69333212411744,688.3992297832783 37.52869354551745,55.69332831301728,687.9884784405049 37.52837548708926,55.693324501093535,687.9884784405049 37.528057428737405,55.69332068834618,687.4082324688252 37.52773937046191,55.69331687477522,688.0088794414814 37.52742131226278,55.69331306038068,688.0088794414814 37.52710325414005,55.69330924516254,687.2308032696064 37.52678519609371,55.6933054291208,687.2514636699971 37.526467138123806,55.69330161225545,687.2514636699971 37.52614908023033,55.69329779456652,686.9965350811299 37.525831022413314,55.693293976054,687.1346576397236 37.525512964672764,55.69329015671786,687.1346576397236 37.525194907008704,55.69328633655814,687.4876086895283 37.524876849421155,55.69328251557483,687.9797351543721 37.52455879191012,55.693278693767915,687.9797351543721 37.52424073447562,55.69327487113742,687.5933673565205 37.523922677117675,55.69327104768331,688.1525256817158 37.5236046198363,55.69326722340563,688.1525256817158 37.52328656263151,55.693263398304346,689.0019672100361 37.52296850550333,55.693259572379475,688.9300830547627 37.52265044845176,55.693255745631014,688.9300830547627 37.52233239147683,55.69325191805895,689.4410999004658 37.52201433457855,55.69324808966331,690.5757739727314 37.52169627775694,55.69324426044406,690.5757739727314 37.52137822101201,55.69324043040125,691.2341602032002 37.52106016434379,55.69323659953483,690.8245990459736 37.520742107752284,55.693232767844826,690.8245990459736 37.52042405123751,55.693228935331234,690.1019580547627 37.52010599479949,55.69322510199405,688.8276965801533 37.519787938438235,55.69322126783329,688.8276965801533 37.51946988215377,55.693217432848925,688.6662738506611 37.519151825946096,55.69321359704099,688.0530688946064 37.518833769815245,55.69320976040946,688.0530688946064 37.518515713761225,55.69320592295435,687.8676135723408 37.51819765778406,55.69320208467565,688.2907703106221 37.517879601883756,55.693198245573356,688.2907703106221 37.517561546060335,55.69319440564749,688.701887864333 37.51724349031382,55.69319056489803,687.1649615948018 37.51692543464421,55.693186723325,687.1649615948018 37.516607379051536,55.693182880928376,685.3662555401143 37.51628932353581,55.69317903770818,683.0525958721455 37.51597126809705,55.693175193664395,683.0525958721455 37.515653212735266,55.69317134879702,682.7284381573018 37.51533515745049,55.693167503106075,682.5381763164814 37.51501710224272,55.69316365659155,682.5381763164814 37.51469904711199,55.69315980925343,682.6983936016377 37.5143809920583,55.69315596109175,682.1402423565205 37.514062937081675,55.693152112106475,682.1402423565205 37.51374488218213,55.693148262297626,681.0147388164814 37.51342682735968,55.6931444116652,680.1898181621846 37.513108772614345,55.69314056020918,680.1898181621846 37.51279071794614,55.69313670792959,679.8665607158955 37.512472663355084,55.69313285482642,678.8889758770283 37.512154608841186,55.69312900089969,678.8889758770283 37.51183655440447,55.69312514614938,676.1669910137471 37.51151850004495,55.693121290575476,674.8176868145283 37.51120044576264,55.693117434178,674.8176868145283 37.51088239155756,55.69311357695696,674.9911029522236 37.51056433742972,55.69310971891233,674.6403186504658 37.51024628337914,55.69310586004414,674.6403186504658 37.50992822940585,55.69310200035237,674.0901782696064 37.50961017550984,55.693098139837026,674.1011188213643 37.50929212169115,55.693094278498116,674.1011188213643 37.50897406794979,55.69309041633562,674.7595203106221 37.50865601428576,55.69308655334956,676.6920917217549 37.5083379606991,55.69308268953993,676.6920917217549 37.50801990718982,55.693078824906706,678.2774799053486 37.50770185375793,55.69307495944994,676.9451739971455 37.507383800403446,55.693071093169586,676.9451739971455 37.50706574712639,55.69306722606567,675.5436999981221 37.506747693926776,55.69306335813819,674.5608051006611 37.50642964080462,55.69305948938712,674.5608051006611 37.50611158775994,55.69305561981249,674.6452319805439 37.50579353479275,55.693051749414295,676.6023090069111 37.505475481903076,55.69304787819253,676.6023090069111 37.50515742909092,55.693044006147204,677.6309497539814 37.50483937635631,55.6930401332783,677.7788684551533 37.50452132369925,55.693036259585824,677.7788684551533 37.50420327111977,55.6930323850698,676.5379626934346 37.503885218617874,55.6930285097302,675.7206103985127 37.5035671661936,55.693024633567035,675.7206103985127 37.503249113846934,55.6930207565803,672.8463885967549 37.50293106157792,55.69301687877001,670.5216052715596 37.50261300938655,55.693013000136155,670.5216052715596 37.50229495727286,55.69300912067874,672.9867236797627 37.501976905236866,55.693005240397746,675.5474536602314 37.50165885327857,55.693001359293184,675.5474536602314 37.501340801397994,55.692997477365076,678.3927753155049 37.50102274959516,55.692993594613405,676.3038318340596 37.500704697870084,55.692989711038166,676.3038318340596 37.50038664622277,55.69298582663938,676.609846848708 37.50006859465326,55.69298194141702,676.5557697002705 37.49975054316154,55.69297805537109,676.5557697002705 37.499432491747655,55.69297416850162,674.8556354229268 37.499114440411596,55.69297028080858,673.1364276592549 37.4987963891534,55.69296639229198,673.1364276592549 37.49847833797306,55.69296250295183,672.0132281963643 37.49816028687062,55.69295861278811,671.2862994854268 37.49784223584608,55.692954721800845,671.2862994854268 37.49752418489946,55.692950829990004,673.4422900860127 37.497206134030776,55.69294693735562,672.5976550762471 37.49688808324005,55.692943043897685,672.5976550762471 37.49657003252729,55.69293914961618,672.1489398662861 37.49625198189251,55.69293525451113,674.0796649639424 37.49593393133574,55.69293135858252,674.0796649639424 37.49561588085698,55.69292746183035,678.542952317458 37.495297830456266,55.69292356425463,678.9443652813252 37.4949797801336,55.692919665855364,678.9443652813252 37.494661729888996,55.692915766632524,675.7692859356221 37.49434367972248,55.69291186658615,670.4653766338643 37.494025629634066,55.69290796571622,670.4653766338643 37.49370757962377,55.692904064022734,669.4293353740986 37.49338952969161,55.6929001615057,670.4525134746846 37.4930714798376,55.69289625816511,670.4525134746846 37.49275343006176,55.692892354000975,671.0421283428486 37.49243538036409,55.69288844901328,669.8232867901143 37.49211733074463,55.69288454320205,669.8232867901143 37.491799281203384,55.69288063656725,666.3953082744893 37.49148123174037,55.69287672910891,665.0786578838643 37.491163182355606,55.692872820827034,665.0786578838643 37.49084513304911,55.692868911721604,665.9924609844502 37.4905270838209,55.69286500179262,663.3151385967549 37.49020903467098,55.692861091040086,663.3151385967549 37.48989098559938,55.69285717946401,662.0325000469502 37.48957293660611,55.692853267064386,663.2812640850361 37.48925488769119,55.69284935384121,663.2812640850361 37.488936838854634,55.6928454397945,664.1090076153096 37.48861879009645,55.69284152492424,663.0361926739033 37.48830074141667,55.69283760923044,663.0361926739033 37.48798269281531,55.692833692713094,661.2097613994893 37.48766464429237,55.6928297753722,661.2587115948018 37.48734659584789,55.692825857207765,661.2587115948018 37.48702854748186,55.69282193821979,662.1175525371846 37.48671049919431,55.69281801840827,658.1776416485127 37.486392450985264,55.692814097773194,658.1776416485127 37.48607440285473,55.69281017631458,650.6763141338643 37.485756354802724,55.69280625403245,644.0730579082783 37.48543830682926,55.69280233092676,644.0730579082783 37.48512025893436,55.69279840699753,639.1128833477314 37.48480221111804,55.692794482244764,639.6080615703877 37.48448416338031,55.692790556668456,639.6080615703877 37.484166115721195,55.69278663026861,638.9878223125752 37.48384806814071,55.692782703045225,636.3181750957783 37.48353002063887,55.6927787749983,636.3181750957783 37.48321197321568,55.69277484612783,636.4966266338643 37.482893925871174,55.692770916433844,637.2455280010518 37.48257587860537,55.69276698591631,637.2455280010518 37.482257831418266,55.69276305457523,638.6504962627705 37.481939784309894,55.69275912241063,640.5534045879658 37.481621737280264,55.692755189422485,640.5534045879658 37.48130369032939,55.6927512556108,641.4239642803486 37.480985643457295,55.692747320975585,643.4287402813252 37.48066759666399,55.69274338551685,643.4287402813252 37.4803495499495,55.69273944923456,644.4667957012471 37.48003150331383,55.69273551212874,644.4529559795674 37.47971345675701,55.69273157419941,644.4529559795674 37.47939541027904,55.692727635446516,644.8965594951924 37.479077363879945,55.6927236958701,646.4769122783955 37.47875931755974,55.69271975547016,646.4769122783955 37.478441271318445,55.69271581424669,647.8114154522236 37.47812322515608,55.69271187219969,649.216536301833 37.477805179072654,55.69270792932915,649.216536301833 37.47748713306817,55.692703985635085,650.6211383526143 37.47716908714268,55.692700041117476,651.6116321270283 37.47685104129618,55.692696095776355,651.6116321270283 37.47653299552867,55.69269214961171,651.5189502422627 37.4762149498402,55.69268820262353,651.1698138897236 37.47589690423075,55.69268425481182,651.1698138897236 37.475578858700366,55.69268030617659,652.2377917949971 37.475260813249065,55.69267635671782,653.2653491680439 37.47494276787683,55.692672406435534,653.2653491680439 37.47462472258372,55.69266845532972,653.826887864333 37.47430667736973,55.69266450340037,654.9945666973408 37.47398863223487,55.692660550647524,654.9945666973408 37.47367058717917,55.692656597071135,657.5752856914814 37.47335254220264,55.69265264267122,659.8140704815205 37.47303449730529,55.69264868744778,659.8140704815205 37.472716452487155,55.69264473140082,663.4924762432393 37.47239840774824,55.69264077453033,664.1878802959736 37.47208036308856,55.69263681683633,664.1878802959736 37.47176231850813,55.69263285831881,660.6318805401143 37.47144427400697,55.69262889897776,659.4335315410908 37.471126229585096,55.69262493881318,659.4335315410908 37.470808185242525,55.692620977825094,659.5696704571064 37.47049014097928,55.692617016013486,660.8967273418721 37.470172096795366,55.69261305337835,660.8967273418721 37.469854052690806,55.6926090899197,661.7037952129658 37.469536008665614,55.692605125637535,662.7909839336689 37.4692179647198,55.692601160531844,662.7909839336689 37.468899920853396,55.692597194602634,662.7490832989033 37.46858187706641,55.69259322784992,661.5257556621846 37.46826383335886,55.69258926027368,661.5257556621846 37.467945789730756,55.69258529187392,663.5665271465596 37.46762774618212,55.69258132265065,666.1075427715596 37.467309702712974,55.69257735260386,666.1075427715596 37.46699165932332,55.69257338173357,666.4629199688252 37.46667361601319,55.69256941003975,667.3722064678486 37.46635557278259,55.692565437522404,667.3722064678486 37.46603752963154,55.69256146418157,666.6802661602314 37.465719486560054,55.692557490017215,665.1131732647236 37.465401443568155,55.69255351502934,665.1131732647236 37.46508340065585,55.69254953921795,664.1338489239033 37.46476535782316,55.69254556258306,662.4930103008564 37.46444731507011,55.692541585124644,662.4930103008564 37.464129272396704,55.69253760684273,661.7288196270283 37.463811229802964,55.6925336277373,660.7775256817158 37.463493187288904,55.69252964780835,660.7775256817158 37.46317514485454,55.69252566705591,661.1004321758564 37.462857102499896,55.69252168547994,660.0977618877705 37.46253906022498,55.692517703080476,660.0977618877705 37.462221018029815,55.69251371985749,661.1001575176533 37.461902975914406,55.69250973581101,662.6308887188252 37.46158493387879,55.69250575094101,662.6308887188252 37.46126689192295,55.69250176524751,663.0711505596455 37.46094885004694,55.692497778730505,661.5660693828877 37.460630808250755,55.692493791389985,661.5660693828877 37.46031276653442,55.69248980322597,657.0944507305439 37.45999472489794,55.69248581423845,656.0289600078877 37.45967668334134,55.692481824427404,656.0289600078877 37.45935864186464,55.69247783379287,655.1038959209736 37.45904060046785,55.692473842334834,654.1523730938252 37.45872255915099,55.692469850053286,654.1523730938252 37.458404517914076,55.69246585694824,652.805159348708 37.45808647675712,55.692461863019695,655.4856403057393 37.457768435680144,55.69245786826764,655.4856403057393 37.45745039468316,55.69245387269209,656.6302325908955 37.45713235376619,55.692449876293026,653.4349200908955 37.45681431292924,55.692445879070476,653.4349200908955 37.45649627217234,55.692441881024415,653.5216968242939 37.4561782314955,55.69243788215486,653.9127032940205 37.45586019089873,55.6924338824618,653.9127032940205 37.455542150382065,55.692429881945245,654.1266467754658 37.455224109945505,55.69242588060518,656.223128098708 37.454906069589065,55.692421878441635,656.223128098708 37.454588029312774,55.69241787545458,657.7085864727314 37.45426998911664,55.69241387164404,662.0952441875752 37.453951949000675,55.69240986700999,662.0952441875752 37.45363390896491,55.692405861552444,665.7675464336689 37.453315869009344,55.69240185527141,660.6017749492939 37.45299782913401,55.69239784816687,660.6017749492939 37.452679789338916,55.69239384023884,657.2236926739033 37.45236174962408,55.692389831487326,654.5536487285908 37.45204370998952,55.6923858219123,654.5536487285908 37.451725670435245,55.69238181151378,652.3489062969502 37.451407630961285,55.69237780029178,648.8469684307393 37.451414733135046,55.692198158033456,653.7003314678486 37.45142183522849,55.69201851576923,657.2688739483174 37.4514289372416,55.691838873499115,657.2688739483174 37.451436039174396,55.691659231223106,657.5030811016377 37.45144314102688,55.691479588941206,656.6825549785908 37.45145024279904,55.691299946653416,656.6825549785908 37.45145734449088,55.69112030435973,658.6232593242939 37.45146444610242,55.69094066206016,657.6576221172627 37.45147154763364,55.69076101975469,657.6576221172627 37.45147864908454,55.69058137744332,661.1948688213643 37.45148575045514,55.690401735126066,660.6323230449971 37.45149285174542,55.69022209280293,660.6323230449971 37.4514999529554,55.6900424504739,657.4904163067158 37.45150705408507,55.689862808138955,659.0156390850361 37.451514155134426,55.68968316579814,659.0156390850361 37.45152125610349,55.68950352345142,661.3136279766377 37.45152835699224,55.68932388109882,661.1045215313252 37.451535457800695,55.689144238740326,661.1045215313252 37.45185347104801,55.68914824947897,662.0975177471455 37.452171484375604,55.68915225939422,663.6753986065205 37.452489497783475,55.68915626848608,663.6753986065205 37.45280751127159,55.68916027675455,664.4360797588643 37.45312552483994,55.689164284199606,665.8150775615986 37.453443538488514,55.689168290821286,665.8150775615986 37.45376155221729,55.68917229661957,670.7146136944111 37.454079566026245,55.68917630159444,674.0439593975361 37.45439757991537,55.68918030574592,674.0439593975361 37.45471559388466,55.689184309074,678.5941913311299 37.45503360793408,55.68918831157869,678.8466174785908 37.45535162206362,55.68919231325997,678.8466174785908 37.45566963627326,55.689196314117865,675.6521899883564 37.45598765056299,55.68920031415235,670.3724811260518 37.45630566493279,55.68920431336343,670.3724811260518 37.45662367938264,55.68920831175112,668.2412250225361 37.45694169391254,55.6892123093154,669.4955585186299 37.45725970852245,55.689216306056295,669.4955585186299 37.45757772321237,55.689220301973776,670.7923877422627 37.45789573798228,55.68922429706785,668.6502673809346 37.45821375283215,55.68922829133853,668.6502673809346 37.45853176776199,55.6892322847858,663.9092242901143 37.458849782771765,55.68923627740968,662.589827317458 37.45916779786146,55.68924026921015,662.589827317458 37.459485813031066,55.68924426018721,662.1995380108174 37.459803828280556,55.68924825034087,663.0439136211689 37.460121843609926,55.68925223967111,663.0439136211689 37.46043985901914,55.68925622817795,664.2535541240986 37.460757874508204,55.6892602158614,665.1339404766377 37.4610758900771,55.689264202721425,665.1339404766377 37.461393905725785,55.68926818875806,665.2805926983174 37.46171192145427,55.689272173971275,665.1656787578877 37.46202993726253,55.68927615836108,665.1656787578877 37.46234795315055,55.68928014192748,667.1473682110127 37.462665969118305,55.68928412467047,668.6180865948018 37.462983985165785,55.689288106590055,668.6180865948018 37.46330200129298,55.689292087686226,668.1615588848408 37.46362001749987,55.68929606795898,667.563704270583 37.463938033786434,55.68930004740834,667.563704270583 37.46425605015265,55.689304026034286,666.7746875469502 37.46457406659851,55.6893080038368,665.5705707256611 37.464892083124006,55.68931198081592,665.5705707256611 37.4652100997291,55.689315956971626,665.132796067458 37.46552811641379,55.68931993230392,665.2735278789814 37.46584613317806,55.689323906812795,665.2735278789814 37.466164150021896,55.689327880498254,660.9733264629658 37.46648216694527,55.68933185336031,658.4237659160908 37.466800183948166,55.68933582539894,658.4237659160908 37.46711820103058,55.689339796614156,660.1031634990986 37.46743621819249,55.689343767005965,661.3453662578877 37.46775423543388,55.68934773657435,661.3453662578877 37.46807225275472,55.68935170531932,660.6146991436299 37.46839027015501,55.68935567324087,660.4612262432393 37.46870828763474,55.68935964033901,660.4612262432393 37.46902630519387,55.68936360661373,661.2218768780049 37.469344322832406,55.68936757206503,661.1114795391377 37.469662340550315,55.6893715366929,661.1114795391377 37.46998035834759,55.68937550049737,659.3818042461689 37.47029837622421,55.6893794634784,658.7382190410908 37.470616394180155,55.68938342563603,658.7382190410908 37.47093441221542,55.68938738697023,658.6461017315205 37.47125243032998,55.68939134748101,658.3381793682393 37.47157044852382,55.68939530716837,658.3381793682393 37.471888466796926,55.6893992660323,659.0952594463643 37.472206485149286,55.68940322407281,658.4498431865986 37.472524503580864,55.68940718128991,658.4498431865986 37.47284252209167,55.68941113768357,655.8867938701924 37.47316054068167,55.68941509325382,657.5381763164814 37.473478559350845,55.68941904800064,657.5381763164814 37.47379657809919,55.68942300192404,656.5114429180439 37.47411459692668,55.68942695502401,657.2525012676533 37.47443261583332,55.68943090730056,657.2525012676533 37.47475063481906,55.68943485875368,657.7280872051533 37.47506865388391,55.689438809383375,658.0224902813252 37.475386673027835,55.68944275918964,658.0224902813252 37.47570469225082,55.689446708172476,659.3540027324971 37.47602271155287,55.68945065633189,658.9899280254658 37.47634073093395,55.689454603667876,658.9899280254658 37.476658750394044,55.68945855018043,655.3360126201924 37.476976769933145,55.68946249586956,653.5766132061299 37.47729478955122,55.68946644073525,653.5766132061299 37.47761280924827,55.68947038477752,652.3628528301533 37.477930829024274,55.68947432799636,647.7550494854268 37.47824884887921,55.68947827039177,647.7550494854268 37.47856686881307,55.689482211963735,642.1791217510518 37.47888488882582,55.689486152712284,640.8363025371846 37.479202908917465,55.6894900926374,640.8363025371846 37.47952092908798,55.68949403173908,640.1705463115986 37.47983894933734,55.68949797001732,640.6209857647236 37.48015696966554,55.68950190747213,640.6209857647236 37.480474990072565,55.689505844103515,643.5486285869893 37.480793010558386,55.68950977991146,649.1291644756611 37.481111031123,55.689513714895966,649.1291644756611 37.48142905176639,55.689517649057045,650.585921067458 37.481747072488524,55.68952158239468,649.0713489239033 37.4820650932894,55.689525514908894,649.0713489239033 37.48238311416899,55.68952944659966,646.960188645583 37.48270113512729,55.68953337746699,645.5728290264424 37.48301915616428,55.689537307510875,645.5728290264424 37.48333717727994,55.68954123673134,644.6045367901143 37.48365519847425,55.68954516512835,645.3048694317158 37.48397321974721,55.68954909270193,645.3048694317158 37.48429124109879,55.68955301945207,646.2072742168721 37.48460926252897,55.689556945378776,646.9559467022236 37.484927284037745,55.689560870482026,646.9559467022236 37.48524530562509,55.68956479476186,647.5574481670674 37.485563327291,55.68956871821823,647.7350146953877 37.48588134903544,55.68957264085117,647.7350146953877 37.48619937085841,55.68957656266066,648.5796649639424 37.48651739275987,55.689580483646715,650.7776172344502 37.48683541473984,55.68958440380933,650.7776172344502 37.48715343679827,55.6895883231485,654.8649127666768 37.487471458935175,55.689592241664215,657.3648212139424 37.487789481150514,55.689596159356505,657.3648212139424 37.488107503444276,55.68960007622535,660.8862750713643 37.488425525816446,55.68960399227074,666.6850726787861 37.48874354826701,55.68960790749268,666.6850726787861 37.48906157079595,55.689611821891184,668.6994769756611 37.48937959340324,55.68961573546624,664.8351581280049 37.48969761608889,55.68961964821785,664.8351581280049 37.49001563885285,55.68962356014601,662.0378406231221 37.49033366169513,55.68962747125073,662.1687457744893 37.4906516846157,55.689631381531996,662.1687457744893 37.490969707614546,55.68963529098982,661.867659348708 37.49128773069165,55.68963919962418,659.3106372539814 37.491605753847004,55.6896431074351,659.3106372539814 37.491923777080586,55.68964701442257,658.0101154033955 37.49224180039237,55.689650920586594,657.4623401348408 37.49255982378236,55.68965482592717,657.4623401348408 37.49287784725052,55.68965873044429,659.0752399151143 37.49319587079684,55.68966263413796,661.0394885723408 37.493513894421305,55.68966653700817,661.0394885723408 37.4938319181239,55.689670439054936,659.8278796856221 37.49414994190462,55.68967434027825,661.6361530010518 37.49446796576342,55.689678240678106,661.6361530010518 37.49478598970031,55.68968214025451,664.1423938457783 37.49510401371525,55.68968603900747,666.7835376446064 37.49542203780825,55.68968993693697,666.7835376446064 37.49574006197928,55.68969383404301,667.9251697246846 37.49605808622831,55.68969773032559,668.3949573223408 37.49637611055534,55.68970162578472,668.3949573223408 37.49669413496036,55.689705520420404,667.5617053692158 37.49701215944334,55.689709414232624,665.4964740459736 37.49733018400426,55.68971330722139,665.4964740459736 37.49764820864312,55.689717199386685,665.3506763164814 37.49796623335989,55.68972109072854,666.3613574688252 37.49828425815456,55.68972498124692,666.3613574688252 37.49860228302711,55.689728870941856,666.8339221660908 37.49892030797753,55.68973275981333,667.020979661208 37.4992383330058,55.68973664786133,667.020979661208 37.499556358111896,55.689740535085896,667.5464008037861 37.49987438329581,55.68974442148698,666.974104661208 37.500192408557524,55.68974830706461,666.974104661208 37.50051043389702,55.68975219181878,665.9729907696064 37.50082845931429,55.68975607574949,665.3176257793721 37.501146484809304,55.68975995885674,665.3176257793721 37.50146451038205,55.689763841140525,665.4057605449971 37.501782536032515,55.68976772260084,665.9971912090596 37.50210056176068,55.689771603237695,665.9971912090596 37.502418587566524,55.689775483051086,665.0503070537861 37.50273661345005,55.689779362041016,664.1682269756611 37.50305463941122,55.689783240207476,664.1682269756611 37.50337266545002,55.68978711755048,663.2871082012471 37.50369069156644,55.689790994070016,662.5949084942158 37.50400871776047,55.689794869766075,662.5949084942158 37.50432674403208,55.68979874463868,661.7258289043721 37.504644770381255,55.689802618687814,660.5533282940205 37.50496279680798,55.68980649191347,660.5533282940205 37.505280823312255,55.68981036431567,659.7156665508564 37.505598849894035,55.6898142358944,660.4892871563252 37.50591687655333,55.68981810664966,660.4892871563252 37.50623490329011,55.68982197658146,663.5107715313252 37.506552930104355,55.68982584568978,665.1243426983174 37.50687095699605,55.68982971397463,665.1243426983174 37.50718898396519,55.68983358143601,665.0264880840596 37.507507011011754,55.68983744807393,667.1873614971455 37.50782503813572,55.68984131388836,667.1873614971455 37.508143065337066,55.68984517887933,669.1512286846455 37.50846109261579,55.68984904304683,671.6088855449971 37.50877911997187,55.689852906390854,671.6088855449971 37.509097147405285,55.689856768911405,672.635481614333 37.50941517491603,55.689860630608486,673.7196033184346 37.509733202504066,55.68986449148209,673.7196033184346 37.5100512301694,55.68986835153221,676.0115955059346 37.51036925791201,55.68987221075887,677.1444842998799 37.510687285731876,55.689876069162054,677.1444842998799 37.51100531362898,55.68987992674175,676.1700885479268 37.5113233416033,55.68988378349798,675.6466052715596 37.51164136965484,55.68988763943074,675.6466052715596 37.511959397783556,55.68989149454002,674.7512805645283 37.51227742598945,55.68989534882581,674.1428363506611 37.51259545427251,55.68989920228813,674.1428363506611 37.512913482632705,55.68990305492697,675.2583606426533 37.513231511070025,55.68990690674234,676.7746570293721 37.51354953958445,55.68991075773423,676.7746570293721 37.513867568175975,55.68991460790263,674.7759235088643 37.51418559684457,55.68991845724755,677.3618457500752 37.51450362559022,55.689922305768995,677.3618457500752 37.51482165441292,55.689926153466956,680.8744037334736 37.51513968331264,55.68993000034145,683.4518573467549 37.515457712289376,55.68993384639244,683.4518573467549 37.5157757413431,55.68993769161996,680.9779346172627 37.5160937704738,55.689941536023994,674.7143542949971 37.516411799681464,55.68994537960456,674.7143542949971 37.51672982896607,55.689949222361626,675.0685565655049 37.5170478583276,55.68995306429521,675.3623798076924 37.51736588776604,55.68995690540532,675.3623798076924 37.517683917281374,55.68996074569194,675.8279407207783 37.518001946873596,55.689964585155074,677.3156879131611 37.51831997654267,55.68996842379472,677.3156879131611 37.51863800628859,55.689972261610876,678.7166583721455 37.51895603611134,55.68997609860356,680.2769458477314 37.5192740660109,55.689979934772744,680.2769458477314 37.51959209598726,55.689983770118445,681.8403613750752 37.519910126040386,55.68998760464066,680.7384326641377 37.52022815617028,55.6899914383394,680.7384326641377 37.52054618637693,55.68999527121463,680.7051532451924 37.5208642166603,55.689999103266366,682.6110065166768 37.521182247020384,55.69000293449464,682.6110065166768 37.521500277457164,55.69000676489941,681.5792682354268 37.521818307970634,55.69001059448069,682.3236072246846 37.522136338560756,55.69001442323849,682.3236072246846 37.52245436922753,55.69001825117278,685.1874683086689 37.52277239997093,55.69002207828359,683.2907855694111 37.52309043079095,55.690025904570895,683.2907855694111 37.52340846168757,55.69002973003473,680.8261707012471 37.523726492660764,55.69003355467505,680.2925861065205 37.524044523710536,55.690037378491894,680.2925861065205 37.52436255483684,55.69004120148523,681.0472705547627 37.52468058603968,55.690045023655095,680.7226855938252 37.52499861731904,55.69004884500144,680.7226855938252 37.5253166486749,55.6900526655243,680.5376727764424 37.52563468010724,55.69005648522367,681.1257465069111 37.52595271161604,55.69006030409953,681.1257465069111 37.5262707432013,55.69006412215191,681.0696704571064 37.526588774862994,55.69006793938079,682.0055225078877 37.5269068066011,55.690071755786164,682.0055225078877 37.527224838415606,55.69007557136805,682.9741199199971 37.5275428703065,55.690079386126435,681.4494159405049 37.52786090227375,55.69008320006132,681.4494159405049 37.52817893431736,55.69008701317271,682.0525348369893 37.5284969664373,55.6900908254606,681.5085437481221 37.52881499863356,55.69009463692499,681.5085437481221 37.529133030906124,55.690098447565866,681.6788776104268 37.529451063254974,55.690102257383266,681.6539142315205 37.52976909568009,55.690106066377155,681.6539142315205 37.53008712818146,55.69010987454755,681.5221698467549 37.53040516075906,55.690113681894424,681.2406757061299 37.53072319341288,55.69011748841781,681.2406757061299 37.53104122614291,55.690121294117695,681.8125293438252 37.53135925894912,55.690125098994066,684.7324817364033 37.53167729183151,55.69012890304695,684.7324817364033 37.53199532479004,55.69013270627632,688.6121967022236 37.53231335782471,55.69013650868219,690.1576678936299 37.5326313909355,55.69014031026454,690.1576678936299 37.5329494241224,55.6901441110234,689.3623798076924 37.533267457385385,55.69014791095874,688.5845020000752 37.53358549072444,55.690151710070595,688.5845020000752 37.53390352413955,55.690155508358934,688.5638263408955 37.534221557630694,55.69015930582378,688.7814166729268 37.53453959119786,55.69016310246511,688.7814166729268 37.53485762484104,55.69016689828292,688.9724872295674 37.5351756585602,55.69017069327723,689.4002826397236 37.53549369235534,55.69017448744803,689.4002826397236 37.53581172622643,55.69017828079532,693.000471848708 37.53612976017346,55.69018207331911,694.5033862774189 37.53644779419641,55.69018586501939,694.5033862774189 37.53676582829527,55.69018965589614,692.3435046856221 37.53708386247002,55.6901934459494,691.5090320293721 37.537401896720645,55.69019723517913,691.5090320293721 37.53771993104712,55.69020102358537,691.6376483623799 37.53803796544945,55.69020481116808,690.1526019756611 37.53835599992759,55.690208597927295,690.1526019756611 37.538674034481545,55.690212383862985,690.8626086895283 37.53899206911129,55.69021616897516,693.7106006328877 37.53931010381681,55.69021995326383,693.7106006328877 37.53962813859808,55.69022373672899,691.3606403057393 37.5399461734551,55.69022751937062,687.6438129131611 37.540264208387846,55.69023130118875,687.6438129131611 37.540582243396294,55.690235082183364,685.1327197735127 37.54090027848044,55.69023886235445,685.5569446270283 37.541218313640265,55.690242641702035,685.5569446270283 37.541536348875745,55.690246420226096,685.9566943828877 37.54185438418687,55.69025019792663,687.7325580303486 37.542172419573625,55.69025397480366,687.7325580303486 37.542490455035974,55.69025775085717,690.1127155010518 37.54280849057393,55.690261526087156,691.9380023662861 37.54312652618747,55.690265300493635,691.9380023662861 37.54344456187656,55.69026907407659,693.3502643291768 37.5437625976412,55.69027284683602,691.3456714336689 37.54408063348136,55.69027661877193,691.3456714336689 37.544398669397026,55.690280389884336,689.7007587139424 37.544716705388204,55.690284160173206,687.3262012188252 37.54503474145485,55.69028792963855,687.3262012188252 37.54535277759696,55.69029169828039,688.1043689434346 37.54567081381452,55.690295466098696,690.3511951153096 37.5459888501075,55.690299233093484,690.3511951153096 37.5463068864759,55.690302999264745,690.7520129864033 37.54662492291969,55.69030676461248,690.4815662090596 37.54694295943886,55.690310529136696,690.4815662090596 37.5472609960334,55.6903142928374,692.2654407207783 37.547579032703275,55.690318055714556,690.9994647686299 37.54789706944849,55.690321817768194,690.9994647686299 37.54821510626902,55.690325578998326,687.4799030010518 37.548533143164846,55.69032933940492,682.9232776348408 37.54885118013595,55.69033309898798,682.9232776348408 37.54916921718232,55.690336857747525,679.5458514873799 37.54948725430393,55.69034061568353,679.2838123028096 37.54980529150078,55.69034437279601,679.2838123028096 37.55012332877285,55.690348129084974,678.6985004131611 37.550441366120104,55.6903518845504,678.4056079571064 37.55075940354255,55.690355639192305,678.4056079571064 37.55107744104016,55.69035939301067,680.2314746563252 37.55139547861292,55.69036314600552,683.5709521953877 37.55171351626081,55.690366898176826,683.5709521953877 37.55203155398381,55.69037064952461,682.7024371807393 37.552349591781926,55.69037440004886,678.9232318584736 37.552667629655105,55.690378149749584,678.9232318584736 37.552985667603366,55.69038189862677,679.1944110576924 37.553303705626675,55.690385646680426,679.4035327617939 37.55362174372502,55.69038939391055,679.4035327617939 37.55393978189837,55.69039314031715,677.2156512920674 37.55425782014674,55.6903968859002,674.7081897442158 37.55457585847007,55.690400630659724,674.7081897442158 37.554893896868386,55.690404374595715,673.2493579571064 37.555211935341646,55.69040811770817,673.9344318096455 37.55552997388985,55.69041185999709,673.9344318096455 37.55584801251296,55.69041560146247,671.8209064190205 37.55616605121099,55.69041934210433,670.1959369365986 37.55648408998389,55.69042308192263,670.1959369365986 37.55680212883166,55.69042682091741,670.4189593975361 37.55712016775429,55.690430559088654,673.2199847881611 37.557438206751755,55.69043429643635,673.2199847881611 37.55775624582403,55.69043803296052,675.9789569561299 37.55807428497112,55.69044176866114,677.2957446758564 37.558392324192994,55.690445503538236,677.2957446758564 37.55871036348964,55.690449237591785,678.0886371319111 37.55902840286104,55.69045297082179,675.8541095440205 37.559346442307174,55.69045670322825,675.8541095440205 37.55966448182803,55.69046043481119,671.6460101787861 37.559982521423585,55.69046416557057,671.2973773662861 37.56030056109383,55.69046789550642,671.2973773662861 37.56061860083876,55.69047162461873,669.8550555889424 37.56093664065833,55.69047535290749,661.9224536602314 37.561254680552544,55.690479080372704,661.9224536602314 37.56157272052138,55.690482807014384,658.9456317608174 37.56189076056482,55.690486532832516,667.9745776836689 37.56220880068285,55.69049025782711,667.9745776836689 37.56252684087546,55.69049398199815,670.6925037090596 37.562844881142624,55.69049770534566,668.5756213848408 37.56316292148432,55.69050142786961,668.5756213848408 37.563480961900545,55.69050514957002,670.1734454815205 37.56379900239128,55.69050887044689,670.0238788311299 37.5641170429565,55.69051259050021,670.0238788311299 37.56443508359619,55.69051630972998,668.348860520583 37.56475312431034,55.69052002813621,669.0091846172627 37.565071165098935,55.69052374571889,669.0091846172627 37.56538920596196,55.690527462478016,670.727522629958 37.56570724689938,55.6905311784136,670.6383197490986 37.5660252879112,55.69053489352563,670.6383197490986 37.5663433289974,55.69053860781411,671.1798846905049 37.566661370157945,55.69054232127906,674.2403705303486 37.56697941139284,55.69054603392044,674.2403705303486 37.567297452702064,55.690549745738274,677.7953784649189 37.567615494085594,55.69055345673255,678.4534747783955 37.56793353554342,55.6905571669033,678.4534747783955 37.56825157707552,55.69056087625048,674.7149799053486 37.56856961868188,55.6905645847741,670.6838519756611 37.56888766036248,55.69056829247418,670.6838519756611 37.569205702117316,55.6905719993507,668.9571826641377 37.569523743946355,55.69057570540367,669.2612598125752 37.56984178584959,55.69057941063309,669.2612598125752 37.570159827827005,55.690583115038955,666.6073749248799 37.57047786987857,55.690586818621256,665.1431110088643 37.57079591200429,55.690590521380024,665.1431110088643 37.571113954204144,55.69059422331522,666.7518756573018 37.5714319964781,55.69059792442686,666.4615466778096 37.57175003882615,55.690601624714944,666.4615466778096 37.57206808124829,55.69060532417948,666.1006915752705 37.57238612374449,55.69060902282045,669.8627612774189 37.57270416631472,55.690612720637866,669.8627612774189 37.573022208958996,55.69061641763172,673.8126514141377 37.57334025167728,55.69062011380202,676.7471606914814 37.57365829446956,55.69062380914876,676.7471606914814 37.57397633733582,55.69062750367195,677.7547137920674 37.574294380276044,55.690631197371566,675.5504749004658 37.57461242329022,55.69063489024764,675.5504749004658 37.57493046637832,55.690638582300146,671.0134265606221 37.57524850954034,55.690642273529086,669.3375995342549 37.57556655277625,55.69064596393447,669.3375995342549 37.57588459608605,55.69064965351629,672.5034778301533 37.576202639469706,55.69065334227454,673.0007617657002 37.57652068292722,55.69065703020923,673.0007617657002 37.576838726458554,55.69066071732036,671.1913745586689 37.57715677006371,55.69066440360794,671.1744830791768 37.57747481374267,55.69066808907195,671.1744830791768 37.5777928574954,55.69067177371238,672.9670703594502 37.57811090132191,55.69067545752926,673.2859790508564 37.57842894522216,55.69067914052257,673.2859790508564 37.57874698919614,55.690682822692324,668.245833176833 37.57906503324384,55.6906865040385,669.0542133037861 37.57938307736525,55.69069018456111,669.0542133037861 37.57970112156034,55.69069386426017,672.9328601543721 37.58001916582909,55.69069754313565,671.1978290264424 37.5803372101715,55.690701221187574,671.1978290264424 37.58065525458753,55.690704898415916,668.0414416973408 37.58097329907719,55.6907085748207,670.0230090801533 37.58129134364045,55.690712250401916,670.0230090801533 37.58160938827729,55.69071592515955,671.7502734844502 37.581927432987705,55.690719599093626,669.1542194073018 37.58224547777167,55.69072327220413,669.1542194073018 37.58256352262917,55.69072694449107,667.7688434307393 37.582881567560186,55.69073061595443,667.1084277813252 37.583199612564705,55.690734286594214,667.1084277813252 37.58351765764271,55.690737956410445,666.3259570782002 37.5838357027942,55.69074162540309,664.7856891338643 37.58415374801912,55.690745293572164,664.7856891338643 37.58447179331749,55.69074896091767,663.2209155742939 37.58478983868927,55.69075262743961,662.4132678692158 37.585107884134466,55.69075629313796,662.4132678692158 37.58542592965304,55.69075995801275,663.0230701153096 37.585743975244995,55.690763622063955,664.8345935528096 37.58606202091029,55.690767285291585,664.8345935528096 37.586380066648935,55.69077094769564,668.6747577373799 37.586698112460894,55.690774609276126,670.9409625713643 37.58701615834617,55.690778270033036,670.9409625713643 37.58733420430472,55.69078192996638,670.6140277569111 37.587652250336546,55.690785589076135,670.6524646465596 37.58797029644163,55.69078924736231,670.6524646465596 37.58828834261995,55.69079290482491,668.1370074932393 37.5886063888715,55.69079656146393,660.6838519756611 37.58892443519625,55.69080021727938,660.6838519756611 37.58924248159419,55.690803872271246,658.6260059063252 37.589560528065306,55.69080752643954,661.8200671856221 37.58987857460957,55.690811179784234,661.8200671856221 37.59019662122699,55.69081483230537,663.0185992901143 37.59051466791752,55.69081848400292,659.5014941875752 37.59083271468116,55.690822134876875,659.5014941875752 37.591150761517895,55.69082578492726,659.3130023662861 37.5914688084277,55.690829434154075,659.2289416973408 37.59178685541057,55.69083308255729,659.2289416973408 37.592104902466474,55.690836730136944,658.5143726055439 37.59242294959541,55.690840376893,659.5339648907002 37.592740996797346,55.690844022825466,659.5339648907002 37.593059044072284,55.69084766793436,658.8345325176533 37.593377091420194,55.690851312219664,656.6822650615986 37.59369513884106,55.69085495568139,656.6822650615986 37.59401318633487,55.69085859831952,654.0391986553486 37.594331233901606,55.690862240134074,653.6276385967549 37.59464928154125,55.690865881125035,653.6276385967549 37.59496732925379,55.69086952129242,654.8573291485127 37.59528537703921,55.69087316063621,657.9488513653096 37.59560342489749,55.69087679915643,657.9488513653096 37.59592147282861,55.69088043685303,662.5400531475361 37.596239520832555,55.69088407372607,664.9590442364033 37.59655756890932,55.69088770977552,664.9590442364033 37.59687561705887,55.69089134500137,664.939680833083 37.597193665281196,55.690894979403645,660.4872272198018 37.59751171357629,55.69089861298231,660.4872272198018 37.59782976194413,55.690902245737405,656.442854661208 37.5981478103847,55.6909058776689,652.1417072002705 37.59846585889798,55.690909508776805,652.1417072002705 37.598783907483956,55.690913139061124,649.6708209698018 37.599101956142604,55.690916768521845,646.3252704326924 37.59942000487393,55.69092039715898,646.3252704326924 37.59973805367789,55.69092402497253,645.9330280010518 37.60005610255448,55.690927651962475,647.0674274151143 37.600374151503694,55.69093127812883,647.0674274151143 37.600692200525486,55.690934903471586,648.8742206280049 37.601010249619875,55.69093852799076,647.6270892803486 37.601328298786825,55.690942151686336,647.6270892803486 37.60164634802632,55.69094577455831,643.2288043682393 37.60196439733834,55.6909493966067,636.9587695782002 37.60228244672289,55.69095301783149,636.9587695782002 37.602600496179925,55.690956638232684,633.4973895733174 37.60291854570944,55.690960257810275,635.8986346905049 37.60323659531144,55.69096387656427,635.8986346905049 37.60355464498586,55.69096749449468,639.5861346905049 37.603872694732736,55.690971111601485,642.5575397198018 37.604190744552014,55.690974727884694,642.5575397198018 37.604508794443696,55.690978343344305,645.8811633770283 37.60482684440776,55.69098195798032,647.624983567458 37.605144894444194,55.69098557179273,647.624983567458 37.60546294455297,55.690989184781536,646.5103442852314 37.60578099473409,55.690992796946766,646.5934283916768 37.606099044987516,55.69099640828838,646.5934283916768 37.60641709531325,55.69100001880639,644.2346484844502 37.60673514571126,55.691003628500795,647.6997516338643 37.607053196181546,55.69100723737161,647.6997516338643 37.60737124672408,55.69101084541881,651.0518329326924 37.607689297338844,55.69101445264243,651.9288318340596 37.608007348025836,55.69101805904243,651.9288318340596 37.60832539878503,55.69102166461882,651.3650043194111 37.6086434496164,55.69102526937162,650.6560352032002 37.60896150051994,55.691028873300816,650.6560352032002 37.60927955149564,55.69103247640641,648.1879565899189 37.60959760254346,55.69103607868839,647.5731036846455 37.609915653663414,55.69103968014677,647.5731036846455 37.61023370485547,55.69104328078154,649.481428879958 37.610551756119605,55.691046880592715,650.5217578594502 37.610558128258084,55.69086722549001,650.9773700420674 37.61056450032449,55.69068757038152,650.9562061016377 37.61057087231883,55.690507915267254,650.9562061016377 37.61057724424111,55.690328260147204,651.7989185039814 37.61058361609131,55.69014860502141,647.2454211895283 37.61058998786946,55.689968949889824,647.2454211895283 37.61059635957554,55.68978929475245,642.2545612041768 37.61060273120956,55.689609639609316,634.3944080059346 37.61060910277152,55.6894299844604,634.3944080059346 37.610615474261415,55.6892503293057,629.9692828838643 37.610621845679255,55.68907067414525,629.6182544414814 37.61062821702504,55.68889101897899,629.6182544414814 37.61063458829876,55.688711363806966,629.4633777324971 37.61064095950043,55.688531708629185,628.7950427715596 37.61064733063005,55.688352053445605,628.7950427715596 37.61065370168761,55.68817239825626,628.5794513408955 37.61066007267312,55.68799274306114,629.3308704082783 37.61066644358658,55.68781308786024,629.3308704082783 37.61034841855435,55.68780948848287,629.6429889385518 37.61003039359419,55.687805888282,629.2270953838643 37.609712368706106,55.687802287257625,629.2270953838643 37.60939434389012,55.687798685409746,633.1265247051533 37.60907631914626,55.68779508273835,640.5384814922627 37.608758294474534,55.687791479243465,640.5384814922627 37.60844026987495,55.687787874925064,642.3355548565205 37.60812224534753,55.687784269783165,641.8487079326924 37.60780422089229,55.68778066381775,641.8487079326924 37.60748619650925,55.68777705702885,643.045393723708 37.60716817219842,55.68777344941644,643.2947833721455 37.60685014795983,55.68776984098053,643.2947833721455 37.606532123793485,55.687766231721106,642.1695697490986 37.6062140996994,55.687762621638186,642.8385150615986 37.6058960756776,55.687759010731774,642.8385150615986 37.605578051728095,55.68775539900185,641.0110461895283 37.6052600278509,55.68775178644843,640.0551135723408 37.604942004046045,55.6877481730715,640.0551135723408 37.60462398031352,55.68774455887108,643.2545001690205 37.60430595665337,55.68774094384716,648.0211627666768 37.603987933065596,55.68773732799974,648.0211627666768 37.60366990955021,55.687733711328825,649.5030963604268 37.60335188610725,55.6877300938344,650.4737384502705 37.60303386273671,55.687726475516484,650.4737384502705 37.602715839438616,55.687722856375075,652.9526813213643 37.602397816212985,55.68771923641017,656.5688159649189 37.60207979305983,55.68771561562176,656.5688159649189 37.60176176997917,55.68771199400987,660.6178882305439 37.60144374697102,55.687708371574466,665.3987415020283 37.6011257240354,55.68770474831557,665.3987415020283 37.600807701172315,55.68770112423318,666.7817523662861 37.6004896783818,55.6876974993273,669.5648029033955 37.60017165566386,55.68769387359792,669.5648029033955 37.59985363301851,55.687690247045055,665.4036700908955 37.59953561044578,55.68768661966868,665.9930103008564 37.59921758794567,55.68768299146883,665.9930103008564 37.598899565518195,55.68767936244548,664.7831561748799 37.598581543163384,55.687675732598635,661.947737473708 37.59826352088125,55.6876721019283,661.947737473708 37.597945498671805,55.68766847043448,661.4444568340596 37.59762747653507,55.687664838117165,661.0236499492939 37.59730945447106,55.68766120497635,661.0236499492939 37.59699143247978,55.687657571012046,660.8399188701924 37.59667341056127,55.68765393622428,663.2489001934346 37.59635538871554,55.687650300613,663.2489001934346 37.59603736694259,55.68764666417824,664.3700854961689 37.59571934524245,55.68764302691998,663.9494769756611 37.59540132361514,55.68763938883824,663.9494769756611 37.595083302060665,55.68763574993301,666.8069446270283 37.59476528057904,55.6876321102043,671.5638263408955 37.594447259170295,55.687628469652104,671.5638263408955 37.59412923783444,55.687624828276405,672.8254993145283 37.59381121657149,55.68762118607724,671.644758958083 37.59349319538146,55.68761754305456,671.644758958083 37.593175174264374,55.68761389920842,672.8614642803486 37.59285715322024,55.6876102545388,671.2801349346455 37.59253913224907,55.68760660904569,671.2801349346455 37.592221111350895,55.68760296272908,668.1934192364033 37.59190309052573,55.687599315589,668.6463611309346 37.59158506977358,55.68759566762543,668.6463611309346 37.59126704909447,55.68759201883838,671.1441333477314 37.59094902848842,55.687588369227846,671.0258929912861 37.59063100795542,55.687584718793836,671.0258929912861 37.59031298749553,55.687581067536335,671.5448749248799 37.58999496710874,55.687577415455365,671.3724811260518 37.58967694679506,55.687573762550905,671.3724811260518 37.58935892655452,55.68757010882297,668.2777545635518 37.58904090638713,55.687566454271554,665.9165790264424 37.58872288629291,55.68756279889665,665.9165790264424 37.58840486627188,55.68755914269828,664.8317401592549 37.58808684632405,55.68755548567642,666.9220111553486 37.58776882644944,55.68755182783109,666.9220111553486 37.58745080664807,55.68754816916228,670.0784137432393 37.587132786919945,55.68754450966999,670.4274432842549 37.58681476726509,55.687540849354214,670.4274432842549 37.58649674768352,55.68753718821498,670.3762347881611 37.58617872817524,55.68753352625226,670.2326953594502 37.5858607087403,55.687529863466075,670.2326953594502 37.58554268937868,55.6875261998564,669.8967731182393 37.58522467009041,55.687522535423255,668.2172992412861 37.5849066508755,55.687518870166635,668.2172992412861 37.584588631733986,55.687515204086544,664.9486530010518 37.58427061266587,55.68751153718298,665.3071429912861 37.583952593671164,55.687507869455935,665.3071429912861 37.583634574749894,55.687504200905416,668.1379687969502 37.58331655590208,55.687500531531434,670.1375415508564 37.58299853712772,55.68749686133397,670.1375415508564 37.582680518426855,55.68749319031304,670.6534106914814 37.58236249979948,55.68748951846864,669.770979661208 37.58204448124562,55.687485845800765,669.770979661208 37.581726462765296,55.68748217230942,671.4768970196064 37.58140844435851,55.68747849799461,672.1782825176533 37.5810904260253,55.68747482285634,672.1782825176533 37.580772407765664,55.68747114689458,667.6711719219502 37.58045438957963,55.68746747010936,665.9155414287861 37.580136371467205,55.68746379250066,665.9155414287861 37.57981835342841,55.68746011406851,668.0247790996846 37.579500335463266,55.68745643481288,672.2516772930439 37.579182317571785,55.68745275473379,672.2516772930439 37.57886429975398,55.687449073831225,676.6365192119893 37.578546282009874,55.687445392105204,680.5044238750752 37.57822826433948,55.687441709555706,680.5044238750752 37.57791024674281,55.68743802618276,678.1638477032002 37.577592229219896,55.68743434198633,672.2801807110127 37.577274211770735,55.68743065696644,672.2801807110127 37.57695619439536,55.687426971123095,670.502424973708 37.57663817709377,55.68742328445627,673.2451312725361 37.57632015986599,55.687419596965995,673.2451312725361 37.57600214271205,55.68741590865225,674.3438556377705 37.57568412563195,55.68741221951505,671.857649583083 37.57536610862571,55.68740852955439,671.857649583083 37.57504809169335,55.687404838770256,670.5646655742939 37.574730074834875,55.68740114716265,672.5196063701924 37.57441205805032,55.6873974547316,672.5196063701924 37.574094041339684,55.68739376147708,671.8850696270283 37.573776024702994,55.687390067399114,670.5913684551533 37.573458008140264,55.687386372497684,670.5913684551533 37.57313999165151,55.6873826767728,670.8699329082783 37.57282197523675,55.687378980224445,673.1598499004658 37.57250395889599,55.68737528285263,673.1598499004658 37.57218594262927,55.68737158465736,676.0567004864033 37.57186792643658,55.68736788563864,675.1838824932393 37.57154991031795,55.687364185796454,675.1838824932393 37.571231894273396,55.68736048513081,676.7156360332783 37.57091387830294,55.68735678364172,678.707503098708 37.57059586240658,55.68735308132916,678.707503098708 37.570277846584354,55.687349378193154,678.4508044903096 37.56995983083626,55.68734567423369,676.2001025860127 37.56964181516233,55.68734196945077,676.2001025860127 37.56932379956257,55.687338263844396,676.5899799053486 37.569005784036996,55.687334557414566,679.053694504958 37.56868776858563,55.68733085016128,679.053694504958 37.56836975320849,55.68732714208454,679.3015887920674 37.56805173790559,55.68732343318436,683.2143542949971 37.56773372267695,55.68731972346072,683.2143542949971 37.56741570752258,55.687316012913634,682.4787738506611 37.567097692442495,55.68731230154308,680.0098865215596 37.56677967743671,55.687308589349094,680.0098865215596 37.566461662505255,55.68730487633165,677.0211017315205 37.56614364764814,55.68730116249075,679.1116473858174 37.565825632865376,55.68729744782641,679.1116473858174 37.56550761815698,55.68729373233861,681.0643909160908 37.565189603522974,55.68729001602736,679.4827106182393 37.56487158896337,55.687286298892666,679.4827106182393 37.56455357447818,55.68728258093453,677.2021930401143 37.564235560067445,55.68727886215294,676.4963977520283 37.56391754573115,55.6872751425479,676.4963977520283 37.56359953146932,55.68727142211942,675.2377307598408 37.56328151728199,55.687267700867494,673.6846759502705 37.56296350316916,55.68726397879211,673.6846759502705 37.562645489130844,55.6872602558933,672.6798236553486 37.562327475167066,55.68725653217102,671.6519611065205 37.56200946127784,55.68725280762531,671.6519611065205 37.56169144746318,55.68724908225615,672.3476550762471 37.561373433723105,55.687245356063556,672.9306934063252 37.56105542005764,55.687241629047506,672.9306934063252 37.560737406466785,55.68723790120802,672.1869037334736 37.560419392950564,55.68723417254508,669.3494861309346 37.560101379509,55.687230443058716,669.3494861309346 37.55978336614209,55.687226712748895,667.5762164776143 37.55946535284988,55.68722298161564,670.6716907207783 37.55914733963236,55.68721924965895,670.6716907207783 37.55882932648956,55.6872155168788,673.1889789287861 37.5585113134215,55.687211783275224,674.2486713115986 37.55819330042817,55.687208048848206,674.2486713115986 37.557875287509624,55.68720431359775,675.3023669903096 37.55755727466586,55.687200577523846,678.0292499248799 37.55723926189689,55.68719684062651,678.0292499248799 37.55692124920273,55.68719310290574,678.3824603740986 37.55660323658341,55.68718936436152,675.371809739333 37.55628522403894,55.68718562499387,675.371809739333 37.555967211569325,55.68718188480279,672.9552447979268 37.555649199174596,55.68717814378826,678.2464740459736 37.555331186854765,55.6871744019503,678.2464740459736 37.55501317460985,55.68717065928891,685.0572040264424 37.55469516243986,55.68716691580407,685.5902850811299 37.55437715034482,55.687163171495804,685.5902850811299 37.55405913832475,55.687159426364104,682.6982867901143 37.553741126379656,55.68715568040897,678.5516803448018 37.553423114509556,55.6871519336304,678.5516803448018 37.55310510271447,55.68714818602841,676.3980548565205 37.552787090994414,55.687144437602974,676.6274554912861 37.55246907934941,55.6871406883541,676.6274554912861 37.552151067779455,55.6871369382818,677.0205981914814 37.551833056284586,55.687133187386074,680.3516986553486 37.551515044864814,55.68712943566691,680.3516986553486 37.551197033520154,55.687125683124314,681.339827317458 37.55087902225061,55.687121929758284,682.9253070537861 37.55056101105623,55.687118175568834,682.9253070537861 37.550242999937,55.68711442055595,683.2320087139424 37.549924988892954,55.68711066471964,683.4705646221455 37.54960697792409,55.68710690805991,683.4705646221455 37.54928896703044,55.68710315057674,682.9823596660908 37.548970956212024,55.687099392270135,682.0230701153096 37.548652945468845,55.68709563314011,682.0230701153096 37.548334934800934,55.68709187318666,680.0380542461689 37.54801692420829,55.68708811240979,679.9643085186299 37.547698913690944,55.68708435080948,679.9643085186299 37.54738090324891,55.68708058838575,680.4796130840596 37.547062892882195,55.68707682513859,680.1442401592549 37.54674488259083,55.68707306106801,680.1442401592549 37.54642687237481,55.68706929617401,679.5163715069111 37.54610886223417,55.687065530456586,680.123030442458 37.54579085216893,55.68706176391574,680.123030442458 37.545472842179095,55.68705799655146,681.2660815899189 37.54515483226468,55.687054228363756,681.3762500469502 37.54483682242571,55.68705045935265,681.3762500469502 37.54451881266219,55.687046689518105,680.4859302227314 37.54420080297415,55.687042918860136,679.8961322490986 37.543882793361604,55.68703914737876,679.8961322490986 37.543564783824564,55.68703537507395,679.0975635235127 37.543246774363034,55.68703160194572,679.2054736797627 37.542928764977056,55.68702782799408,679.2054736797627 37.54261075566664,55.68702405321901,680.8934161846455 37.542292746431784,55.687020277620526,684.5765674297627 37.54197473727252,55.68701650119862,684.5765674297627 37.54165672818886,55.6870127239533,685.5758655254658 37.54133871918083,55.687008945884564,687.1375568096455 37.541020710248425,55.68700516699241,687.1375568096455 37.54070270139168,55.68700138727683,689.8686816875752 37.540384692610616,55.686997606737854,690.1878192608174 37.54006668390523,55.686993825375446,690.1878192608174 37.539748675275554,55.68699004318962,688.151594895583 37.53943066672159,55.68698626018039,686.5023029033955 37.539112658243376,55.68698247634773,686.5023029033955 37.5387946498409,55.68697869169167,688.6094653789814 37.53847664151421,55.686974906212185,691.083479661208 37.53815863326329,55.6869711199093,691.083479661208 37.53784062508819,55.686967332783,689.4940784160908 37.5375226169889,55.68696354483328,689.9385516826924 37.53720460896544,55.68695975606015,689.9385516826924 37.53688660101784,55.68695596646361,684.3008563701924 37.536568593146114,55.686952176043654,681.3298785869893 37.53625058535026,55.68694838480029,681.3298785869893 37.53593257763032,55.686944592733504,679.5310504619893 37.53561456998629,55.68694079984332,677.8043353740986 37.5352965624182,55.68693700612973,677.8043353740986 37.534978554926056,55.68693321159273,677.2855365459736 37.53466054750989,55.68692941623232,678.1881244365986 37.5343425401697,55.68692562004849,678.1881244365986 37.534024532905505,55.68692182304126,677.3299548809346 37.533706525717335,55.68691802521062,678.9631030742939 37.5333885186052,55.68691422655659,678.9631030742939 37.533070511569115,55.68691042707913,686.0847766582783 37.532752504609086,55.686906626778274,688.4000842754658 37.53243449772515,55.686902825654016,688.4000842754658 37.5321164909173,55.68689902370634,685.1346271221455 37.53179848418558,55.686895220935256,678.0484302227314 37.531480477529996,55.686891417340796,678.0484302227314 37.53116247095055,55.6868876129229,677.926497239333 37.53084446444727,55.68688380768161,680.1900012676533 37.53052645802017,55.686880001616935,680.1900012676533 37.530208451669274,55.68687619472884,682.809065598708 37.52989044539459,55.686872387017345,684.4539935772236 37.52957243919614,55.686868578482446,684.4539935772236 37.52925443307392,55.68686476912414,685.2952563946064 37.528936427027986,55.686860958942454,683.1665179912861 37.528618421058326,55.68685714793734,683.1665179912861 37.528300415164956,55.68685333610885,681.3564746563252 37.5279824093479,55.68684952345695,683.3030994121846 37.527664403607176,55.68684570998164,683.3030994121846 37.52734639794281,55.68684189568294,682.7705371563252 37.52702839235479,55.68683808056084,680.4582202617939 37.526710386843156,55.68683426461535,680.4582202617939 37.526392381407916,55.686830447846454,678.8448016826924 37.52607437604908,55.68682663025417,678.341536301833 37.525756370766686,55.686822811838475,678.341536301833 37.52543836556073,55.686818992599385,675.8243243877705 37.52512036043124,55.6868151725369,674.2914264385518 37.52480235537822,55.68681135165102,674.2914264385518 37.5244843504017,55.68680752994176,673.6780841533955 37.52416634550169,55.68680370740909,674.2770221416768 37.52384834067821,55.68679988405303,674.2770221416768 37.52353033593126,55.68679605987357,676.2732227032002 37.523212331260886,55.68679223487072,678.2564075176533 37.52289432666708,55.68678840904448,678.2564075176533 37.52257632214987,55.68678458239484,678.0682819073018 37.522258317709266,55.68678075492182,677.2750537578877 37.5219403133453,55.6867769266254,677.2750537578877 37.52162230905796,55.68677309750559,676.7095325176533 37.521304304847284,55.68676926756238,674.4879291240986 37.52098630071329,55.68676543679579,674.4879291240986 37.52066829665598,55.6867616052058,672.0803363506611 37.52035029267538,55.68675777279243,672.2526233379658 37.52003228877151,55.68675393955567,672.2526233379658 37.51971428494438,55.68675010549553,672.1788928692158 37.519396281194,55.686746270611984,670.4307544414814 37.51907827752039,55.686742434905064,670.4307544414814 37.51876027392358,55.686738598374745,668.3882739727314 37.51844227040358,55.68673476102105,667.3602283184346 37.5181242669604,55.68673092284396,667.3602283184346 37.51780626359405,55.686727083843486,670.9326312725361 37.51748826030457,55.686723244019625,670.1099994365986 37.517170257091955,55.68671940337238,670.1099994365986 37.51685225395624,55.68671556190175,668.9603717510518 37.516534250897415,55.686711719607736,667.7783343975361 37.51621624791552,55.68670787649034,667.7783343975361 37.51589824501057,55.68670403254955,666.8156726543721 37.515580242182565,55.68670018778539,665.7106921856221 37.515262239431536,55.686696342197834,665.7106921856221 37.51494423675749,55.68669249578689,665.5838153545674 37.514626234160446,55.68668864855258,665.6302173321064 37.514308231640435,55.686684800494895,665.6302173321064 37.513990229197454,55.68668095161382,666.2502734844502 37.51367222683153,55.68667710190936,665.1974017803486 37.51335422454267,55.68667325138152,665.1974017803486 37.5130362223309,55.68666940003031,666.3202197735127 37.512718220196234,55.68666554785571,671.5830371563252 37.51240021813869,55.68666169485773,671.5830371563252 37.51208221615828,55.686657841036386,671.9129321758564 37.51176421425502,55.68665398639165,667.6805103008564 37.51144621242893,55.68665013092353,667.6805103008564 37.51112821068003,55.686646274632054,666.9810321514424 37.510810209008326,55.686642417517184,666.7032764141377 37.51049220741384,55.68663855957896,666.7032764141377 37.51017420589659,55.68663470081733,667.5341479961689 37.5098562044566,55.68663084123235,668.0760944073018 37.50953820309386,55.68662698082398,668.0760944073018 37.50922020180842,55.68662311959223,667.3052814190205 37.508902200600275,55.68661925753712,666.0296771709736 37.50858419946944,55.68661539465863,666.0296771709736 37.508266198415946,55.68661153095677,662.3874652569111 37.5079481974398,55.68660766643153,657.5527026836689 37.50763019654102,55.686603801082924,657.5527026836689 37.50731219571963,55.68659993491094,655.1862018291768 37.50699419497563,55.68659606791558,657.1550891582783 37.50667619430906,55.68659220009686,657.1550891582783 37.506358193719905,55.686588331454764,658.6195972149189 37.50604019320821,55.6865844619893,659.8404376690205 37.505722192773966,55.68658059170047,659.8404376690205 37.50540419241722,55.686576720588256,661.1965472881611 37.50508619213796,55.68657284865269,662.5406940166768 37.50476819193622,55.686568975893756,662.5406940166768 37.50445019181201,55.68656510231144,663.6392810528096 37.50413219176535,55.68656122790577,663.7656390850361 37.50381419179625,55.686557352676715,663.7656390850361 37.50349619190474,55.686553476624304,663.4590900127705 37.503178192090814,55.68654959974853,662.4145190899189 37.50286019235451,55.68654572204938,662.4145190899189 37.50254219269583,55.68654184352687,662.2986591045674 37.5022241931148,55.686537964181,661.8838641826924 37.501906193611426,55.686534084011754,661.8838641826924 37.50158819418574,55.686530203019146,661.3556201641377 37.501270194837744,55.68652632120318,662.1414325420674 37.50095219556746,55.68652243856385,662.1414325420674 37.500634196374904,55.68651855510116,664.6408984844502 37.5003161972601,55.6865146708151,664.9219196026143 37.499998198223054,55.68651078570568,664.9219196026143 37.49968019926378,55.6865068997729,664.4383075420674 37.4993622003823,55.68650301301675,665.8923022930439 37.49904420157864,55.68649912543726,665.8923022930439 37.4987262028528,55.686495237034386,665.393782395583 37.49840820420481,55.68649134780816,659.5216815655049 37.498090205634675,55.68648745775858,659.5216815655049 37.49777220714242,55.68648356688564,656.3912952129658 37.49745420872805,55.68647967518934,656.8867938701924 37.497136210391595,55.686475782669675,656.8867938701924 37.496818212133064,55.68647188932666,657.1521747295674 37.49650021395248,55.686467995160285,656.6426990215596 37.49618221584985,55.68646410017055,656.6426990215596 37.4958642178252,55.68646020435747,656.0973651592549 37.495546219878534,55.68645630772103,654.5200336162861 37.495228222009885,55.686452410261225,654.5200336162861 37.494910224219254,55.68644851197808,652.4036090557393 37.49459222650667,55.686444612871554,650.6252429668721 37.494274228872136,55.686440712941696,650.6252429668721 37.493956231315686,55.68643681218848,650.7618091289814 37.493638233837316,55.686432910611906,650.4989612285908 37.49332023643706,55.68642900821198,650.4989612285908 37.49300223911492,55.686425104988714,650.5335529033955 37.492684241870926,55.68642120094208,651.4472339336689 37.49236624470509,55.686417296072094,651.4472339336689 37.492048247617426,55.68641339037877,651.3542468731221 37.49173025060795,55.68640948386208,653.4802234356221 37.49141225367668,55.68640557652205,653.4802234356221 37.49109425682363,55.68640166835867,655.0849597637471 37.49077626004882,55.68639775937193,653.7921130840596 37.49045826335226,55.686393849561846,653.7921130840596 37.490140266733974,55.686389938928414,657.1057880108174 37.48982227019398,55.68638602747164,659.2845294658955 37.48950427373229,55.68638211519151,659.2845294658955 37.48918627734892,55.686378202088044,662.2108447735127 37.488868281043885,55.68637428816122,666.5048816387471 37.4885502848172,55.68637037341105,666.5048816387471 37.4882322886689,55.686366457837536,664.0483081524189 37.48791429259897,55.68636254144069,662.5811145489033 37.48759629660746,55.686358624220475,662.5811145489033 37.48727830069435,55.68635470617693,663.8047168438252 37.486960304859686,55.68635078731004,665.9190204326924 37.48664230910347,55.6863468676198,665.9190204326924 37.48632431342573,55.68634294710622,667.0142810528096 37.48600631782647,55.68633902576929,667.1436450664814 37.48568832230572,55.686335103609025,667.1436450664814 37.48537032686348,55.68633118062542,667.1866748516377 37.48505233149978,55.68632725681847,668.7598102276143 37.48473433621463,55.686323332188174,668.7598102276143 37.48441634100804,55.68631940673455,669.5102222149189 37.48409834588004,55.68631548045757,668.0473926250752 37.48378035083065,55.68631155335726,668.0473926250752 37.483462355859864,55.686307625433614,667.062483567458 37.483144360967714,55.686303696686615,666.2649219219502 37.482826366154214,55.68629976711628,666.2649219219502 37.48250837141938,55.68629583672262,665.782698411208 37.482190376763235,55.68629190550562,662.2259814922627 37.481872382185784,55.686287973465284,662.2259814922627 37.48155438768704,55.6862840406016,659.9889667217549 37.48123639326704,55.68628010691457,659.6723010723408 37.48091839892579,55.68627617240423,659.6723010723408 37.4806004046633,55.68627223707055,657.7950122539814 37.480282410479596,55.68626830091352,658.059309739333 37.479964416374685,55.68626436393316,658.059309739333 37.47964642234859,55.686260426129465,658.0260608379658 37.479328428401324,55.686256487502455,653.5127093975361 37.47901043453291,55.686252548052096,653.5127093975361 37.47869244074335,55.686248607778396,649.7666156475361 37.478374447032685,55.68624466668137,647.4127338115986 37.47805645340091,55.68624072476103,647.4127338115986 37.47773845984804,55.68623678201733,647.0181720440205 37.477420466374106,55.686232838450316,646.8554828350361 37.477102472979126,55.68622889405997,646.8554828350361 37.4767844796631,55.68622494884629,646.9002216045674 37.476466486426055,55.686221002809276,646.7413165752705 37.476148493268,55.68621705594894,646.7413165752705 37.47583050018896,55.686213108265264,647.0776965801533 37.47551250718896,55.686209159758285,648.6154163067158 37.47519451426799,55.68620521042795,648.6154163067158 37.47487652142608,55.6862012602743,649.1253955547627 37.47455852866326,55.68619730929733,651.0562732403096 37.474240535979526,55.68619335749701,651.0562732403096 37.47392254337491,55.68618940487338,656.0442340557393 37.47360455084941,55.686185451426425,658.3458545391377 37.47328655840306,55.68618149715614,658.3458545391377 37.472968566035874,55.68617754206254,658.1463763897236 37.472650573747856,55.6861735861456,656.2509906475361 37.472332581539035,55.68616962940535,656.2509906475361 37.472014589409426,55.68616567184178,654.3215472881611 37.471696597359035,55.686161713454865,652.2575977032002 37.47137860538789,55.68615775424464,652.2575977032002 37.47106061349601,55.68615379421109,650.6202228252705 37.4707426216834,55.686149833354214,650.158919114333 37.47042462995008,55.68614587167403,650.158919114333 37.470106638296066,55.686141909170516,650.4983661358174 37.46978864672138,55.68613794584368,652.2588336651143 37.46947065522604,55.68613398169354,652.2588336651143 37.46915266381005,55.686130016720064,650.6613300030049 37.468834672473434,55.686126050923264,645.8007495586689 37.468516681216215,55.68612208430315,645.8007495586689 37.4681986900384,55.68611811685972,645.7178790752705 37.46788069894,55.68611414859298,650.785139817458 37.46756270792105,55.68611017950291,650.785139817458 37.46724471698155,55.68610620958953,656.1954639141377 37.46692672612152,55.68610223885284,656.8630511944111 37.466608735340984,55.68609826729282,656.8630511944111 37.466290744639956,55.68609429490949,657.1126697246846 37.465972754018445,55.68609032170284,657.6099689190205 37.46565476347648,55.68608634767289,657.6099689190205 37.465336773014066,55.686082372819605,658.5755603496846 37.46501878263122,55.68607839714303,659.1314685528096 37.46470079232797,55.68607442064312,659.1314685528096 37.46438280210431,55.6860704433199,660.1545093242939 37.46406481196028,55.68606646517338,660.1234119121846 37.46374682189589,55.68606248620353,660.1234119121846 37.463428831911145,55.68605850641039,661.1837299053486 37.463110842006074,55.68605452579392,662.0491931621846 37.46279285218069,55.68605054435415,662.0491931621846 37.46247486243501,55.68604656209107,663.0302417461689 37.46215687276905,55.68604257900468,663.3144061748799 37.46183888318282,55.68603859509498,663.3144061748799 37.46152089367635,55.68603461036197,665.0402362530049 37.46120290424964,55.68603062480564,669.2049091045674 37.46088491490272,55.68602663842602,669.2049091045674 37.460566925635604,55.68602265122308,668.7194812481221 37.4602489364483,55.68601866319684,666.9635150615986 37.45993094734084,55.686014674347284,666.9635150615986 37.45961295831322,55.686010684674436,664.3890674297627 37.45929496936547,55.68600669417827,664.7243793194111 37.45897698049761,55.686002702858794,664.7243793194111 37.45865899170965,55.68599871071602,664.944319504958 37.4583410030016,55.685994717749956,666.3483874981221 37.45802301437349,55.685990723960565,666.3483874981221 37.45770502582532,55.68598672934788,666.9934985821064 37.45738703735712,55.6859827339119,667.1667926494893 37.45706904896891,55.6859787376526,667.1667926494893 37.4567510606607,55.68597474057,666.4330585186299 37.456433072432496,55.68597074266411,667.0594470684346 37.45611508428433,55.68596674393491,667.0594470684346 37.455797096216216,55.68596274438242,668.8454883282002 37.455479108228154,55.68595874400662,668.8355548565205 37.455161120320184,55.685954742807525,668.8355548565205 37.45484313249231,55.685950740785124,669.1513965313252 37.454525144744544,55.685946737939425,668.7124164287861 37.454207157076915,55.68594273427043,668.7124164287861 37.45388916948943,55.68593872977814,668.3704211895283 37.45357118198211,55.68593472446254,669.6742694561299 37.453253194554975,55.68593071832365,669.6742694561299 37.45293520720802,55.68592671136147,672.0829456035908 37.452617219941295,55.68592270357598,674.7346790020283 37.4522992327548,55.68591869496721,674.7346790020283 37.45198124564854,55.685914685535124,674.5825641338643 37.451663258622546,55.68591067527976,673.0193622295674 37.45167035790549,55.685731032809315,674.5683734600361 37.451677457108154,55.68555139033296,674.5122821514424 37.451684556230546,55.68537174785072,674.5122821514424 37.45169165527266,55.685192105362596,673.7625720684346 37.4516987542345,55.68501246286858,671.9757220928486 37.45170585311607,55.684832820368676,671.9757220928486 37.45171295191737,55.68465317786284,671.0510852520283 37.45172005063839,55.68447353535115,670.7144916240986 37.45172714927915,55.68429389283357,670.7144916240986 37.451734247839646,55.68411425031008,669.8040149395283 37.45174134631987,55.68393460778071,669.6228015606221 37.451748444719826,55.68375496524544,669.6228015606221 37.45175554303952,55.68357532270428,669.7914569561299 37.451762641278954,55.683395680157226,670.6065356914814 37.45176973943813,55.68321603760429,670.6065356914814 37.45177683751704,55.68303639504544,671.2707050030049 37.45178393551569,55.68285675248072,669.8135669414814 37.451791033434084,55.68267710991008,669.8135669414814 37.45210899424409,55.682681119682265,671.0880878155049 37.452426955134335,55.68268512863124,670.2250964824971 37.452744916104805,55.68268913675701,670.2250964824971 37.453062877155475,55.6826931440596,668.5705707256611 37.45338083828634,55.68269715053898,668.4580371563252 37.45369879949738,55.682701156195165,668.4580371563252 37.454016760788576,55.68270516102816,670.317122239333 37.45433472215991,55.68270916503795,674.6767261211689 37.45465268361138,55.68271316822453,674.6767261211689 37.45497064514295,55.682717170587935,677.6369311992939 37.455288606754614,55.68272117212812,677.1183307354268 37.45560656844635,55.68272517284511,677.1183307354268 37.45592453021815,55.682729172738895,672.7994678203877 37.45624249206999,55.68273317180949,671.1097247783955 37.45656045400185,55.68273717005687,671.1097247783955 37.45687841601373,55.682741167481055,671.612044114333 37.4571963781056,55.682745164082036,673.2499683086689 37.45751434027744,55.68274915985981,673.2499683086689 37.45783230252925,55.68275315481438,670.3801868145283 37.458150264861,55.682757148945754,666.934309739333 37.458468227272675,55.682761142253916,666.934309739333 37.45878618976427,55.68276513473888,669.6811816875752 37.45910415233574,55.68276912640063,671.1769702617939 37.459422114987106,55.68277311723918,671.1769702617939 37.45974007771833,55.68277710725452,671.5073383037861 37.4600580405294,55.68278109644666,671.3362720196064 37.46037600342029,55.68278508481559,671.3362720196064 37.460693966391005,55.68278907236131,667.8783099834736 37.46101192944151,55.682793059083814,664.2176654522236 37.4613298925718,55.682797044983126,664.2176654522236 37.46164785578184,55.682801030059224,664.5278613750752 37.46196581907163,55.6828050143121,664.7398822490986 37.462283782441155,55.68280899774179,664.7398822490986 37.46260174589039,55.682812980348245,665.2897174541768 37.462919709419324,55.68281696213149,664.4805438701924 37.46323767302795,55.68282094309154,664.4805438701924 37.46355563671622,55.68282492322838,662.3200824444111 37.46387360048415,55.68282890254199,657.6820209209736 37.46419156433171,55.6828328810324,657.6820209209736 37.46450952825888,55.68283685869959,656.7963855449971 37.464827492265655,55.68284083554357,658.2876270000752 37.465145456352005,55.68284481156434,658.2876270000752 37.46546342051793,55.68284878676189,658.2278430645283 37.465781384763396,55.68285276113622,658.3095386211689 37.4660993490884,55.68285673468735,658.3095386211689 37.46641731349291,55.68286070741525,658.6919543926533 37.46673527797694,55.68286467931995,658.9907367412861 37.46705324254044,55.68286865040142,658.9907367412861 37.467371207183405,55.68287262065967,660.9870746319111 37.46768917190582,55.682876590094715,661.6889178936299 37.468007136707676,55.682880558706536,661.6889178936299 37.468325101588945,55.682884526495144,664.0456073467549 37.46864306654962,55.682888493460524,664.9648425762471 37.46896103158967,55.682892459602684,664.9648425762471 37.46927899670909,55.68289642492162,665.7415759746846 37.46959696190787,55.682900389417355,666.8294513408955 37.46991492718598,55.68290435308986,666.8294513408955 37.47023289254341,55.682908315939144,665.9718005840596 37.47055085798014,55.68291227796521,666.0559985821064 37.47086882349616,55.682916239168044,666.0559985821064 37.47118678909145,55.68292019954767,664.4351794903096 37.47150475476599,55.682924159104054,663.3511340801533 37.47182272051977,55.68292811783723,663.3511340801533 37.472140686352766,55.682932075747175,662.6953418438252 37.47245865226496,55.68293603283391,661.4625995342549 37.472776618256354,55.6829399890974,661.4625995342549 37.473094584326915,55.68294394453768,661.9451892559346 37.473412550476624,55.68294789915474,660.5542895977314 37.47373051670548,55.682951852948555,660.5542895977314 37.47404848301345,55.68295580591915,658.5195453350361 37.47436644940053,55.68295975806652,655.8863818828877 37.47468441586669,55.68296370939067,655.8863818828877 37.47500238241193,55.68296765989157,652.2320850078877 37.475320349036224,55.682971609569265,648.5758807842549 37.47563831573956,55.68297555842373,648.5758807842549 37.47595628252191,55.682979506454956,645.0693652813252 37.47627424938328,55.68298345366295,642.6627490703877 37.47659221632363,55.68298740004773,642.6627490703877 37.47691018334296,55.682991345609274,643.1163013164814 37.47722815044124,55.68299529034758,643.5292499248799 37.477546117618466,55.68299923426265,643.5292499248799 37.47786408487461,55.68300317735451,646.2301471416768 37.47818205220967,55.68300711962311,651.8170001690205 37.47850001962362,55.6830110610685,651.8170001690205 37.478817987116436,55.68301500169065,655.4276569073018 37.47913595468812,55.683018941489564,657.234602708083 37.479453922338635,55.68302288046525,657.234602708083 37.47977189006798,55.6830268186177,661.2546069805439 37.48008985787614,55.68303075594691,663.9821307842549 37.48040782576309,55.68303469245289,663.9821307842549 37.480725793728816,55.683038628135634,664.4836871807393 37.48104376177329,55.68304256299514,665.6176746074971 37.48136172989652,55.68304649703141,665.6176746074971 37.48167969809848,55.68305043024445,665.5943591778096 37.481997666379144,55.68305436263424,665.3343646709736 37.4823156347385,55.6830582942008,665.3343646709736 37.48263360317654,55.683062224944116,666.3562457744893 37.482951571693235,55.68306615486419,669.8269488994893 37.483269540288575,55.68307008396105,669.8269488994893 37.483587508962536,55.68307401223465,672.1390826885518 37.48390547771512,55.683077939685006,669.497298020583 37.484223446546295,55.683081866312136,669.497298020583 37.48454141545605,55.68308579211602,667.6988055889424 37.48485938444437,55.68308971709666,667.8304889385518 37.485177353511226,55.68309364125406,667.8304889385518 37.48549532265662,55.683097564588216,668.533674973708 37.48581329188052,55.68310148709913,668.6393115703877 37.486131261182926,55.6831054087868,668.6393115703877 37.48644923056381,55.68310932965124,670.6610858623799 37.48676720002315,55.68311324969242,672.5585162823018 37.48708516956094,55.68311716891035,672.5585162823018 37.48740313917716,55.68312108730505,673.5510852520283 37.487721108871796,55.6831250048765,673.9755389873799 37.488039078644825,55.68312892162471,673.9755389873799 37.48835704849625,55.68313283754966,669.6013477032002 37.48867501842602,55.68313675265138,668.6289661114033 37.48899298843415,55.683140666929845,668.6289661114033 37.48931095852061,55.68314458038506,669.0006702129658 37.489628928685384,55.68314849301703,668.8675830547627 37.489946898928466,55.68315240482575,668.8675830547627 37.49026486924981,55.683156315811225,669.9424884502705 37.49058283964944,55.683160225973445,671.0575549785908 37.490900810127314,55.683164135312424,671.0575549785908 37.49121878068342,55.68316804382815,670.8715350811299 37.49153675131774,55.68317195152062,672.0783679668721 37.49185472203026,55.683175858389845,672.0783679668721 37.49217269282097,55.68317976443581,672.9573047344502 37.49249066368984,55.68318366965854,672.203840989333 37.492808634636866,55.683187574058,672.203840989333 37.49312660566203,55.68319147763422,671.5454852764424 37.49344457676531,55.683195380387176,673.1291492168721 37.49376254794669,55.68319928231689,673.1291492168721 37.49408051920615,55.683203183423345,676.2591388408955 37.49439849054369,55.68320708370654,675.1247241680439 37.49471646195927,55.68321098316649,675.1247241680439 37.49503443345289,55.68321488180318,673.2877490703877 37.49535240502453,55.683218779616624,673.0488269512471 37.49567037667418,55.68322267660679,673.0488269512471 37.4959883484018,55.68322657277372,673.3250262920674 37.49630632020741,55.68323046811738,673.1140735332783 37.49662429209096,55.68323436263779,673.1140735332783 37.49694226405244,55.683238256334946,675.0378101055439 37.49726023609186,55.68324214920883,675.4305865948018 37.49757820820918,55.68324604125947,675.4305865948018 37.49789618040438,55.68324993248684,675.0170581524189 37.498214152677456,55.68325382289096,675.5182483379658 37.498532125028376,55.683257712471814,675.5182483379658 37.49885009745715,55.68326160122941,674.8902270977314 37.49916806996374,55.68326548916373,675.0614612285908 37.499486042548135,55.683269376274815,675.0614612285908 37.499804015210316,55.68327326256263,676.4475543682393 37.50012198795027,55.683277148027166,675.4079578106221 37.50043996076799,55.68328103266846,675.4079578106221 37.500757933663444,55.683284916486485,674.8860004131611 37.50107590663662,55.68328879948124,674.8468463604268 37.501393879687505,55.68329268165273,674.8468463604268 37.50171185281607,55.683296563000965,676.1062762920674 37.502029826022316,55.68330044352593,677.9634998028096 37.50234779930622,55.683304323227624,677.9634998028096 37.50266577266777,55.68330820210607,678.9539325420674 37.502983746106935,55.68331208016123,678.8354175274189 37.503301719623714,55.683315957393134,678.8354175274189 37.503619693218084,55.68331983380177,677.1814716045674 37.50393766689003,55.68332370938714,676.6833484356221 37.504255640639535,55.68332758414925,676.6833484356221 37.50457361446658,55.68333145808807,673.7274158184346 37.50489158837115,55.68333533120364,673.4650104229268 37.50520956235323,55.683339203495926,673.4650104229268 37.505527536412814,55.68334307496496,673.2493426983174 37.50584551054986,55.683346945610715,671.6261584942158 37.50616348476437,55.6833508154332,671.6261584942158 37.50648145905632,55.68335468443241,667.283919114333 37.506799433425705,55.68335855260835,666.6739337627705 37.50711740787249,55.68336241996102,666.6739337627705 37.507435382396686,55.68336628649042,665.1888568584736 37.50775335699824,55.683370152196545,662.6043536846455 37.508071331677165,55.683374017079394,662.6043536846455 37.50838930643344,55.68337788113898,661.0388477032002 37.508707281267036,55.68338174437529,661.2966907207783 37.50902525617795,55.68338560678831,661.2966907207783 37.509343231166156,55.683389468378074,663.9551379864033 37.50966120623164,55.683393329144565,669.0031879131611 37.50997918137439,55.68339718908777,669.0031879131611 37.510297156594376,55.683401048207706,670.9587695782002 37.510615131891605,55.68340490650435,672.7962176983174 37.51093310726604,55.683408763977724,672.7962176983174 37.51125108271768,55.683412620627834,675.2137134258564 37.51156905824649,55.68341647645466,676.0052020733174 37.51188703385247,55.683420331458194,676.0052020733174 37.512205009535585,55.68342418563846,676.2618701641377 37.512522985295846,55.683428038995444,677.792952317458 37.512840961133215,55.68343189152916,677.792952317458 37.513158937047685,55.683435743239585,676.8201739971455 37.513476913039234,55.68343959412673,677.0753925030049 37.51379488910785,55.683443444190594,677.0753925030049 37.514112865253516,55.68344729343118,679.7267444317158 37.51443084147621,55.68345114184848,681.7867114727314 37.51474881777593,55.6834549894425,681.7867114727314 37.51506679415264,55.68345883621324,677.1336505596455 37.51538477060633,55.6834626821607,676.1300800030049 37.51570274713699,55.68346652728487,676.1300800030049 37.51602072374461,55.68347037158576,677.3559100811299 37.51633870042915,55.68347421506338,676.7836902324971 37.51665667719062,55.683478057717686,676.7836902324971 37.51697465402897,55.683481899548724,676.1628406231221 37.51729263094422,55.68348574055648,675.2470386211689 37.517610607936334,55.68348958074094,675.2470386211689 37.5179285850053,55.68349342010211,671.6800220196064 37.518246562151106,55.68349725864,669.8441608135518 37.51856453937372,55.683501096354604,669.8441608135518 37.518882516673145,55.68350493324592,670.3833148662861 37.51920049404935,55.68350876931395,671.2250507061299 37.51951847150232,55.68351260455869,671.2250507061299 37.519836449032056,55.68351643898014,673.1642444317158 37.52015442663851,55.68352027257831,675.2344501201924 37.5204724043217,55.68352410535318,675.2344501201924 37.520790382081586,55.68352793730476,678.0206439678486 37.521108359918166,55.683531768433056,680.8683765117939 37.52142633783141,55.683535598738054,680.8683765117939 37.52174431582131,55.68353942821976,682.910383958083 37.52206229388784,55.68354325687818,683.0636127178486 37.522380272031,55.6835470847133,683.0636127178486 37.52269825025076,55.68355091172513,683.6488025371846 37.52301622854711,55.68355473791367,682.5672748272236 37.52333420692003,55.68355856327892,682.5672748272236 37.52365218536951,55.68356238782088,676.1925952617939 37.52397016389552,55.68356621153953,673.3544604961689 37.52428814249806,55.68357003443489,673.3544604961689 37.52460612117711,55.68357385650695,675.7904803936299 37.52492409993263,55.68357767775573,678.1713397686299 37.52524207876464,55.683581498181205,678.1713397686299 37.525560057673104,55.683585317783376,682.9226520244893 37.52587803665801,55.68358913656226,683.5321185772236 37.52619601571933,55.68359295451785,683.5321185772236 37.52651399485706,55.68359677165012,679.2283008282002 37.52683197407118,55.68360058795911,676.8432910625752 37.52714995336168,55.68360440344481,676.8432910625752 37.527467932728534,55.683608218107196,676.6638934795674 37.52778591217173,55.68361203194629,675.5968158428486 37.52810389169125,55.68361584496208,675.5968158428486 37.52842187128708,55.68361965715457,677.1996143047627 37.528739850959205,55.683623468523756,681.0951373760518 37.5290578307076,55.68362727906964,681.0951373760518 37.52937581053225,55.68363108879223,679.0930164043721 37.52969379043316,55.68363489769152,675.1902606670674 37.530011770410276,55.68363870576749,675.1902606670674 37.53032975046361,55.683642513020175,677.7028186504658 37.53064773059314,55.68364631944955,683.4450061504658 37.530965710798846,55.68365012505562,683.4450061504658 37.53128369108071,55.683653929838385,684.5928638164814 37.531601671438715,55.68365773379786,686.1870715801533 37.531919651872855,55.68366153693401,686.1870715801533 37.5322376323831,55.683665339246865,686.9868610088643 37.53255561296944,55.68366914073641,686.166975754958 37.53287359363186,55.68367294140265,686.166975754958 37.533191574370335,55.683676741245584,686.2454059307393 37.533509555184864,55.683680540265215,683.7803332989033 37.533827536075414,55.683684338461525,683.7803332989033 37.534145517041985,55.68368813583454,683.1732013408955 37.53446349808455,55.68369193238424,683.464339036208 37.53478147920309,55.68369572811063,683.464339036208 37.535099460397596,55.683699523013715,682.9289844219502 37.535417441668045,55.68370331709349,684.8629138653096 37.53573542301443,55.68370711034996,684.8629138653096 37.53605340443672,55.68371090278311,683.2938068096455 37.53637138593491,55.68371469439294,681.7312610332783 37.536689367508984,55.68371848517948,681.7312610332783 37.53700734915892,55.68372227514269,682.0490405742939 37.5373253308847,55.6837260642826,679.0195758526143 37.53764331268631,55.68372985259919,679.0195758526143 37.53796129456375,55.68373364009248,679.1885974590596 37.538279276516974,55.68373742676244,677.7257526104268 37.538597258545984,55.6837412126091,677.7257526104268 37.538915240650766,55.683744997632445,677.1450488750752 37.539233222831285,55.68374878183246,676.2309711162861 37.53955120508754,55.68375256520917,676.2309711162861 37.53986918741951,55.68375634776257,676.0751178448018 37.540187169827185,55.68376012949265,677.3997333233174 37.540505152310544,55.683763910399406,677.3997333233174 37.54082313486957,55.683767690482846,679.9760272686299 37.54114111750424,55.68377146974297,678.4600513164814 37.541459100214546,55.68377524817978,678.4600513164814 37.54177708300047,55.68377902579328,679.1680286114033 37.54209506586199,55.683782802583444,682.8469531719502 37.542413048799105,55.6837865785503,682.8469531719502 37.542731031811776,55.68379035369383,683.0041034405049 37.54304901490001,55.68379412801404,680.5233752910908 37.543366998063775,55.68379790151094,680.5233752910908 37.54368498130305,55.68380167418451,678.8729846660908 37.54400296461784,55.68380544603477,679.5208881084736 37.54432094800811,55.68380921706169,679.5208881084736 37.54463893147385,55.6838129872653,679.8698413555439 37.54495691501504,55.683816756645584,676.5148303692158 37.54527489863166,55.68382052520255,676.5148303692158 37.54559288232371,55.68382429293618,676.0300738994893 37.54591086609116,55.68382805984649,675.2243335430439 37.546228849934,55.683831825933495,675.2243335430439 37.54654683385221,55.68383559119715,676.7311084453877 37.54686481784577,55.6838393556375,674.5574939434346 37.54718280191468,55.68384311925452,674.5574939434346 37.5475007860589,55.683846882048215,673.7058093731221 37.54781877027842,55.68385064401858,676.7293231670674 37.54813675457324,55.683854405165604,676.7293231670674 37.54845473894333,55.68385816548932,680.2284381573018 37.548772723388666,55.68386192498971,676.8321521465596 37.54909070790925,55.68386568366676,676.8321521465596 37.549408692505054,55.68386944152049,672.0549915020283 37.54972667717606,55.6838731985509,668.6324145977314 37.55004466192226,55.68387695475796,668.6324145977314 37.55036264674363,55.6838807101417,672.0185535137471 37.550680631640155,55.68388446470212,670.5034320537861 37.55099861661183,55.68388821843919,670.5034320537861 37.55131660165862,55.68389197135295,668.5618732158955 37.551634586780516,55.683895723443364,667.912581223708 37.55195257197751,55.683899474710444,667.912581223708 37.55227055724957,55.683903225154204,668.9610126201924 37.55258854259669,55.68390697477462,669.3519733135518 37.55290652801886,55.683910723571714,669.3519733135518 37.55322451351605,55.68391447154547,669.6964557354268 37.553542499088245,55.683918218695894,671.2189624492939 37.55386048473543,55.683921965022975,671.2189624492939 37.5541784704576,55.68392571052673,676.5809772198018 37.55449645625472,55.683929455207156,678.1134784405049 37.55481444212679,55.68393319906424,678.1134784405049 37.55513242807378,55.683936942097986,675.9770190899189 37.55545041409569,55.68394068430839,673.8539264385518 37.55576840019248,55.68394442569547,673.8539264385518 37.55608638636415,55.683948166259206,673.887190598708 37.556404372610686,55.683951905999606,675.1654651348408 37.556722358932056,55.683955644916665,675.1654651348408 37.55704034532827,55.68395938301039,677.9708545391377 37.557358331799286,55.68396312028078,677.4661548321064 37.55767631834509,55.683966856727814,677.4661548321064 37.55799430496568,55.68397059235152,677.6691577617939 37.55831229166103,55.683974327151894,678.7050464336689 37.558630278431124,55.68397806112892,678.7050464336689 37.55894826527595,55.6839817942826,679.8530872051533 37.55926625219549,55.68398552661295,679.8048694317158 37.559584239189725,55.68398925811995,679.8048694317158 37.55990222625863,55.68399298880361,680.8297107403096 37.56022021340221,55.683996718663934,680.6845081035908 37.56053820062043,55.6840004477009,680.6845081035908 37.560856187913274,55.68400417591454,680.6966235821064 37.56117417528074,55.68400790330482,680.3958881084736 37.56149216272281,55.68401162987177,680.3958881084736 37.561810150239445,55.68401535561537,680.5638568584736 37.562128137830655,55.68401908053562,680.3330218975361 37.56244612549641,55.68402280463252,680.3330218975361 37.562764113236696,55.684026527906084,681.7010333721455 37.56308210105149,55.6840302503563,684.0498187725361 37.563400088940796,55.68403397198318,684.0498187725361 37.56371807690458,55.684037692786696,684.5046985332783 37.56403606494282,55.68404141276687,681.8099048321064 37.56435405305552,55.6840451319237,681.8099048321064 37.564672041242645,55.684048850257184,677.5298297588643 37.56499002950419,55.68405256776731,680.681135911208 37.56530801784013,55.68405628445409,680.681135911208 37.56562600625046,55.68406000031753,680.3252856914814 37.56594399473516,55.68406371535761,681.3831165020283 37.566261983294204,55.68406742957434,681.3831165020283 37.566579971927574,55.684071142967724,683.9806354229268 37.566897960635266,55.684074855537744,684.1296069805439 37.56721594941727,55.68407856728442,684.1296069805439 37.56753393827355,55.684082278207754,681.5025775615986 37.567851927204096,55.68408598830773,678.3212421123799 37.5681699162089,55.68408969758434,678.3212421123799 37.56848790528793,55.68409340603761,677.3618915264424 37.568805894441184,55.68409711366753,680.4448230449971 37.569123883668645,55.684100820474086,680.4448230449971 37.56944187297029,55.6841045264573,680.5591724102314 37.56975986234609,55.68410823161714,679.2029254619893 37.57007785179606,55.68411193595364,679.2029254619893 37.57039584132016,55.684115639466775,676.3326404278096 37.57071383091838,55.684119342156556,677.6980579082783 37.5710318205907,55.68412304402299,677.6980579082783 37.57134981033711,55.68412674506604,681.5516956035908 37.5716678001576,55.68413044528576,684.7270038311299 37.571985790052125,55.684134144682126,684.7270038311299 37.5723037800207,55.68413784325512,686.0283191387471 37.5726217700633,55.68414154100476,685.2498767559346 37.57293976017989,55.68414523793103,685.2498767559346 37.57325775037048,55.68414893403394,686.7525623028096 37.57357574063504,55.68415262931351,688.2167346660908 37.57389373097355,55.684156323769706,688.2167346660908 37.57421172138601,55.68416001740254,682.578108567458 37.57452971187239,55.68416371021202,675.8953998272236 37.57484770243267,55.684167402198135,675.8953998272236 37.575165693066836,55.68417109336088,679.247786301833 37.57548368377488,55.684174783700286,683.3980243389424 37.57580167455678,55.684178473216306,683.3980243389424 37.57611966541252,55.68418216190897,684.6006457989033 37.57643765634209,55.684185849778274,677.6287830059346 37.57675564734545,55.684189536824206,677.6287830059346 37.57707363842262,55.684193223046776,670.9640033428486 37.577391629573555,55.684196908446,668.9377582256611 37.577709620798245,55.684200593021835,668.9377582256611 37.57802761209669,55.68420427677431,670.1567523662861 37.57834560346885,55.684207959703414,669.758284348708 37.578663594914715,55.68421164180917,669.758284348708 37.57898158643428,55.68421532309154,670.343001145583 37.57929957802751,55.68421900355055,671.3636310283955 37.57961756969441,55.6842226831862,671.3636310283955 37.57993556143495,55.68422636199847,670.4173419658955 37.580253553249115,55.684230039987376,670.5668628399189 37.58057154513689,55.684233717152914,670.5668628399189 37.58088953709826,55.68423739349508,671.232649583083 37.5812075291332,55.68424106901388,668.6452777569111 37.58152552124171,55.6842447437093,668.6452777569111 37.581843513423756,55.684248417581365,666.6636188213643 37.58216150567933,55.68425209063004,665.3426196758564 37.58247949800842,55.684255762855365,665.3426196758564 37.582797490411,55.68425943425731,664.9808490459736 37.58311548288707,55.68426310483588,667.2143848125752 37.58343347543658,55.68426677459108,667.2143848125752 37.583751468059546,55.684270443522905,668.2486407940205 37.58406946075594,55.68427411163135,668.8892200176533 37.58438745352575,55.68427777891644,668.8892200176533 37.58470544636896,55.68428144537813,671.4192798321064 37.58502343928554,55.684285111016464,673.3961169903096 37.585341432275484,55.68428877583142,673.3961169903096 37.585659425338775,55.684292439823,671.6273181621846 37.5859774184754,55.6842961029912,670.5001971905049 37.58629541168534,55.684299765336036,670.5001971905049 37.586613404968574,55.684303426857475,672.3311908428486 37.586931398325085,55.684307087555545,673.9954059307393 37.58724939175487,55.684310747430246,673.9954059307393 37.587567385257884,55.684314406481555,675.7738483135518 37.587885378834144,55.68431806470949,675.5983264629658 37.58820337248362,55.68432172211406,675.5983264629658 37.58852136620629,55.68432537869523,674.3747241680439 37.58883936000213,55.684329034453036,671.2396228496846 37.58915735387116,55.68433268938745,671.2396228496846 37.58947534781332,55.6843363434985,668.4062183086689 37.58979334182862,55.68433999678616,668.874983567458 37.59011133591704,55.684343649250444,668.874983567458 37.59042933007854,55.68434730089133,670.5676562969502 37.59074732431314,55.68435095170885,669.6469104473408 37.59106531862081,55.684354601702985,669.6469104473408 37.591383313001515,55.68435825087373,670.3927905742939 37.59170130745527,55.6843618992211,669.5892932598408 37.592019301982035,55.68436554674508,669.5892932598408 37.592337296581796,55.684369193445676,671.3522632305439 37.592655291254545,55.68437283932288,670.9161975567158 37.592973286000266,55.68437648437671,670.9161975567158 37.59329128081893,55.68438012860717,667.1783588115986 37.59360927571054,55.68438377201422,664.7568652813252 37.59392727067506,55.684387414597886,664.7568652813252 37.59424526571249,55.68439105635817,664.3740527813252 37.594563260822795,55.68439469729508,666.3079059307393 37.594881256005976,55.684398337408595,666.3079059307393 37.59519925126201,55.684401976698716,668.8192126934346 37.59551724659088,55.684405615165446,673.051008958083 37.59583524199257,55.68440925280879,673.051008958083 37.59615323746706,55.68441288962877,672.7196185772236 37.596471233014334,55.68441652562532,670.7503955547627 37.596789228634385,55.68442016079851,670.7503955547627 37.59710722432719,55.684423795148284,667.2475879375752 37.59742522009273,55.684427428674695,662.9507739727314 37.59774321593099,55.6844310613777,662.9507739727314 37.59806121184196,55.684434693257316,661.8766009990986 37.598379207825616,55.68443832431353,664.2554309551533 37.59869720388194,55.68444195454637,664.2554309551533 37.59901520001092,55.68444558395581,663.8328693096455 37.59933319621254,55.684449212541864,665.0088489239033 37.59965119248678,55.68445284030451,665.0088489239033 37.599969188833626,55.68445646724377,661.5066363994893 37.600287185253066,55.68446009335963,658.2613666240986 37.600605181745074,55.684463718652104,658.2613666240986 37.60092317830964,55.684467343121185,658.2118671123799 37.60124117494675,55.68447096676687,658.0551288311299 37.601559171656376,55.68447458958914,658.0551288311299 37.60187716843852,55.684478211588036,657.6103656475361 37.602195165293146,55.684481832763524,658.6200549785908 37.60251316222024,55.68448545311561,658.6200549785908 37.60283115921981,55.68448907264432,656.227766770583 37.603149156291806,55.68449269134962,655.5267017071064 37.603467153436235,55.68449630923152,655.5267017071064 37.60378515065307,55.684499926290016,654.3353259746846 37.60410314794229,55.684503542525114,653.8693378155049 37.60442114530389,55.68450715793682,653.8693378155049 37.604739142737856,55.68451077252512,653.3280933086689 37.605057140244156,55.68451438629002,652.7602222149189 37.60537513782279,55.68451799923153,652.7602222149189 37.60569313547372,55.68452161134964,649.217757004958 37.60601113319695,55.684525222644346,642.6344134990986 37.606329130992464,55.684528833115635,642.6344134990986 37.60664712886023,55.68453244276353,638.765364426833 37.60696512680024,55.68453605158802,640.7281634990986 37.60728312481248,55.68453965958911,640.7281634990986 37.60760112289693,55.6845432667668,643.1681049053486 37.60791912105358,55.684546873121086,644.0617816631611 37.6082371192824,55.684550478651964,644.0617816631611 37.608555117583386,55.68455408335943,644.2357471172627 37.608873115956506,55.68455768724351,643.1508166973408 37.60919111440177,55.68456129030418,643.1508166973408 37.609509112919135,55.684564892541424,643.6631915752705 37.6098271115086,55.684568493955275,642.6034839336689 37.61014511017015,55.68457209454572,642.6034839336689 37.61046310890375,55.684575694312755,641.4871661846455 37.61078110770941,55.68457929325639,639.4728381817158 37.61078747725411,55.68439963794575,639.1753223125752 37.610793846726786,55.684219982629344,638.8363025371846 37.61080021612743,55.68404032730714,638.8363025371846 37.61080658545605,55.68386067197917,639.868147629958 37.61081295471264,55.68368101664542,639.6752612774189 37.61081932389722,55.68350136130591,639.6752612774189 37.610825693009765,55.6833217059606,641.3582446758564 37.61083206205029,55.68314205060953,641.1123187725361 37.6108384310188,55.68296239525269,641.1123187725361 37.610844799915284,55.682782739890065,640.3573901836689 37.61085116873975,55.682603084521666,640.7853381817158 37.6108575374922,55.68242342914748,640.7853381817158 37.61086390617263,55.68224377376754,641.3547504131611 37.61087027478105,55.68206411838181,642.153059739333 37.610876643317454,55.6818844629903,642.153059739333 37.610883011781844,55.68170480759302,645.0075824444111 37.61088938017423,55.681525152189955,646.0682819073018 37.61089574849459,55.681345496781134,646.0682819073018 37.61057777591018,55.68134189827116,647.6849506084736 37.610259803397796,55.68133829893788,646.3766162578877 37.60994183095746,55.681334698781306,646.3766162578877 37.609623858589174,55.681331097801404,646.5124957744893 37.609305886292965,55.68132749599822,646.6533343975361 37.60898791406885,55.68132389337171,646.6533343975361 37.608669941916844,55.6813202899219,651.4330432598408 37.60835196983697,55.68131668564878,652.1930225078877 37.60803399782923,55.68131308055235,652.1930225078877 37.607716025893644,55.68130947463263,650.0956714336689 37.607398054030234,55.6813058678896,652.232649583083 37.607080082239015,55.68130226032326,652.232649583083 37.60676211052001,55.681298651933616,653.1046741192158 37.60644413887322,55.68129504272067,653.3343036358174 37.606126167298676,55.68129143268442,653.3343036358174 37.605808195796385,55.68128782182487,655.7162616436299 37.60549022436637,55.681284210142,656.990950364333 37.60517225300864,55.68128059763586,656.990950364333 37.60485428172322,55.6812769843064,656.9706714336689 37.60453631051012,55.68127337015365,655.7284839336689 37.60421833936936,55.68126975517759,655.7284839336689 37.603900368300955,55.68126613937823,655.0197284405049 37.60358239730492,55.681262522755574,652.3349750225361 37.60326442638127,55.681258905309605,652.3349750225361 37.60294645553004,55.68125528704036,650.1661060039814 37.602628484751214,55.6812516679478,649.858870286208 37.60231051404484,55.68124804803195,649.858870286208 37.60199254341091,55.681244427292796,649.5618732158955 37.60167457284945,55.68124080573034,649.9344623272236 37.601356602360475,55.6812371833446,649.9344623272236 37.601038631944014,55.68123356013555,650.125960129958 37.60072066160006,55.68122993610321,646.7484882061299 37.60040269132865,55.68122631124758,646.7484882061299 37.6000847211298,55.68122268556864,643.1945178692158 37.5997667510035,55.681219059066414,646.0878894512471 37.5994487809498,55.6812154317409,646.0878894512471 37.599130810968695,55.68121180359208,648.0273883526143 37.59881284106021,55.68120817461998,647.4498431865986 37.59849487122437,55.681204544824574,647.4498431865986 37.598176901461166,55.681200914205874,647.2068469707783 37.59785893177064,55.68119728276388,646.0406329815205 37.59754096215279,55.68119365049861,646.0406329815205 37.59722299260765,55.681190017410024,645.7216785137471 37.59690502313522,55.681186383498165,651.5898120586689 37.596587053735526,55.681182748763014,651.5898120586689 37.59626908440858,55.68117911320458,654.7797839824971 37.595951115154406,55.681175476822844,658.2356250469502 37.59563314597301,55.68117183961781,658.2356250469502 37.59531517686442,55.68116820158949,661.0012347881611 37.59499720782864,55.68116456273789,663.0512836162861 37.594679238865695,55.681160923063004,663.0512836162861 37.5943612699756,55.68115728256481,662.0977466289814 37.594043301158365,55.68115364124335,661.0320117657002 37.59372533241402,55.68114999909859,661.0320117657002 37.593407363742564,55.68114635613055,658.5148914043721 37.59308939514403,55.681142712339216,656.9502856914814 37.59277142661842,55.68113906772461,656.9502856914814 37.592453458165764,55.6811354222867,655.894758958083 37.59213548978607,55.681131776025516,657.6503436748799 37.591817521479356,55.68112812894104,657.6503436748799 37.59149955324564,55.68112448103329,659.2059314434346 37.59118158508494,55.681120832302256,660.3921802227314 37.59086361699727,55.681117182747926,660.3921802227314 37.59054564898263,55.681113532370325,658.9490192119893 37.59022768104107,55.68110988116943,660.0558459942158 37.58990971317259,55.68110622914526,660.0558459942158 37.5895917453772,55.681102576297796,659.5604083721455 37.589273777654924,55.681098922627065,658.1101367657002 37.58895581000577,55.68109526813305,658.1101367657002 37.58863784242977,55.68109161281575,659.5253131573018 37.588319874926924,55.68108795667517,660.3575275127705 37.58800190749726,55.68108429971131,660.3575275127705 37.58768394014079,55.681080641924176,660.3203418438252 37.587365972857526,55.68107698331376,659.5176685039814 37.587048005647496,55.68107332388006,659.5176685039814 37.58673003851071,55.68106966362309,660.511946458083 37.58641207144718,55.68106600254282,663.1454761211689 37.58609410445693,55.6810623406393,663.1454761211689 37.58577613753997,55.681058677912496,661.4190814678486 37.58545817069633,55.681055014362414,662.2559650127705 37.585140203926,55.68105134998905,662.2559650127705 37.58482223722903,55.68104768479241,660.0307300274189 37.5845042706054,55.681044018772496,660.3761890117939 37.58418630405515,55.68104035192931,660.3761890117939 37.583868337578295,55.68103668426284,662.9895465557393 37.58355037117485,55.6810330157731,662.6520374004658 37.58323240484483,55.68102934646009,662.6520374004658 37.58291443858825,55.68102567632382,665.0301349346455 37.58259647240513,55.68102200536426,666.665022629958 37.58227850629548,55.681018333581434,666.665022629958 37.581960540259324,55.681014660975336,665.2221057598408 37.58164257429667,55.68101098754596,665.0900867168721 37.58132460840754,55.68100731329331,665.0900867168721 37.58100664259196,55.6810036382174,665.5551746074971 37.580688676849924,55.68099996231821,666.1577441875752 37.580370711181466,55.680996285595754,666.1577441875752 37.58005274558659,55.680992608050026,665.8919665996846 37.57973478006534,55.68098892968102,667.531477708083 37.579416814617694,55.68098525048877,667.531477708083 37.57909884924369,55.68098157047323,666.2323444073018 37.57878088394334,55.680977889634434,664.9686420147236 37.57846291871667,55.680974207972355,664.9686420147236 37.57814495356367,55.68097052548703,665.6900165264424 37.5778269884844,55.680966842178414,669.3495624248799 37.57750902347883,55.680963158046545,669.3495624248799 37.57719105854701,55.680959473091406,675.1823871319111 37.57687309368893,55.680955787313,676.1654193584736 37.57655512890463,55.68095210071134,676.1654193584736 37.57623716419412,55.68094841328641,672.7578418438252 37.575919199557404,55.680944725038195,670.1292255108174 37.575601234994515,55.68094103596675,670.1292255108174 37.57528327050545,55.68093734607202,670.5632312481221 37.57496530609025,55.68093365535404,670.154036301833 37.574647341748914,55.68092996381278,670.154036301833 37.57432937748146,55.68092627144827,673.5064227764424 37.57401141328791,55.68092257826049,678.3842761699971 37.57369344916829,55.68091888424946,678.3842761699971 37.57337548512259,55.68091518941516,680.8014209453877 37.57305752115085,55.680911493757606,682.5655505840596 37.57273955725307,55.68090779727678,682.5655505840596 37.57242159342928,55.68090409997271,680.6708057110127 37.57210362967949,55.68090040184537,679.1242816631611 37.57178566600372,55.68089670289477,679.1242816631611 37.571467702401975,55.68089300312091,676.3357227032002 37.57114973887429,55.680889302523795,675.3951862041768 37.570831775420665,55.68088560110343,675.3951862041768 37.57051381204112,55.680881898859795,676.2463977520283 37.57019584873568,55.680878195792914,679.9043262188252 37.56987788550435,55.68087449190276,679.9043262188252 37.56955992234716,55.68087078718936,682.4681079571064 37.569241959264104,55.680867081652714,679.2799976055439 37.56892399625523,55.680863375292795,679.2799976055439 37.56860603332053,55.68085966810963,678.0074298565205 37.56828807046003,55.680855960103216,675.778303879958 37.56797010767374,55.68085225127354,675.778303879958 37.567652144961684,55.68084854162062,671.3711230938252 37.567334182323876,55.680844831144434,671.4223010723408 37.567016219760326,55.680841119844985,671.4223010723408 37.56669825727107,55.68083740772231,673.6784656231221 37.566380294856096,55.68083369477637,676.2432391826924 37.56606233251544,55.68082998100718,676.2432391826924 37.565744370249114,55.680826266414726,680.622053879958 37.56542640805714,55.68082255099904,681.7808673565205 37.56510844593952,55.680818834760096,681.7808673565205 37.56479048389628,55.680815117697904,684.760237473708 37.56447252192744,55.680811399812455,686.5418689434346 37.56415456003301,55.68080768110377,686.5418689434346 37.56383659821301,55.68080396157182,686.7937152569111 37.56351863646745,55.68080024121663,683.8228290264424 37.563200674796356,55.68079652003821,683.8228290264424 37.562882713199734,55.68079279803652,682.5767657940205 37.562564751677606,55.68078907521158,681.0960223858174 37.56224679022999,55.6807853515634,681.0960223858174 37.56192882885691,55.68078162709198,680.0469958965596 37.561610867558365,55.680777901797306,679.7582385723408 37.56129290633438,55.68077417567939,679.7582385723408 37.560974945184974,55.68077044873824,677.2703845684346 37.56065698411016,55.68076672097382,680.889387864333 37.560339023109954,55.68076299238618,680.889387864333 37.56002106218437,55.68075926297528,680.3565509502705 37.55970310133343,55.680755532741145,679.0748279278096 37.559385140557154,55.68075180168376,679.0748279278096 37.55906717985555,55.680748069803144,673.1488330547627 37.55874921922864,55.680744337099284,672.0639789287861 37.558431258676436,55.680740603572175,672.0639789287861 37.558113298198954,55.68073686922183,671.3100726787861 37.557795337796215,55.68073313404824,670.4694507305439 37.55747737746823,55.68072939805141,670.4694507305439 37.557159417215026,55.68072566123134,670.7082050030049 37.556841457036604,55.680721923588024,671.4331500713643 37.556523496932996,55.68071818512148,671.4331500713643 37.55620553690421,55.680714445831704,670.2630908672627 37.555887576950255,55.68071070571868,670.5204608623799 37.555569617071164,55.68070696478241,670.5204608623799 37.55525165726694,55.68070322302291,673.4283130352314 37.554933697537614,55.680699480440175,673.6880786602314 37.55461573788319,55.68069573703419,673.6880786602314 37.554297778303685,55.68069199280499,671.9894702617939 37.553979818799114,55.680688247752535,670.960188645583 37.553661859369505,55.68068450187686,670.960188645583 37.553343900014866,55.68068075517794,669.9711902324971 37.55302594073522,55.680677007655795,670.1951282207783 37.55270798153057,55.6806732593104,670.1951282207783 37.552390022400935,55.68066951014178,671.7897937481221 37.552072063346344,55.68066576014994,672.7192828838643 37.55175410436681,55.680662009334846,672.7192828838643 37.55143614546234,55.680658257696535,674.0346057598408 37.55111818663296,55.680654505234976,675.8836200420674 37.55080022787868,55.680650751950196,675.8836200420674 37.55048226919953,55.68064699784219,678.4974963848408 37.5501643105955,55.68064324291094,685.7222125713643 37.54984635206663,55.680639487156476,685.7222125713643 37.549528393612924,55.680635730578764,688.4916064922627 37.54921043523441,55.680631973177825,689.1035754864033 37.54889247693109,55.680628214953664,689.1035754864033 37.54857451870299,55.68062445590627,690.6579272930439 37.54825656055013,55.68062069603566,687.5068652813252 37.54793860247251,55.68061693534181,687.5068652813252 37.54762064447017,55.680613173824725,685.0118854229268 37.547302686543105,55.680609411484426,685.8250720684346 37.54698472869134,55.6806056483209,685.8250720684346 37.5466667709149,55.680601884334145,690.3552692119893 37.54634881321379,55.68059811952416,694.0459125225361 37.54603085558802,55.68059435389095,694.0459125225361 37.54571289803763,55.68059058743452,694.2549274151143 37.54539494056261,55.680586820154865,695.4495685283955 37.54507698316299,55.680583052051986,695.4495685283955 37.54475902583879,55.68057928312589,695.9700610821064 37.544441068590025,55.68057551337655,695.7196490948018 37.5441231114167,55.680571742804005,695.7196490948018 37.54380515431885,55.68056797140824,694.0547931377705 37.54348719729648,55.68056419918924,691.7460467998799 37.5431692403496,55.680560426147025,691.7460467998799 37.542851283478235,55.68055665228159,689.1055286114033 37.5425333266824,55.68055287759293,683.9694202129658 37.542215369962115,55.680549102081045,683.9694202129658 37.54189741331739,55.68054532574595,680.3307788555439 37.54157945674825,55.68054154858763,679.0332477276143 37.541261500254706,55.68053777060611,679.0332477276143 37.540943543836775,55.68053399180135,681.1107318584736 37.54062558749447,55.68053021217337,690.5073230449971 37.54030763122781,55.680526431722186,690.5073230449971 37.53998967503681,55.68052265044776,695.6170032207783 37.53967171892149,55.68051886835014,695.8921649639424 37.53935376288187,55.6805150854293,695.8921649639424 37.53903580691796,55.68051130168524,689.6052997295674 37.53871785102977,55.68050751711797,683.6066119854268 37.53839989521733,55.680503731727484,683.6066119854268 37.538081939480655,55.68049994551377,684.7622363750752 37.53776398381976,55.680496158476856,688.5306384746846 37.53744602823465,55.680492370616726,688.5306384746846 37.537128072725345,55.68048858193338,693.0685107891377 37.53681011729187,55.68048479242682,695.5247638408955 37.53649216193425,55.68048100209705,695.5247638408955 37.53617420665248,55.680477210944055,698.1397540752705 37.53585625144659,55.680473418967864,695.2168567364033 37.53553829631658,55.68046962616846,695.2168567364033 37.535220341262495,55.68046583254584,692.2437579815205 37.53490238628433,55.68046203810001,692.8387744610127 37.5345844313821,55.680458242830966,692.8387744610127 37.534266476555835,55.68045444673873,693.2435901348408 37.53394852180554,55.680450649823264,692.5347430889424 37.53363056713124,55.6804468520846,692.5347430889424 37.533312612532946,55.68044305352272,693.2131946270283 37.53299465801068,55.68043925413764,695.3142688457783 37.53267670356445,55.68043545392934,695.3142688457783 37.53235874919428,55.68043165289785,696.3318622295674 37.532040794900176,55.68042785104315,697.1494128887471 37.531722840682164,55.68042404836523,697.1494128887471 37.531404886540265,55.68042024486411,695.4116199199971 37.53108693247448,55.68041644053979,692.714339036208 37.530768978484836,55.680412635392265,692.714339036208 37.53045102457135,55.68040882942152,690.3668506328877 37.53013307073404,55.68040502262758,691.192122239333 37.52981511697291,55.68040121501044,691.192122239333 37.52949716328799,55.680397406570094,691.0734393780049 37.52917920967929,55.68039359730655,688.5552356426533 37.52886125614683,55.6803897872198,688.5552356426533 37.52854330269062,55.68038597630984,690.6062915508564 37.52822534931069,55.68038216457669,697.4600055401143 37.52790739600704,55.68037835202034,697.4600055401143 37.52758944277969,55.68037453864078,701.2805621807393 37.52727148962867,55.68037072443802,695.8573596660908 37.526953536553975,55.680366909412065,695.8573596660908 37.52663558355564,55.68036309356291,691.1827380840596 37.52631763063368,55.680359276890556,689.0127093975361 37.52599967778809,55.680355459395,689.0127093975361 37.52568172501891,55.68035164107624,689.0280444805439 37.52536377232615,55.68034782193429,689.5973651592549 37.52504581970983,55.680344001969154,689.5973651592549 37.52472786716996,55.680340181180796,690.9250629131611 37.524409914706546,55.68033635956926,690.8953998272236 37.52409196231963,55.68033253713453,690.8953998272236 37.523774010009205,55.680328713876584,689.7654254619893 37.523456057775306,55.680324889795465,689.5974719707783 37.52313810561794,55.68032106489114,689.5974719707783 37.52282015353712,55.68031723916362,690.8236987774189 37.52250220153286,55.68031341261291,694.2751758282002 37.522184249605196,55.680309585239,694.2751758282002 37.52186629775413,55.680305757041914,695.1460406963643 37.521548345979674,55.680301928021606,690.2785022442158 37.52123039428186,55.68029809817812,690.2785022442158 37.52091244266068,55.68029426751146,686.3938434307393 37.52059449111617,55.68029043602157,687.1720416729268 37.52027653964835,55.680286603708524,687.1720416729268 37.51995858825722,55.680282770572276,686.7453754131611 37.51964063694281,55.68027893661283,688.3943927471455 37.519322685705134,55.68027510183021,688.3943927471455 37.5190047345442,55.68027126622439,689.243880051833 37.51868678346003,55.68026742979538,689.8828723614033 37.518368832452644,55.68026359254318,689.8828723614033 37.51805088152205,55.6802597544678,690.7103107158955 37.51773293066828,55.68025591556923,687.3916766826924 37.51741497989133,55.68025207584747,687.3916766826924 37.51709702919123,55.68024823530253,684.3836200420674 37.516779078567986,55.680244393934395,685.8475482647236 37.51646112802163,55.68024055174308,685.8475482647236 37.516143177552166,55.68023670872857,691.8456561748799 37.51582522715962,55.68023286489088,690.7850940410908 37.51550727684399,55.68022902023001,690.7850940410908 37.51518932660532,55.68022517474596,686.2337939922627 37.5148713764436,55.68022132843871,686.1873157207783 37.514553426358866,55.68021748130828,686.1873157207783 37.51423547635112,55.68021363335468,687.6106097881611 37.513917526420386,55.68020978457789,682.4913470928486 37.51359957656668,55.68020593497792,682.4913470928486 37.51328162679002,55.68020208455477,680.5390002910908 37.51296367709042,55.68019823330844,679.3124072735127 37.51264572746789,55.68019438123892,679.3124072735127 37.51232777792246,55.68019052834622,678.5873706524189 37.51200982845414,55.680186674630335,678.9523914043721 37.511691879062944,55.68018282009129,678.9523914043721 37.51137392974889,55.68017896472905,679.1573474590596 37.511055980512,55.680175108543644,679.0650623028096 37.510738031352275,55.68017125153506,679.0650623028096 37.510420082269746,55.68016739370329,678.6899860088643 37.510102133264425,55.68016353504834,678.1803577129658 37.50978418433633,55.680159675570216,678.1803577129658 37.509466235485476,55.68015581526892,674.8967426006611 37.509148286711884,55.68015195414444,667.7445361797627 37.508830338015564,55.680148092196795,667.7445361797627 37.50851238939653,55.68014422942596,667.020491379958 37.5081944408548,55.68014036583196,668.2998187725361 37.507876492390395,55.68013650141479,668.2998187725361 37.50755854400334,55.680132636174434,669.4199512188252 37.50724059569363,55.68012877011091,672.4814593975361 37.5069226474613,55.68012490322422,672.4814593975361 37.50660469930635,55.680121035514354,676.7832782451924 37.506286751228814,55.68011716698131,677.8080127422627 37.5059688032287,55.6801132976251,677.8080127422627 37.50565085530602,55.680109427445714,682.3456561748799 37.5053329074608,55.680105556443166,686.7261035625752 37.50501495969304,55.68010168461745,686.7261035625752 37.50469701200279,55.68009781196856,686.3829639141377 37.50437906439002,55.68009393849648,685.4145496074971 37.50406111685478,55.68009006420125,685.4145496074971 37.50374316939708,55.68008618908285,684.973860520583 37.50342522201693,55.68008231314128,692.2561176006611 37.50310727471435,55.68007843637654,692.2561176006611 37.50278932748936,55.68007455878864,696.2518451397236 37.50247138034197,55.68007068037756,696.0258166973408 37.502153433272206,55.680066801143326,696.0258166973408 37.501835486280065,55.68006292108593,696.712874192458 37.50151753936558,55.68005904020536,698.824690598708 37.50119959252877,55.68005515850162,698.824690598708 37.500881645769645,55.68005127597471,700.7378070537861 37.50056369908822,55.68004739262465,698.0274341289814 37.50024575248451,55.68004350845142,698.0274341289814 37.499927805958535,55.68003962345503,693.8740527813252 37.499609859510315,55.68003573763548,690.4257495586689 37.499291913139864,55.68003185099276,690.4257495586689 37.49897396684719,55.680027963526875,690.5752551739033 37.49865602063232,55.68002407523784,689.2218005840596 37.49833807449526,55.68002018612564,689.2218005840596 37.498020128436046,55.680016296190274,686.1459033672627 37.49770218245467,55.68001240543175,685.8444354717549 37.49738423655116,55.68000851385006,685.8444354717549 37.497066290725535,55.68000462144522,684.8742053692158 37.49674834497781,55.680000728217216,684.279036301833 37.496430399308004,55.679996834166054,684.279036301833 37.49611245371613,55.67999293929173,683.4494617168721 37.4957945082022,55.679989043594254,683.631331223708 37.495476562766235,55.679985147073616,683.631331223708 37.49515861740825,55.67998124972982,683.8618610088643 37.49484067212827,55.67997735156288,683.7223499004658 37.4945227269263,55.679973452572774,683.7223499004658 37.49420478180235,55.679969552759516,685.5533740703877 37.49388683675647,55.679965652123094,686.5718372051533 37.493568891788634,55.67996175066352,686.5718372051533 37.49325094689888,55.6799578483808,687.3508899395283 37.49293300208723,55.679953945274924,684.8886859600361 37.49261505735369,55.67995004134588,684.8886859600361 37.492297112698274,55.6799461365937,682.3738544170674 37.491979168121006,55.679942231018366,683.1199023907002 37.491661223621904,55.67993832461987,683.1199023907002 37.49134327920098,55.679934417398236,683.9523914043721 37.49102533485825,55.67993050935343,681.724592942458 37.49070739059373,55.67992660048549,681.724592942458 37.490389446407434,55.67992269079439,679.0408923809346 37.49007150229939,55.679918780280154,678.7041003887471 37.4897535582696,55.67991486894275,678.7041003887471 37.4894356143181,55.679910956782216,676.063460129958 37.48911767044488,55.67990704379853,673.8229358379658 37.48879972664997,55.679903129991686,673.8229358379658 37.4884817829334,55.679899215361694,672.7625720684346 37.48816383929516,55.67989529990855,673.2718341533955 37.48784589573528,55.679891383632274,673.2718341533955 37.48752795225378,55.67988746653283,674.8376758282002 37.48721000885067,55.67988354861027,672.6745898907002 37.48689206552597,55.67987962986455,672.6745898907002 37.4865741222797,55.67987571029568,670.8133228008564 37.48625617911186,55.679871789903665,670.6073291485127 37.48593823602249,55.679867868688504,670.6073291485127 37.485620293011586,55.679863946650215,670.7936999981221 37.48530235007918,55.67986002378877,670.4732806865986 37.48498440722528,55.67985610010419,670.4732806865986 37.4846664644499,55.67985217559646,670.429426926833 37.48434852175306,55.67984825026559,670.3996570293721 37.48403057913478,55.67984432411158,670.3996570293721 37.48371263659507,55.67984039713441,670.7938220684346 37.483394694133956,55.67983646933413,670.8637683574971 37.48307675175144,55.67983254071069,670.8637683574971 37.48275880944756,55.679828611264114,669.9354541485127 37.4824408672223,55.6798246809944,670.0055072490986 37.482122925075714,55.67982074990155,670.0055072490986 37.48180498300779,55.679816817985554,670.4494769756611 37.48148704101855,55.67981288524643,670.7000110332783 37.48116909910802,55.67980895168416,670.7000110332783 37.48085115727622,55.679805017298754,674.0236804668721 37.480533215523145,55.679801082090215,674.3519580547627 37.48021527384883,55.67979714605853,674.3519580547627 37.47989733225328,55.679793209203716,672.8737781231221 37.479579390736525,55.67978927152577,672.0666186992939 37.47926144929856,55.67978533302468,672.0666186992939 37.478943507939434,55.679781393700466,672.1017291729268 37.478625566659126,55.67977745355311,672.4215839092549 37.47830762545768,55.67977351258263,672.4215839092549 37.47798968433511,55.679769570789,671.156477708083 37.47767174329142,55.67976562817224,668.2959277813252 37.477353802326625,55.679761684732355,668.2959277813252 37.477035861440754,55.67975774046934,666.398421067458 37.47671792063382,55.67975379538319,664.6603076641377 37.476399979905835,55.679749849473914,664.6603076641377 37.476082039256816,55.6797459027415,663.6859576885518 37.47576409868678,55.67974195518596,664.8310077373799 37.47544615819575,55.679738006807284,664.8310077373799 37.475128217783734,55.67973405760548,659.5645587627705 37.47481027745076,55.679730107580546,650.9453723614033 37.47449233719683,55.67972615673249,650.9453723614033 37.47417439702196,55.6797222050613,644.8077533428486 37.47385645692618,55.67971825256699,644.3076923076924 37.47353851690949,55.67971429924955,644.3076923076924 37.47322057697193,55.67971034510897,646.3379810039814 37.4729026371135,55.67970639014528,653.2421558086689 37.47258469733421,55.67970243435846,653.2421558086689 37.472266757634095,55.679698477748516,657.5372607891377 37.47194881801316,55.679694520315444,658.2721240703877 37.471630878471416,55.67969056205924,658.2721240703877 37.4713129390089,55.67968660297992,661.187727708083 37.470994999625596,55.67968264307748,664.5124194805439 37.47067706032155,55.67967868235191,664.5124194805439 37.47035912109677,55.67967472080322,666.5782001201924 37.47004118195127,55.67967075843141,666.951155442458 37.46972324288506,55.67966679523648,666.951155442458 37.46940530389817,55.67966283121842,667.5426318828877 37.4690873649906,55.67965886637725,666.2330005352314 37.46876942616238,55.67965490071295,666.2330005352314 37.46845148741353,55.67965093422553,666.3210132305439 37.468133548744056,55.67964696691499,664.8630511944111 37.467815610153984,55.67964299878133,664.8630511944111 37.46749767164331,55.67963902982456,662.2763660137471 37.46717973321207,55.67963506004467,664.4455096905049 37.46686179486027,55.679631089441656,664.4455096905049 37.46654385658794,55.679627118015524,665.2229755108174 37.46622591839509,55.67962314576628,663.8490436260518 37.46590798028173,55.67961917269391,663.8490436260518 37.46559004224787,55.67961519879844,663.802717942458 37.46527210429355,55.67961122407985,667.2545001690205 37.464954166418764,55.67960724853813,667.2545001690205 37.46463622862355,55.67960327217331,668.7823627178486 37.4643182909079,55.67959929498537,666.376448411208 37.46400035327185,55.679595316974314,666.376448411208 37.463682415715404,55.67959133814015,661.7781360332783 37.46336447823859,55.67958735848288,659.6897876446064 37.46304654084142,55.679583378002484,659.6897876446064 37.4627286035239,55.679579396698976,658.7553241436299 37.462410666286054,55.67957541457236,657.8094318096455 37.4620927291279,55.67957143162263,657.8094318096455 37.46177479204946,55.679567447849806,655.2548816387471 37.46145685505075,55.67956346325385,651.9622638408955 37.461138918131766,55.679559477834786,651.9622638408955 37.46082098129255,55.679555491592616,653.692122239333 37.4605030445331,55.67955150452734,655.1508319561299 37.46018510785345,55.67954751663896,655.1508319561299 37.4598671712536,55.679543527927464,656.5380084698018 37.45954923473357,55.679539538392866,659.6459644024189 37.45923129829338,55.67953554803517,659.6459644024189 37.45891336193304,55.679531556854336,661.7552936260518 37.45859542565258,55.679527564850424,663.2913196270283 37.458277489452016,55.67952357202339,663.2913196270283 37.45795955333135,55.67951957837326,662.5312183086689 37.45764161729061,55.67951558390002,662.5619800274189 37.457323681329804,55.67951158860368,662.5619800274189 37.45700574544895,55.67950759248423,666.3598163311299 37.45668780964807,55.67950359554168,670.3552386944111 37.45636987392718,55.67949959777602,670.3552386944111 37.456051938286286,55.67949559918727,671.5705859844502 37.455734002725414,55.6794915997754,672.2207477276143 37.455416067244585,55.67948759954044,672.2207477276143 37.45509813184381,55.679483598482385,674.1040332500752 37.454780196523096,55.679479596601226,674.5911548321064 37.45446226128247,55.67947559389695,674.5911548321064 37.454144326121956,55.6794715903696,674.0832050030049 37.45382639104155,55.679467586019136,675.4112384502705 37.453508456041284,55.67946358084557,675.4112384502705 37.45319052112117,55.679459574848906,676.5972888653096 37.452872586281224,55.67945556802915,677.6002643291768 37.45255465152147,55.67945156038629,677.6002643291768 37.4522367168419,55.679447551920326,678.496565598708 37.45191878224256,55.67944354263128,677.8458392803486 37.451925878636295,55.6792638999487,676.1507098858174 37.4519329749498,55.679084257260214,676.7061755840596 37.45194007118307,55.67890461456586,676.7061755840596 37.451947167336115,55.6787249718656,676.5399005596455 37.45195426340892,55.67854532915946,676.8134143535908 37.45196135940151,55.67836568644743,676.8134143535908 37.45196845531387,55.67818604372948,678.0582874004658 37.451975551146,55.67800640100565,681.4476001446064 37.45198264689791,55.67782675827595,681.4476001446064 37.451989742569594,55.677647115540324,680.7963092510518 37.45199683816106,55.67746747279883,677.8695056621846 37.4520039336723,55.67728783005143,677.8695056621846 37.452011029103325,55.67710818729814,674.4186084453877 37.452018124454135,55.67692854453896,676.4779346172627 37.452025219724725,55.67674890177388,676.4779346172627 37.452032314915094,55.676569259002925,678.8560931865986 37.45203941002526,55.67638961622606,677.9248950664814 37.45204650505521,55.676209973443314,677.9248950664814 37.45236441344922,55.67621398224932,675.0426318828877 37.452682321923426,55.67621799023234,669.7268970196064 37.453000230477805,55.67622199739235,669.7268970196064 37.45331813911235,55.676226003729376,667.598860520583 37.45363604782705,55.67623000924338,670.596419114333 37.45395395662186,55.67623401393441,670.596419114333 37.4542718654968,55.67623801780243,668.8378894512471 37.454589774451826,55.676242020847454,667.6778400127705 37.454907683486944,55.67624602306947,667.6778400127705 37.45522559260212,55.67625002446849,665.4642322246846 37.455543501797344,55.6762540250445,665.6891620342549 37.4558614110726,55.6762580247975,665.6891620342549 37.45617932042786,55.67626202372751,663.8507983867939 37.45649722986313,55.67626602183452,663.5723102276143 37.45681513937838,55.67627001911852,663.5723102276143 37.45713304897359,55.676274015579516,663.1685321514424 37.45745095864875,55.67627801121751,662.9141071026143 37.457768868403846,55.676282006032494,662.9141071026143 37.45808677823885,55.676286000024476,663.525374192458 37.458404688153756,55.67628999319345,659.1366107647236 37.45872259814855,55.676293985539424,659.1366107647236 37.45904050822321,55.67629797706238,654.5159290020283 37.45935841837772,55.676301967762335,653.5182025615986 37.459676328612055,55.676305957639286,653.5182025615986 37.45999423892622,55.67630994669322,653.3076923076924 37.460312149320174,55.67631393492415,653.3321674053486 37.46063005979392,55.67631792233208,653.3321674053486 37.46094797034743,55.67632190891699,653.5411517803486 37.4612658809807,55.67632589467889,654.6558063213643 37.4615837916937,55.67632987961778,654.6558063213643 37.46190170248641,55.67633386373366,658.4251086895283 37.46221961335883,55.67633784702654,661.5944049541768 37.46253752431093,55.676341829496394,661.5944049541768 37.4628554353427,55.67634581114324,662.8936298076924 37.463173346454134,55.67634979196707,663.6798999492939 37.463491257645195,55.6763537719679,663.6798999492939 37.46380916891588,55.676357751145694,664.7911822979268 37.46412708026617,55.67636172950049,667.2376544658955 37.46444499169604,55.67636570703227,667.2376544658955 37.46476290320548,55.67636968374102,669.2497089092549 37.46508081479448,55.67637365962678,667.849592942458 37.465398726463015,55.67637763468951,667.849592942458 37.46571663821107,55.676381608929226,666.9964130108174 37.466034550038636,55.67638558234594,669.3465259258564 37.46635246194568,55.676389554939604,669.3465259258564 37.46667037393221,55.67639352671027,671.0276782696064 37.466988285998184,55.67639749765792,673.1379993145283 37.4673061981436,55.67640146778255,673.1379993145283 37.46762411036844,55.67640543708416,674.9188983623799 37.46794202267269,55.67640940556275,673.3050067608174 37.46825993505632,55.676413373218324,673.3050067608174 37.46857784751933,55.67641734005087,670.8852527324971 37.46889576006169,55.67642130606039,671.7369220440205 37.4692136726834,55.67642527124691,671.7369220440205 37.46953158538443,55.67642923561039,675.0063159649189 37.46984949816477,55.67643319915086,678.5024402324971 37.47016741102439,55.67643716186831,678.5024402324971 37.470485323963295,55.67644112376272,680.3766620342549 37.47080323698146,55.67644508483412,674.3665149395283 37.471121150078865,55.67644904508248,674.3665149395283 37.471439063255495,55.676453004507835,669.6345508282002 37.47175697651133,55.67645696311016,668.4368121807393 37.47207488984636,55.676460920889454,668.4368121807393 37.47239280326057,55.67646487784574,667.5957782451924 37.47271071675393,55.67646883397899,666.1117694561299 37.47302863032644,55.67647278928921,666.1117694561299 37.47334654397808,55.676476743776405,664.6666858379658 37.47366445770882,55.67648069744057,665.9923083965596 37.473982371518666,55.67648465028171,665.9923083965596 37.47430028540758,55.67648860229982,666.4563434307393 37.474618199375556,55.6764925534949,664.2070758526143 37.47493611342259,55.67649650386695,664.2070758526143 37.47525402754863,55.67650045341598,662.7302386944111 37.47557194175369,55.67650440214198,662.1327197735127 37.47588985603776,55.676508350044934,662.1327197735127 37.47620777040079,55.676512297124866,661.3393237774189 37.47652568484279,55.676516243381776,661.1911761944111 37.47684359936374,55.67652018881565,661.1911761944111 37.47716151396361,55.67652413342648,659.0361011211689 37.4774794286424,55.6765280772143,655.3709399883564 37.477797343400084,55.67653202017906,655.3709399883564 37.47811525823664,55.676535962320806,652.0324084942158 37.47843317315207,55.67653990363951,649.5269000713643 37.478751088146346,55.67654384413517,649.5269000713643 37.47906900321945,55.67654778380782,648.8076923076924 37.479386918371375,55.67655172265742,648.8415820782002 37.479704833602085,55.67655566068398,648.8415820782002 37.480022748911594,55.67655959788751,650.5518787090596 37.48034066429985,55.67656353426801,654.6498706524189 37.48065857976687,55.67656746982546,654.6498706524189 37.48097649531262,55.67657140455988,658.8098743145283 37.48129441093708,55.67657533847126,660.3834216778096 37.48161232664023,55.67657927155961,660.3834216778096 37.481930242422074,55.67658320382492,662.7471149151143 37.48224815828259,55.67658713526718,663.6088092510518 37.482566074221744,55.6765910658864,663.6088092510518 37.48288399023954,55.676594995682585,663.9077289287861 37.48320190633595,55.67659892465573,665.5907275860127 37.483519822510964,55.676602852805836,665.5907275860127 37.48383773876456,55.6766067801329,665.3973376934346 37.48415565509672,55.67661070663693,666.3371112530049 37.484473571507436,55.67661463231789,666.3371112530049 37.48479148799669,55.67661855717583,667.2926471416768 37.485109404564454,55.67662248121073,668.9382770244893 37.48542732121072,55.67662640442257,668.9382770244893 37.48574523793548,55.676630326811384,668.8761890117939 37.4860631547387,55.67663424837715,668.0857837383564 37.48638107162038,55.67663816911987,668.0857837383564 37.48669898858049,55.67664208903953,669.9051654522236 37.48701690561903,55.67664600813615,671.7977435772236 37.48733482273596,55.676649926409745,671.7977435772236 37.48765273993129,55.67665384386028,675.5976703350361 37.48797065720498,55.676657760487764,679.5980212871846 37.488288574557025,55.6766616762922,679.5980212871846 37.48860649198741,55.67666559127359,679.4606158916768 37.48892440949612,55.67666950543194,680.3021228496846 37.48924232708313,55.67667341876723,680.3021228496846 37.48956024474843,55.67667733127947,684.1046130840596 37.489878162492005,55.67668124296866,687.5088031475361 37.49019608031383,55.67668515383482,687.5088031475361 37.49051399821389,55.6766890638779,688.6254260723408 37.490831916192185,55.67669297309795,690.3941638653096 37.49114983424868,55.67669688149494,690.3941638653096 37.491467752383365,55.67670078906888,690.1872241680439 37.49178567059622,55.67670469581977,686.7535999004658 37.49210358888723,55.6767086017476,686.7535999004658 37.492421507256395,55.67671250685239,686.8882739727314 37.49273942570367,55.676716411134116,686.8164203350361 37.49305734422906,55.67672031459279,686.8164203350361 37.49337526283254,55.676724217228404,688.7731464092549 37.49369318151408,55.67672811904098,686.6172778789814 37.494011100273696,55.67673202003049,686.6172778789814 37.49432901911135,55.67673592019694,682.4569385235127 37.49464693802702,55.67673981954034,684.3631732647236 37.494964857020705,55.676743718060685,684.3631732647236 37.49528277609239,55.676747615757975,685.8338458721455 37.49560069524204,55.6767515126322,687.6731250469502 37.49591861446965,55.67675540868337,687.6731250469502 37.4962365337752,55.676759303911474,689.4621112530049 37.49655445315869,55.67676319831652,691.0325305645283 37.49687237262008,55.67676709189852,691.0325305645283 37.497190292159374,55.67677098465745,690.2844379131611 37.497508211776534,55.67677487659333,689.0793140117939 37.49782613147156,55.67677876770614,689.0793140117939 37.498144051244424,55.676782657995886,691.0653827373799 37.49846197109512,55.67678654746258,693.521712083083 37.49877989102363,55.67679043610621,693.521712083083 37.499097811029934,55.67679432392678,693.2304980938252 37.49941573111402,55.67679821092428,695.7555835430439 37.49973365127586,55.67680209709872,695.7555835430439 37.50005157151545,55.6768059824501,697.8781421367939 37.50036949183277,55.67680986697841,699.6396014873799 37.500687412227805,55.67681375068366,699.6396014873799 37.50100533270053,55.67681763356584,698.5154559795674 37.50132325325094,55.676821515624965,696.5531757061299 37.501641173879015,55.67682539686101,696.5531757061299 37.50195909458473,55.676829277273995,696.1094958965596 37.50227701536808,55.67683315686393,698.3127582256611 37.50259493622904,55.676837035630776,698.3127582256611 37.50291285716761,55.676840913574566,697.5310199444111 37.50323077818374,55.67684479069528,695.121809739333 37.50354869927746,55.676848666992925,695.121809739333 37.50386662044871,55.67685254246751,691.024397629958 37.5041845416975,55.676856417119026,688.8104846660908 37.5045024630238,55.67686029094746,688.8104846660908 37.5048203844276,55.67686416395282,687.9006488506611 37.50513830590889,55.67686803613514,687.1319720928486 37.50545622746765,55.676871907494366,687.1319720928486 37.50577414910384,55.67687577803053,686.2840564434346 37.50609207081748,55.67687964774361,684.4633472149189 37.50640999260853,55.67688351663362,684.4633472149189 37.50672791447698,55.676887384700564,684.2273090069111 37.50704583642282,55.67689125194443,684.0843799297627 37.507363758446026,55.67689511836523,684.0843799297627 37.507681680546575,55.67689898396295,683.5499103252705 37.50799960272447,55.6769028487376,684.1308276836689 37.508317524979674,55.676906712689174,684.1308276836689 37.50863544731219,55.67691057581768,686.0275104229268 37.50895336972198,55.6769144381231,686.848128098708 37.50927129220904,55.67691829960544,686.848128098708 37.50958921477336,55.67692216026471,681.5627582256611 37.509907137414906,55.67692602010091,681.9550311748799 37.51022506013368,55.67692987911402,681.9550311748799 37.51054298292966,55.67693373730406,683.1548755352314 37.510860905802815,55.676937594671024,682.2243182842549 37.511178828753145,55.67694145121491,682.2243182842549 37.51149675178064,55.6769453069357,682.0379169170674 37.51181467488526,55.67694916183343,678.8447711651143 37.512132598067,55.67695301590806,678.8447711651143 37.51245052132585,55.676956869159625,673.8160846416768 37.51276844466179,55.67696072158812,672.8076923076924 37.513086368074795,55.67696457319351,672.8076923076924 37.51340429156486,55.67696842397583,672.8076923076924 37.51372221513196,55.67697227393506,673.4936053936299 37.51404013877608,55.67697612307123,673.4936053936299 37.514358062497216,55.676979971384284,676.6632373516377 37.51467598629533,55.67698381887428,679.1466205303486 37.514993910170425,55.67698766554118,679.1466205303486 37.51531183412248,55.676991511385,681.3084552471455 37.51562975815147,55.676995356405726,683.8560626690205 37.51594768225738,55.67699920060338,683.8560626690205 37.5162656064402,55.67700304397793,685.7228992168721 37.516583530699904,55.67700688652942,685.4633929912861 37.516901455036496,55.677010728257805,685.4633929912861 37.517219379449934,55.67701456916311,686.5936725323018 37.517537303940216,55.67701840924533,690.7268665020283 37.51785522850732,55.677022248504464,690.7268665020283 37.518173153151245,55.677026086940515,694.0021045391377 37.51849107787195,55.67702992455346,696.0195453350361 37.518809002669435,55.677033761343324,696.0195453350361 37.51912692754369,55.677037597310104,698.9925830547627 37.51944485249467,55.677041432453784,698.5970447246846 37.51976277752238,55.67704526677437,698.5970447246846 37.52008070262681,55.67704910027188,695.8496082012471 37.52039862780792,55.67705293294629,694.5178821270283 37.52071655306572,55.67705676479761,694.5178821270283 37.521034478400175,55.67706059582585,696.3553607647236 37.521352403811264,55.67706442603098,698.3641956035908 37.521670329299,55.677068255413026,698.3641956035908 37.52198825486333,55.67707208397197,697.0701434795674 37.52230618050426,55.677075911707824,696.4839465801533 37.52262410622178,55.67707973862059,696.4839465801533 37.52294203201584,55.67708356471026,697.7413318340596 37.52325995788647,55.67708738997683,699.8502948467549 37.5235778838336,55.677091214420315,699.8502948467549 37.523895809857265,55.677095038040704,701.6083057110127 37.52421373595742,55.67709886083798,701.6284167949971 37.52453166213405,55.677102682812176,701.6284167949971 37.524849588387156,55.67710650396327,705.1416919414814 37.5251675147167,55.677110324291256,708.9558856670674 37.52548544112267,55.67711414379616,708.9558856670674 37.525803367605064,55.67711796247796,706.9343249981221 37.52612129416384,55.67712178033666,702.4076221172627 37.52643922079901,55.67712559737225,702.4076221172627 37.526757147510544,55.67712941358476,704.4488666240986 37.52707507429842,55.677133228974164,701.3939960186299 37.527393001162636,55.67713704354046,701.3939960186299 37.52771092810317,55.67714085728366,696.6291034405049 37.52802885511999,55.67714467020375,695.8467700664814 37.5283467822131,55.67714848230075,695.8467700664814 37.528664709382475,55.67715229357465,697.5531757061299 37.52898263662809,55.67715610402544,695.3633411114033 37.52930056394995,55.677159913653135,695.3633411114033 37.529618491348025,55.67716372245771,695.6850879375752 37.529936418822295,55.6771675304392,697.5893237774189 37.53025434637275,55.67717133759757,697.5893237774189 37.530572273999375,55.67717514393284,700.5348499004658 37.53089020170215,55.677178949445015,706.6898486797627 37.53120812948106,55.677182754134066,706.6898486797627 37.53152605733609,55.677186558000024,709.9146716778096 37.531843985267216,55.67719036104287,708.1933887188252 37.53216191327442,55.67719416326262,708.1933887188252 37.532479841357706,55.67719796465925,703.4961993877705 37.53279776951704,55.67720176523279,700.0330493633564 37.53311569775241,55.677205564983204,700.0330493633564 37.5334336260638,55.67720936391051,699.4474017803486 37.53375155445119,55.677213162014716,702.0735767071064 37.53406948291457,55.677216959295805,702.0735767071064 37.53438741145391,55.677220755753794,702.6991870586689 37.53470534006921,55.67722455138866,700.4342944805439 37.535023268760455,55.67722834620042,700.4342944805439 37.53534119752761,55.67723214018907,701.1006000225361 37.535659126370675,55.67723593335462,703.3485095684346 37.53597705528962,55.677239725697035,703.3485095684346 37.536294984284446,55.67724351721635,701.7407520000752 37.536612913355114,55.67724730791256,699.7592456524189 37.53693084250163,55.67725109778564,699.7592456524189 37.53724877172397,55.67725488683561,697.8942554180439 37.537566701022115,55.67725867506248,696.3497302715596 37.53788463039604,55.677262462466224,696.3497302715596 37.53820255984575,55.677266249046866,695.303450364333 37.53852048937121,55.677270034804366,693.7528217022236 37.538838418972404,55.67727381973877,693.7528217022236 37.53915634864933,55.67727760385006,691.2634418194111 37.539474278401954,55.67728138713823,693.3237598125752 37.539792208230274,55.67728516960327,693.3237598125752 37.54011013813427,55.67728895124521,694.7420642559346 37.54042806811392,55.67729273206403,694.2746722881611 37.540745998169214,55.67729651205972,694.2746722881611 37.541063928300126,55.6773002912323,694.7580859844502 37.541381858506654,55.677304069581766,693.6875140850361 37.54169978878877,55.6773078471081,693.6875140850361 37.54201771914646,55.67731162381133,692.2657153789814 37.54233564957971,55.677315399691416,692.3090350811299 37.5426535800885,55.67731917474839,692.3090350811299 37.542971510672814,55.67732294898225,696.3717944805439 37.54328944133265,55.677326722393,697.5402515117939 37.54360737206797,55.6773304949806,697.5402515117939 37.54392530287876,55.67733426674509,697.3086536114033 37.54424323376502,55.677338037686454,696.0691211407002 37.54456116472672,55.67734180780471,696.0691211407002 37.54487909576385,55.67734557709983,695.8240649883564 37.54519702687639,55.677349345571834,697.4501331035908 37.545514958064324,55.6773531132207,697.4501331035908 37.54583288932763,55.677356880046446,697.4760425274189 37.546150820666305,55.677360646049074,696.6403339092549 37.54646875208032,55.67736441122856,696.6403339092549 37.546786683569664,55.67736817558494,695.8682239239033 37.54710461513432,55.67737193911818,691.9511859600361 37.54742254677428,55.677375701828296,691.9511859600361 37.54774047848951,55.67737946371528,689.7305743877705 37.54805841028001,55.677383224779135,690.1841724102314 37.54837634214575,55.67738698501988,690.1841724102314 37.54869427408672,55.67739074443748,689.8713824932393 37.54901220610291,55.677394503031955,688.4336383526143 37.549330138194286,55.677398260803294,688.4336383526143 37.54964807036085,55.67740201775151,687.2992541973408 37.549966002602574,55.67740577387659,686.3635852520283 37.550283934919456,55.67740952917855,686.3635852520283 37.55060186731146,55.677413283657366,685.8845203106221 37.550919799778576,55.677417037313056,687.6083209698018 37.5512377323208,55.67742079014562,687.6083209698018 37.55155566493809,55.67742454215504,691.5585315410908 37.55187359763046,55.677428293341336,693.2515094463643 37.55219153039788,55.67743204370449,693.2515094463643 37.55250946324033,55.67743579324452,693.1108081524189 37.55282739615779,55.677439541961405,694.4629352276143 37.553145329150254,55.67744328985516,694.4629352276143 37.5534632622177,55.677447036925784,693.3665607158955 37.55378119536011,55.67745078317327,692.9657428448018 37.55409912857747,55.677454528597615,692.9657428448018 37.55441706186977,55.67745827319883,689.9489734356221 37.554734995236984,55.67746201697691,687.9613940899189 37.5550529286791,55.67746575993185,687.9613940899189 37.555370862196106,55.67746950206366,688.4046313946064 37.55568879578797,55.67747324337232,687.1075732891377 37.55600672945469,55.677476983857844,687.1075732891377 37.55632466319624,55.677480723520226,684.4535205547627 37.55664259701262,55.67748446235947,681.8628528301533 37.556960530903794,55.677488200375585,681.8628528301533 37.557278464869746,55.67749193756855,682.2359912578877 37.55759639891048,55.67749567393838,682.8862750713643 37.55791433302597,55.67749940948506,682.8862750713643 37.55823226721619,55.6775031442086,683.1981342022236 37.558550201481125,55.677506878109014,677.5224750225361 37.558868135820774,55.67751061118627,677.5224750225361 37.55918607023511,55.67751434344038,672.5842578594502 37.559504004724104,55.677518074871365,670.5925586407002 37.55982193928776,55.677521805479195,670.5925586407002 37.560139873926055,55.67752553526389,671.9696643535908 37.56045780863897,55.67752926422542,674.7438495342549 37.56077574342649,55.67753299236382,674.7438495342549 37.5610936782886,55.67753671967908,675.0833118145283 37.56141161322528,55.67754044617119,673.6432330791768 37.561729548236514,55.67754417184015,673.6432330791768 37.562047483322296,55.677547896685965,671.6042773907002 37.562365418482585,55.677551620708634,670.2119891826924 37.5626833537174,55.67755534390815,670.2119891826924 37.56300128902669,55.67755906628454,670.7348926250752 37.56331922441045,55.67756278783776,669.7145526592549 37.563637159868684,55.677566508567836,669.7145526592549 37.56395509540134,55.677570228474764,669.1899402324971 37.56427303100843,55.67757394755856,669.0793140117939 37.56459096668993,55.677577665819186,669.0793140117939 37.564908902445815,55.67758138325665,669.9614856426533 37.565226838276075,55.67758509987098,672.2102344219502 37.565544774180694,55.67758881566217,672.2102344219502 37.56586271015966,55.67759253063019,674.1374805157002 37.56618064621295,55.67759624477507,674.617659348708 37.56649858234055,55.67759995809679,674.617659348708 37.56681651854244,55.67760367059537,673.3209216778096 37.56713445481859,55.677607382270786,672.3720996563252 37.56745239116902,55.67761109312305,672.3720996563252 37.567770327593685,55.67761480315216,668.5116260235127 37.56808826409258,55.67761851235812,665.6337878887471 37.56840620066569,55.677622220740915,665.6337878887471 37.568724137312984,55.67762592830057,666.9073627178486 37.569042074034456,55.677629635037064,667.2745807354268 37.5693600108301,55.67763334095039,667.2745807354268 37.56967794769988,55.67763704604057,669.1204364483174 37.56999588464379,55.677640750307596,670.7386157696064 37.570313821661806,55.67764445375147,670.7386157696064 37.57063175875392,55.67764815637218,667.6220691387471 37.57094969592011,55.67765185816973,665.8319080059346 37.57126763316037,55.677655559144114,665.8319080059346 37.571585570474674,55.67765925929535,666.9436938946064 37.571903507863006,55.67766295862342,667.9322498028096 37.57222144532535,55.677666657128334,667.9322498028096 37.572539382861684,55.67767035481009,671.7679889385518 37.572857320472,55.67767405166868,671.1233966533955 37.57317525815629,55.677677747704124,671.1233966533955 37.57349319591452,55.677681442916395,669.3309467022236 37.57381113374668,55.6776851373055,669.006819504958 37.574129071652756,55.67768883087145,669.006819504958 37.57444700963273,55.67769252361423,669.3346240703877 37.57476494768658,55.67769621553386,668.2709949199971 37.575082885814304,55.677699906630316,668.2709949199971 37.57540082401587,55.677703596903605,669.1424548809346 37.57571876229127,55.677707286353744,671.7447345440205 37.57603670064048,55.67771097498072,671.7447345440205 37.576354639063496,55.67771466278452,671.1257465069111 37.576672577560295,55.677718349765144,673.9403979961689 37.576990516130856,55.677722035922635,673.9403979961689 37.57730845477517,55.677725721256934,676.0172259990986 37.57762639349321,55.67772940576807,676.6690509502705 37.57794433228497,55.677733089456034,676.6690509502705 37.578262271150436,55.67773677232084,677.6401508037861 37.578580210089584,55.67774045436248,679.6847064678486 37.57889814910239,55.67774413558095,679.6847064678486 37.579216088188865,55.67774781597625,681.1953876201924 37.57953402734896,55.67775149554838,678.6489856426533 37.57985196658268,55.67775517429734,678.6489856426533 37.580169905889996,55.677758852223135,676.1493518535908 37.58048784527091,55.67776252932575,674.9501331035908 37.58080578472538,55.6777662056052,674.9501331035908 37.5811237242534,55.67776988106149,672.5206592266377 37.58144166385496,55.677773555694586,668.7092731182393 37.581759603530045,55.67777722950452,668.7092731182393 37.58207754327863,55.67778090249129,667.2276904766377 37.5823954831007,55.677784574654886,669.9954669658955 37.582713422996235,55.677788245995295,669.9954669658955 37.58303136296523,55.67779191651254,672.0594165508564 37.58334930300766,55.67779558620661,673.6861713115986 37.583667243123514,55.677799255077495,673.6861713115986 37.58398518331277,55.67780292312522,673.3112781231221 37.58430312357541,55.67780659034977,673.5509631817158 37.58462106391143,55.67781025675114,673.5509631817158 37.5849390043208,55.677813922329335,675.8334033672627 37.585256944803504,55.677817587084355,677.1768481914814 37.585574885359534,55.6778212510162,677.1768481914814 37.58589282598887,55.677824914124855,672.8202197735127 37.586210766691494,55.67782857641034,665.6020953838643 37.586528707467394,55.67783223787265,665.6020953838643 37.58684664831655,55.67783589851178,666.8763721172627 37.58716458923894,55.677839558327726,672.6246326153096 37.58748253023456,55.67784321732049,672.6246326153096 37.58780047130338,55.67784687549008,677.7326190655049 37.5881184124454,55.6778505328365,678.7693774883564 37.58843635366058,55.67785418935973,678.7693774883564 37.588754294948934,55.677857845059776,676.9680926983174 37.58907223631042,55.67786149993664,673.3101947490986 37.58939017774503,55.67786515399034,673.3101947490986 37.589708119252755,55.67786880722084,671.1402118389424 37.590026060833566,55.677872459628155,665.4405963604268 37.59034400248745,55.6778761112123,665.4405963604268 37.590661944214396,55.677879761973244,659.3586566631611 37.59097988601438,55.677883411911026,659.1460864727314 37.591297827887395,55.677887061025615,659.1460864727314 37.591615769833425,55.67789070931702,662.4014423076924 37.591933711852434,55.67789435678524,664.9208514873799 37.59225165394443,55.67789800343027,664.9208514873799 37.592569596109385,55.677901649252114,664.2629382793721 37.592887538347284,55.67790529425077,662.6537463848408 37.593205480658106,55.677908938426256,662.6537463848408 37.59352342304184,55.67791258177853,659.1562793438252 37.59384136549847,55.67791622430764,656.9420764629658 37.594159308027976,55.677919866013546,656.9420764629658 37.59447725063035,55.67792350689628,660.3458240215596 37.594795193305565,55.6779271469558,664.9522388164814 37.595113136053605,55.67793078619215,664.9522388164814 37.59543107887446,55.677934424605304,670.4256122295674 37.59574902176811,55.67793806219527,668.9319598858174 37.59606696473454,55.677941698962044,668.9319598858174 37.59638490777373,55.67794533490563,666.9139545147236 37.59670285088567,55.67794897002603,663.4571826641377 37.59702079407034,55.67795260432324,663.4571826641377 37.597338737327725,55.67795623779724,661.4857013408955 37.5976566806578,55.677959870448056,659.1272723858174 37.59797462406056,55.67796350227569,659.1272723858174 37.598292567535985,55.67796713328012,659.3627002422627 37.59861051108406,55.677970763461346,664.3993823711689 37.598928454704755,55.67797439281941,664.3993823711689 37.59924639839808,55.677978021354264,662.6920917217549 37.599564342163994,55.67798164906591,662.0655811016377 37.59988228600249,55.67798527595436,662.0655811016377 37.60020022991355,55.677988902019635,663.6136005108174 37.60051817389716,55.6779925272617,663.796614426833 37.60083611795331,55.677996151680574,663.796614426833 37.60115406208197,55.677999775276255,663.4370868389424 37.601472006283124,55.67800339804874,661.1241138164814 37.60178995055677,55.67800701999801,661.1241138164814 37.60210789490288,55.6780106411241,657.2094104473408 37.60242583932144,55.67801426142698,652.4345233623799 37.60274378381243,55.67801788090667,652.4345233623799 37.60306172837584,55.67802149956316,651.6125781719502 37.60337967301165,55.678025117396444,649.9780261699971 37.60369761771985,55.67802873440654,649.9780261699971 37.604015562500415,55.67803235059341,653.0282733623799 37.60433350735333,55.67803596595711,655.1477344219502 37.60465145227858,55.67803958049759,655.1477344219502 37.60496939727615,55.67804319421487,655.6970813457783 37.605287342346024,55.67804680710896,654.7211597149189 37.605605287488174,55.67805041917983,654.7211597149189 37.60592323270261,55.67805403042751,654.3630664532002 37.60624117798929,55.67805764085199,653.3101184551533 37.606559123348205,55.678061250453254,653.3101184551533 37.60687706877933,55.67806485923133,650.7583453838643 37.60719501428268,55.67806846718618,650.0596301739033 37.607512959858205,55.67807207431784,650.0596301739033 37.6078309055059,55.6780756806263,652.4272601787861 37.60814885122575,55.67807928611154,648.1263110821064 37.60846679701774,55.678082890773574,648.1263110821064 37.608784742881845,55.67808649461241,647.6753528301533 37.60910268881806,55.678090097628036,649.2241504375752 37.609420634826364,55.67809369982046,649.2241504375752 37.60973858090674,55.678097301189666,645.9687183086689 37.61005652705918,55.67810090173566,640.3997180645283 37.61037447328365,55.67810450145846,640.3997180645283 37.61069241958014,55.67810810035805,638.4431903545674 37.61101036594864,55.67811169843442,638.5875537578877 37.61101673290101,55.67793204291584,636.7785785381611 37.61102309978139,55.67775238739149,637.8140704815205 37.61102946658979,55.677572731861375,637.8140704815205 37.6110358333262,55.67739307632546,637.6325977032002 37.611042199990635,55.677213420783765,634.2301624004658 37.61104856658307,55.67703376523631,634.2301624004658 37.61105493310353,55.67685410968308,635.0963733379658 37.61106129955201,55.67667445412407,639.2620990459736 37.61106766592851,55.676494798559276,639.2620990459736 37.61107403223303,55.6763151429887,642.5044849102314 37.61108039846556,55.676135487412374,646.6387927715596 37.61108676462613,55.67595583183025,646.6387927715596 37.611093130714714,55.67577617624236,650.8613574688252 37.61109949673132,55.67559652064869,652.9886768047627 37.611105862675956,55.67541686504926,652.9886768047627 37.61111222854862,55.67523720944403,655.046370286208 37.611118594349314,55.67505755383302,655.9293048565205 37.61112496007803,55.67487789821625,655.9293048565205 37.61080703992011,55.6748743005734,657.1500690166768 37.610489119834185,55.67487070210743,657.0492236797627 37.61017119982026,55.674867102818354,657.0492236797627 37.609853279878344,55.67486350270617,654.3991077129658 37.60953536000847,55.67485990177088,647.7619922344502 37.60921744021066,55.674856300012465,647.7619922344502 37.6088995204849,55.67485269743096,640.9395435039814 37.60858160083123,55.674849094026335,636.4577777569111 37.60826368124967,55.67484548979861,636.4577777569111 37.60794576174022,55.67484188474777,635.821760911208 37.607627842302904,55.674838278873835,635.5994403545674 37.60730992293773,55.67483467217678,635.5994403545674 37.606992003644734,55.67483106465664,635.4122455303486 37.60667408442392,55.674827456313366,640.5623157207783 37.60635616527531,55.67482384714702,640.5623157207783 37.60603824619891,55.67482023715755,646.0955798809346 37.60572032719474,55.67481662634498,645.5804279033955 37.605402408262826,55.6748130147093,645.5804279033955 37.605084489403175,55.674809402250524,644.0213763897236 37.6047665706158,55.67480578896864,643.0739734356221 37.60444865190073,55.674802174863665,643.0739734356221 37.604130733257975,55.67479855993557,642.6210010235127 37.60381281468755,55.674794944184384,644.3999774639424 37.603494896189474,55.674791327610095,644.3999774639424 37.603176977763766,55.67478771021271,647.2142474834736 37.60285905941043,55.67478409199221,647.9506213848408 37.6025411411295,55.674780472948626,647.9506213848408 37.602223222920976,55.67477685308194,652.1376178448018 37.601905304784886,55.674773232392155,655.5395190899189 37.601587386721235,55.67476961087926,655.5395190899189 37.60126946873005,55.67476598854327,655.6637256328877 37.60095155081136,55.67476236538419,658.0502460186299 37.60063363296515,55.674758741402,658.0502460186299 37.600315715191456,55.67475511659673,658.881331223708 37.599997797490296,55.674751490968355,661.5531451885518 37.59967987986167,55.674747864516874,661.5531451885518 37.59936196230561,55.6747442372423,665.7725818340596 37.599044044822136,55.67474060914464,667.1815784160908 37.59872612741125,55.674736980223884,667.1815784160908 37.59840821007297,55.67473335048003,666.7780902569111 37.59809029280732,55.67472971991308,662.8778217022236 37.59777237561432,55.67472608852304,662.8778217022236 37.59745445849398,55.6747224563099,664.9764239971455 37.59713654144631,55.674718823273665,667.5053699199971 37.59681862447134,55.67471518941434,667.5053699199971 37.59650070756907,55.674711554731935,669.1337421123799 37.59618279073954,55.67470791922642,670.3096606914814 37.59586487398274,55.67470428289782,670.3096606914814 37.5955469572987,55.67470064574614,668.5108783428486 37.59522904068744,55.67469700777136,668.2735736553486 37.59491112414898,55.67469336897348,668.2735736553486 37.59459320768332,55.67468972935252,671.2037646953877 37.59427529129047,55.67468608890848,672.0804279033955 37.593957374970486,55.67468244764134,672.0804279033955 37.593639458723345,55.67467880555111,672.5600116436299 37.59332154254908,55.67467516263778,672.0879657451924 37.59300362644771,55.67467151890139,672.0879657451924 37.59268571041925,55.67466787434189,668.6489551250752 37.592367794463705,55.674664228959315,666.8657520000752 37.5920498785811,55.67466058275364,666.8657520000752 37.591731962771455,55.67465693572489,666.0597522442158 37.591414047034775,55.674653287873056,666.5360248272236 37.59109613137109,55.67464963919814,666.5360248272236 37.59077821578042,55.674645989700124,665.9878528301533 37.59046030026276,55.674642339379034,663.6730334942158 37.59014238481814,55.67463868823485,663.6730334942158 37.589824469446576,55.67463503626759,666.4864947979268 37.58950655414809,55.674631383477255,672.5309741680439 37.589188638922685,55.67462772986382,672.5309741680439 37.588870723770384,55.67462407542731,677.9611957256611 37.588552808691205,55.67462042016771,678.0518481914814 37.58823489368517,55.67461676408504,678.0518481914814 37.587916978752276,55.67461310717929,675.6289966289814 37.58759906389256,55.67460944945044,673.8150928203877 37.587281149106026,55.67460579089854,673.8150928203877 37.5869632343927,55.674602131523535,672.1700732891377 37.586645319752584,55.674598471325446,670.0097034160908 37.58632740518571,55.6745948103043,670.0097034160908 37.58600949069209,55.67459114846007,668.3434283916768 37.58569157627174,55.67458748579274,666.3358295147236 37.58537366192467,55.67458382230236,666.3358295147236 37.585055747650905,55.674580157988885,667.7043445293721 37.58473783345046,55.67457649285234,671.6061084453877 37.584419919323345,55.674572826892714,671.6061084453877 37.584102005269585,55.67456916011001,671.3104083721455 37.58378409128919,55.67456549250423,671.882063645583 37.58346617738218,55.674561824075376,671.882063645583 37.583148263548566,55.67455815482346,673.1893603985127 37.582830349788374,55.674554484748455,670.6097247783955 37.58251243610162,55.67455081385037,670.6097247783955 37.58219452248831,55.67454714212922,667.7976825420674 37.581876608948455,55.67454346958499,666.2241656963643 37.581558695482094,55.6745397962177,666.2241656963643 37.58124078208923,55.67453612202732,668.2369983379658 37.58092286876988,55.674532447013874,668.103499192458 37.580604955524066,55.674528771177364,668.103499192458 37.5802870423518,55.67452509451778,668.3797900860127 37.579969129253094,55.67452141703512,670.2253406231221 37.57965121622797,55.674517738729385,670.2253406231221 37.57933330327645,55.67451405960058,672.6626270000752 37.57901539039853,55.674510379648716,672.6748950664814 37.57869747759426,55.67450669887378,672.6748950664814 37.578379564863624,55.674503017275775,672.9162128155049 37.57806165220665,55.674499334854694,673.8831317608174 37.577743739623365,55.674495651610556,673.8831317608174 37.577425827113764,55.67449196754333,673.3294513408955 37.57710791467789,55.674488282653044,674.3525989239033 37.57679000231574,55.674484596939706,674.3525989239033 37.57647209002733,55.67448091040328,676.3264148418721 37.57615417781269,55.67447722304381,680.0011279766377 37.57583626567182,55.674473534861264,680.0011279766377 37.57551835360475,55.674469845855654,681.053694504958 37.575200441611486,55.674466156026966,679.9627216045674 37.574882529692054,55.67446246537523,679.9627216045674 37.57456461784646,55.674458773900426,679.8500507061299 37.57424670607474,55.67445508160255,679.4979541485127 37.57392879437689,55.67445138848162,679.4979541485127 37.57361088275294,55.674447694537626,677.6544177715596 37.57329297120289,55.67444399977057,675.1472613994893 37.57297505972677,55.67444030418044,675.1472613994893 37.57265714832459,55.67443660776726,673.4384753887471 37.57233923699637,55.67443291053101,672.6733386699971 37.57202132574213,55.674429212471715,672.6733386699971 37.57170341456188,55.67442551358934,676.849104661208 37.57138550345564,55.674421813883924,678.9239185039814 37.57106759242342,55.67441811335543,678.9239185039814 37.570749681465244,55.6744144120039,679.9628284160908 37.57043177058113,55.67441070982929,682.0931689922627 37.57011385977109,55.67440700683162,682.0931689922627 37.56979594903514,55.674403303010905,684.8773944561299 37.5694780383733,55.67439959836713,682.301497239333 37.56916012778557,55.6743958929003,682.301497239333 37.568842217272,55.674392186610405,675.1727435772236 37.56852430683257,55.67438847949745,672.8479907696064 37.56820639646732,55.67438477156145,672.8479907696064 37.56788848617626,55.6743810628024,670.8574969951924 37.56757057595941,55.67437735322028,671.1852252666768 37.567252665816774,55.67437364281511,671.1852252666768 37.566934755748385,55.674369931586895,676.6463916485127 37.56661684575424,55.674366219535614,680.5108630840596 37.566298935834375,55.674362506661275,680.5108630840596 37.5659810259888,55.6743587929639,680.4066913311299 37.56566311621752,55.674355078443455,682.9560229961689 37.565345206520576,55.674351363099966,682.9560229961689 37.56502729689796,55.67434764693344,685.8265216533955 37.564709387349694,55.674343929943845,686.4724109356221 37.56439147787581,55.67434021213119,686.4724109356221 37.5640735684763,55.6743364934955,685.5586688701924 37.563755659151205,55.67433277403676,684.7913654033955 37.56343774990052,55.67432905375497,684.7913654033955 37.563119840724276,55.67432533265012,684.7039630596455 37.56280193162249,55.674321610722224,685.6893451397236 37.562484022595164,55.67431788797129,685.6893451397236 37.56216611364233,55.67431416439731,686.9131610576924 37.56184820476399,55.67431044000027,689.4451739971455 37.561530295960175,55.67430671478019,689.4451739971455 37.56121238723089,55.674302988737054,689.9403217022236 37.56089447857616,55.674299261870885,690.7529285137471 37.560576569995995,55.67429553418165,690.7529285137471 37.560258661490415,55.67429180566939,691.8402698223408 37.559940753059436,55.67428807633408,691.2895190899189 37.55962284470308,55.674284346175725,691.2895190899189 37.55930493642135,55.67428061519432,690.8909137432393 37.55898702821427,55.67427688338987,692.4591205303486 37.55866912008186,55.67427315076238,692.4591205303486 37.558351212024135,55.674269417311855,696.4447925274189 37.558033304041096,55.674265683038286,696.6286609356221 37.557715396132785,55.67426194794166,696.6286609356221 37.5573974882992,55.674258212022,702.1667926494893 37.55707958054037,55.67425447527929,702.4542224590596 37.556761672856304,55.674250737713564,702.4542224590596 37.55644376524702,55.67424699932478,703.2423846905049 37.55612585771252,55.67424326011295,704.9021594707783 37.55580795025285,55.67423952007809,704.9021594707783 37.55549004286801,55.67423577922019,704.5481097881611 37.55517213555801,55.674232037539255,701.8553912823018 37.554854228322874,55.67422829503527,701.8553912823018 37.55453632116262,55.67422455170825,701.3439319317158 37.55421841407726,55.6742208075582,703.5668323223408 37.55390050706682,55.67421706258511,703.5668323223408 37.55358260013131,55.67421331678898,705.4771716778096 37.55326469327074,55.674209570169815,703.656721848708 37.55294678648513,55.67420582272761,703.656721848708 37.5526288797745,55.67420207446238,700.1600940410908 37.55231097313887,55.6741983253741,699.5120532696064 37.551993066578255,55.6741945754628,699.5120532696064 37.55167516009266,55.674190824728456,698.9494922344502 37.55135725368211,55.67418707317108,697.1595142071064 37.551039347346624,55.67418332079068,697.1595142071064 37.55072144108622,55.674179567587245,698.9914844219502 37.5504035349009,55.674175813560765,702.7655322735127 37.5500856287907,55.67417205871126,702.7655322735127 37.54976772275562,55.67416830303872,703.1483752910908 37.54944981679568,55.67416454654314,702.5302417461689 37.5491319109109,55.674160789224544,702.5302417461689 37.5488140051013,55.67415703108292,702.9219043438252 37.54849609936689,55.674153272118254,708.7742297832783 37.5481781937077,55.674149512330565,708.7742297832783 37.54786028812372,55.67414575171984,710.4324481670674 37.547542382615,55.67414199028609,707.2277820293721 37.54722447718152,55.674138228029314,707.2277820293721 37.54690657182332,55.674134464949525,703.1489246074971 37.546588666540416,55.67413070104668,702.7137439434346 37.54627076133282,55.674126936320825,702.7137439434346 37.54595285620054,55.67412317077192,702.9482410137471 37.545634951143604,55.67411940440002,701.286848801833 37.545317046162026,55.67411563720508,701.286848801833 37.54499914125582,55.67411186918711,699.9915759746846 37.544681236425006,55.674108100346125,698.9200580303486 37.544363331669594,55.67410433068211,698.9200580303486 37.544045426989605,55.67410056019508,699.8713824932393 37.54372752238506,55.67409678888501,701.3668048565205 37.54340961785597,55.674093016751925,701.3668048565205 37.54309171340235,55.67408924379581,698.4743182842549 37.54277380902422,55.67408547001669,697.9219806377705 37.54245590472159,55.674081695414536,697.9219806377705 37.54213800049449,55.67407791998935,697.328840989333 37.54182009634292,55.67407414374116,694.589583176833 37.5415021922669,55.67407036666994,694.589583176833 37.54118428826646,55.67406658877571,693.9052875225361 37.5408663843416,55.674062810058444,700.1276385967549 37.54054848049235,55.674059030518166,700.1276385967549 37.54023057671871,55.67405525015487,707.3463580791768 37.53991267302072,55.67405146896856,709.3514850323018 37.53959476939838,55.67404768695922,709.3514850323018 37.5392768658517,55.67404390412686,710.4249255840596 37.53895896238072,55.674040120471496,705.8092029278096 37.53864105898543,55.674036335993115,705.8092029278096 37.53832315566586,55.674032550691706,703.8729541485127 37.538005252422025,55.67402876456729,703.9740894024189 37.53768734925394,55.67402497761986,703.9740894024189 37.53736944616163,55.674021189849405,704.9120776836689 37.537051543145104,55.67401740125594,705.7312610332783 37.536733640204375,55.67401361183946,705.7312610332783 37.53641573733947,55.674009821599974,709.5176379864033 37.53609783455038,55.67400603053745,707.9598834698018 37.535779931837155,55.67400223865193,707.9598834698018 37.5354620291998,55.673998445943404,704.7182300274189 37.535144126638315,55.67399465241186,703.0639331524189 37.53482622415274,55.6739908580573,703.0639331524189 37.53450832174308,55.673987062879725,702.0503070537861 37.53419041940935,55.67398326687914,700.0177600567158 37.533872517151565,55.67397947005555,700.0177600567158 37.53355461496975,55.67397567240894,699.1554401104268 37.53323671286391,55.67397187393934,699.4432971660908 37.532918810834076,55.67396807464671,699.4432971660908 37.532600908880255,55.67396427453109,699.6861102764424 37.53228300700246,55.67396047359245,698.2368915264424 37.531965105200726,55.673956671830794,698.2368915264424 37.531647203475046,55.673952869246136,699.7236011211689 37.531329301825444,55.67394906583848,701.3854053203877 37.53101140025194,55.67394526160781,701.3854053203877 37.530693498754545,55.67394145655413,703.6008594219502 37.53037559733328,55.673937650677445,702.3600757305439 37.53005769598817,55.673933843977764,702.3600757305439 37.52973979471922,55.67393003645506,701.0675952617939 37.52942189352645,55.67392622810937,696.5962970440205 37.529103992409865,55.67392241894067,696.5962970440205 37.528786091369504,55.673918608948966,693.1982715313252 37.52846819040536,55.67391479813425,696.1663043682393 37.52815028951747,55.67391098649653,696.1663043682393 37.52783238870584,55.673907174035826,702.2259509746846 37.52751448797048,55.673903360752114,701.4111774151143 37.52719658731142,55.67389954664538,701.4111774151143 37.52687868672867,55.67389573171566,702.3063953106221 37.52656078622224,55.67389191596295,703.1736285869893 37.52624288579217,55.67388809938722,703.1736285869893 37.52592498543845,55.67388428198849,698.3802020733174 37.525607085161106,55.67388046376677,692.5497729961689 37.52528918496015,55.67387664472205,692.5497729961689 37.52497128483561,55.67387282485433,690.5899188701924 37.52465338478749,55.67386900416362,690.0359943096455 37.524335484815815,55.673865182649884,690.0359943096455 37.52401758492059,55.673861360313175,689.7689197246846 37.52369968510185,55.67385753715347,689.6576373760518 37.523381785359604,55.673853713170764,689.6576373760518 37.52306388569386,55.673849888365055,691.2042682354268 37.52274598610464,55.67384606273636,694.5418994610127 37.52242808659196,55.673842236284656,694.5418994610127 37.52211018715584,55.67383840900996,693.6614673321064 37.52179228779629,55.67383458091228,690.5493762676533 37.52147438851333,55.6738307519916,690.5493762676533 37.52115648930698,55.67382692224793,687.5866687481221 37.52083859017725,55.67382309168126,686.4167468731221 37.52052069112416,55.6738192602916,686.4167468731221 37.52020279214773,55.673815428078946,686.0450275127705 37.51988489324796,55.673811595043304,686.0962207500752 37.519566994424885,55.67380776118466,686.0962207500752 37.51924909567852,55.67380392650304,689.0319812481221 37.518931197008875,55.67380009099842,687.6896503155049 37.518613298415964,55.67379625467081,687.6896503155049 37.518295399899806,55.67379241752022,685.862532395583 37.51797750146042,55.673788579546624,683.700423020583 37.51765960309782,55.67378474075006,683.700423020583 37.517341704812026,55.67378090113049,685.0258319561299 37.517023806603056,55.67377706068793,689.7885425274189 37.51670590847092,55.673773219422394,689.7885425274189 37.51638801041563,55.67376937733386,690.6711108867939 37.51607011243721,55.673765534422344,689.8447864239033 37.51575221453568,55.67376169068785,689.8447864239033 37.51543431671105,55.67375784613036,690.7991626446064 37.515116418963345,55.673754000749895,692.1124255840596 37.514798521292576,55.673750154546426,692.1124255840596 37.51448062369875,55.673746307519984,692.1607501690205 37.514162726181894,55.67374245967055,696.1470630352314 37.51384482874202,55.67373861099815,696.1470630352314 37.513526931379154,55.67373476150275,696.9189136211689 37.5132090340933,55.67373091118438,696.782942551833 37.512891136884484,55.67372706004301,696.782942551833 37.51257323975272,55.67372320807868,694.7559192364033 37.51225534269801,55.67371935529135,695.7664783184346 37.5119374457204,55.673715501681045,695.7664783184346 37.51161954881987,55.67371164724775,698.6058948223408 37.51130165199647,55.67370779199148,697.7187488262471 37.5109837552502,55.673703935912236,697.7187488262471 37.51066585858108,55.67370007901001,694.0682208721455 37.51034796198912,55.67369622128481,692.0279987041768 37.510030065474346,55.673692362736624,692.0279987041768 37.50971216903677,55.67368850336546,693.4580371563252 37.5093942726764,55.67368464317131,696.4349963848408 37.509076376393274,55.6736807821542,696.4349963848408 37.50875848018739,55.67367692031411,697.4317004864033 37.50844058405876,55.67367305765103,696.2696521465596 37.508122688007425,55.67366919416499,696.2696521465596 37.50780479203338,55.67366532985596,697.5746753399189 37.507486896136655,55.673661464723956,696.7937305157002 37.50716900031725,55.673657598769,696.7937305157002 37.50685110457519,55.67365373199104,695.7022082989033 37.5065332089105,55.67364986439012,697.0193469707783 37.50621531332319,55.67364599596623,697.0193469707783 37.50589741781327,55.67364212671936,698.4811542217549 37.50557952238076,55.67363825664952,698.1559741680439 37.50526162702568,55.6736343857567,698.1559741680439 37.50494373174805,55.673630514040916,693.2352130596455 37.50462583654788,55.67362664150216,690.4765918438252 37.50430794142518,55.67362276814043,690.4765918438252 37.50399004637998,55.673618893955734,689.9220111553486 37.50367215141229,55.673615018948055,689.0699603740986 37.50335425652212,55.67361114311743,689.0699603740986 37.503036361709505,55.67360726646382,688.6032245342549 37.50271846697444,55.673603388987246,686.7578113262471 37.502400572316965,55.673599510687694,686.7578113262471 37.502082677737064,55.67359563156518,683.732893723708 37.50176478323478,55.6735917516197,684.3443744365986 37.50144688881013,55.67358787085126,684.3443744365986 37.50112899446311,55.67358398925984,684.2061450664814 37.50081110019375,55.67358010684546,682.6368243877705 37.50049320600207,55.673576223608116,682.6368243877705 37.50017531188807,55.6735723395478,682.0916736309346 37.49985741785179,55.67356845466453,686.9453876201924 37.49953952389323,55.673564568958284,686.9453876201924 37.499221630012414,55.673560682429084,686.5770709698018 37.49890373620935,55.67355679507692,683.8469989483174 37.49858584248406,55.67355290690178,683.8469989483174 37.49826794883656,55.67354901790369,683.0142047588643 37.49795005526687,55.67354512808264,688.4686725323018 37.497632161774995,55.67354123743862,688.4686725323018 37.49731426836097,55.67353734597163,689.308089036208 37.49699637502479,55.673533453681685,686.6738727276143 37.49667848176649,55.67352956056879,686.6738727276143 37.49636058858607,55.673525666632926,688.4535663311299 37.49604269548357,55.67352177187411,688.9054858867939 37.49572480245897,55.67351787629233,688.9054858867939 37.495406909512326,55.67351397988759,689.5236499492939 37.495089016643625,55.673510082659895,686.1305682842549 37.4947711238529,55.67350618460924,686.1305682842549 37.49445323114016,55.67350228573562,683.3014819805439 37.49413533850542,55.67349838603906,679.4986560528096 37.49381744594871,55.67349448551953,679.4986560528096 37.49349955347002,55.67349058417705,679.5195300762471 37.4931816610694,55.67348668201161,679.5399463360127 37.49286376874685,55.67348277902321,679.5399463360127 37.492545876502376,55.67347887521186,677.9876239483174 37.492227984336004,55.673474970577566,679.1138751690205 37.49191009224775,55.6734710651203,679.1138751690205 37.49159220023763,55.67346715884008,679.1985767071064 37.49127430830567,55.67346325173693,682.6015308086689 37.49095641645187,55.67345934381081,682.6015308086689 37.49063852467626,55.67345543506174,686.1460101787861 37.49032063297885,55.673451525489725,688.8594196026143 37.49000274135965,55.67344761509475,688.8594196026143 37.489684849818694,55.673443703876835,685.9517963115986 37.48936695835599,55.67343979183595,683.7638538067158 37.48904906697154,55.67343587897213,683.7638538067158 37.48873117566538,55.67343196528535,680.7798907940205 37.48841328443751,55.67342805077563,677.1952502910908 37.48809539328796,55.67342413544296,677.1952502910908 37.48777750221676,55.67342021928734,673.6287982647236 37.48745961122389,55.67341630230876,671.9227130596455 37.48714172030939,55.67341238450725,671.9227130596455 37.48682382947327,55.67340846588279,669.446760911208 37.48650593871555,55.67340454643537,668.0857837383564 37.48618804803624,55.673400626165034,668.0857837383564 37.485870157435365,55.67339670507172,674.1829059307393 37.48555226691294,55.673392783155464,673.7209155742939 37.48523437646897,55.67338886041628,673.7209155742939 37.484916486103494,55.67338493685414,669.167464036208 37.48459859581651,55.67338101246906,665.9926440899189 37.48428070560803,55.67337708726103,665.9926440899189 37.48396281547809,55.67337316123008,664.2883746807393 37.48364492542668,55.67336923437617,664.2060687725361 37.48332703545385,55.6733653066993,664.2060687725361 37.483009145559585,55.67336137819952,663.2769153301533 37.48269125574392,55.67335744887678,661.6827228252705 37.482373366006875,55.673353518731105,661.6827228252705 37.48205547634845,55.67334958776249,660.1020648662861 37.48173758676867,55.673345655970934,661.502180833083 37.481419697267555,55.67334172335644,661.502180833083 37.481101807845114,55.673337789918996,660.3239886944111 37.480783918501366,55.67333385565863,660.0081165020283 37.480466029236325,55.67332992057532,660.0081165020283 37.48014814005002,55.673325984669056,661.9529102032002 37.479830250942456,55.67332204793987,662.9987018291768 37.47951236191364,55.67331811038776,662.9987018291768 37.47919447296362,55.67331417201269,662.093977708083 37.478876584092376,55.67331023281469,662.8252704326924 37.478558695299945,55.67330629279376,662.8252704326924 37.47824080658634,55.67330235194989,664.3744800274189 37.477922917951574,55.67329841028309,665.7296588604268 37.477605029395676,55.67329446779334,665.7296588604268 37.47728714091865,55.67329052448069,667.1638782207783 37.476969252520504,55.67328658034507,667.1961200420674 37.476651364201274,55.67328263538654,667.1961200420674 37.47633347596097,55.67327868960508,668.232161301833 37.4760155877996,55.67327474300066,668.7383105938252 37.47569769971719,55.67327079557332,668.7383105938252 37.47537981171376,55.67326684732306,668.408186692458 37.475061923789305,55.673262898249874,670.8639819805439 37.474744035943864,55.67325894835374,670.8639819805439 37.47442614817745,55.67325499763469,673.3714893047627 37.47410826049007,55.673251046092695,675.9017627422627 37.47379037288174,55.67324709372779,675.9017627422627 37.47347248535249,55.673243140539945,678.1874377910908 37.47315459790232,55.673239186529166,678.6622150127705 37.47283671053126,55.67323523169546,678.6622150127705 37.47251882323933,55.67323127603885,674.8832690899189 37.472200936026525,55.67322731955928,674.0025775615986 37.47188304889288,55.673223362256806,674.0025775615986 37.4715651618384,55.67321940413141,675.3199298565205 37.47124727486312,55.673215445183075,674.3380267803486 37.470929387967026,55.6732114854118,674.3380267803486 37.47061150115016,55.67320752481763,673.200911301833 37.470293614412526,55.67320356340052,672.4948871319111 37.469975727754154,55.67319960116049,672.4948871319111 37.46965784117504,55.67319563809753,672.6642139141377 37.46933995467522,55.673191674211665,673.1525409405049 37.469022068254695,55.67318770950287,673.1525409405049 37.468704181913495,55.673183743971144,672.4786670391377 37.46838629565163,55.673179777616504,671.7818286602314 37.46806840946911,55.67317581043895,671.7818286602314 37.46775052336596,55.67317184243846,671.7615955059346 37.46743263734219,55.67316787361506,671.3672473614033 37.46711475139783,55.67316390396873,671.3672473614033 37.466796865532885,55.67315993349949,671.3331439678486 37.466478979747365,55.67315596220733,670.5812976543721 37.466161094041304,55.673151990092244,670.5812976543721 37.465843208414704,55.67314801715425,669.4917438213643 37.46552532286759,55.67314404339332,670.8534228985127 37.46520743739997,55.673140068809495,670.8534228985127 37.46488955201187,55.673136093402746,671.2951953594502 37.46457166670331,55.67313211717308,671.9601428692158 37.464253781474284,55.673128140120504,671.9601428692158 37.46393589632483,55.673124162244996,671.2331988994893 37.46361801125496,55.673120183546594,670.3104388897236 37.46330012626468,55.67311620402527,670.3104388897236 37.46298224135401,55.67311222368101,670.929671067458 37.462664356522986,55.67310824251387,671.2832477276143 37.462346471771596,55.67310426052379,671.2832477276143 37.46202858709987,55.67310027771082,669.4624469463643 37.46171070250784,55.67309629407492,668.1678912823018 37.46139281799549,55.67309230961612,668.1678912823018 37.461074933562855,55.673088324334415,668.5139911358174 37.46075704920996,55.67308433822978,668.0642535869893 37.4604391649368,55.67308035130224,668.0642535869893 37.4601212807434,55.6730763635518,667.9989917461689 37.45980339662979,55.67307237497844,667.8412158672627 37.45948551259596,55.67306838558218,667.8412158672627 37.45916762864196,55.673064395363006,667.4279468242939 37.45884974476777,55.67306040432092,666.9007861797627 37.45853186097343,55.67305641245592,666.9007861797627 37.45821397725896,55.67305241976803,663.705061692458 37.457896093624356,55.67304842625722,660.8401477520283 37.45757821006965,55.67304443192351,660.8401477520283 37.457260326594856,55.6730404367669,659.7884357158955 37.456942443199985,55.673036440787364,658.9399554912861 37.45662455988505,55.67303244398494,658.9399554912861 37.45630667665009,55.673028446359616,658.9773547832783 37.455988793495095,55.673024447911374,657.5444324199971 37.45567091042009,55.67302044864023,657.5444324199971 37.4553530274251,55.67301644854619,659.0164630596455 37.455035144510134,55.67301244762925,661.731917161208 37.454717261675206,55.6730084458894,661.731917161208 37.454399378920336,55.67300444332665,663.8069904033955 37.45408149624554,55.673000439940985,662.7729175274189 37.45376361365084,55.672996435732436,662.7729175274189 37.45344573113625,55.67299243070098,662.6739947979268 37.453127848701776,55.67298842484663,663.6292255108174 37.452809966347445,55.67298441816938,663.6292255108174 37.45249208407327,55.67298041066922,664.7096393291768 37.45217420187927,55.672976402346166,664.3858783428486 37.45218129538541,55.672796759451444,667.2608936016377 37.45218838881135,55.672617116550846,668.4515216533955 37.452195482157116,55.67243747364436,668.4515216533955 37.452202575422696,55.672257830731965,667.3096606914814 37.452209668608084,55.67207818781369,666.8107288067158 37.4522167617133,55.671898544889515,666.8107288067158 37.45222385473833,55.671718901959444,666.0111682598408 37.45223094768318,55.6715392590235,665.5434863750752 37.45223804054784,55.671359616081645,665.5434863750752 37.452245133332326,55.6711799731339,665.3784473125752 37.45225222603664,55.671000330180256,665.5877673809346 37.45225931866078,55.670820687220726,665.5877673809346 37.45226641120475,55.670641044255305,665.3239734356221 37.45227350366853,55.670461401284,666.9078052227314 37.45228059605215,55.670281758306785,666.9078052227314 37.4522876883556,55.67010211532369,668.5963123028096 37.452294780578875,55.6699224723347,666.5618579571064 37.45230187272198,55.6697428293398,666.5618579571064 37.452619728721295,55.66974683717999,665.2703082744893 37.452937584800765,55.66975084419735,666.3490741436299 37.45325544096037,55.66975485039193,666.3490741436299 37.453573297200094,55.6697588557637,663.7306354229268 37.45389115351991,55.66976286031268,660.5085437481221 37.45420900991983,55.66976686403884,660.5085437481221 37.4545268663998,55.6697708669422,659.8727710430439 37.45484472295983,55.669774869022774,660.2062366192158 37.45516257959989,55.66977887028054,660.2062366192158 37.455480436319974,55.66978287071549,658.0519550030049 37.45579829312006,55.669786870327655,657.3868854229268 37.456116150000135,55.66979086911699,657.3868854229268 37.45643400696017,55.66979486708354,658.1792133037861 37.456751864000175,55.669798864227275,659.7997729961689 37.4570697211201,55.66980286054822,659.7997729961689 37.45738757831995,55.669806856046335,660.4469897930439 37.45770543559971,55.66981085072165,658.6488940899189 37.45802329295936,55.66981484457418,658.6488940899189 37.45834115039887,55.66981883760388,660.8670795147236 37.45865900791824,55.66982282981078,666.1013324444111 37.45897686551746,55.669826821194874,666.1013324444111 37.459294723196486,55.66983081175615,670.4889056865986 37.45961258095532,55.66983480149463,670.5345599834736 37.45993043879395,55.66983879041029,670.5345599834736 37.46024829671235,55.66984277850314,670.8692004864033 37.46056615471051,55.66984676577319,671.9673297588643 37.4608840127884,55.669850752220405,671.9673297588643 37.46120187094602,55.66985473784483,673.2557513897236 37.46151972918335,55.66985872264643,674.5540912334736 37.46183758750037,55.66986270662523,674.5540912334736 37.462155445897054,55.669866689781216,673.9821765606221 37.462473304373404,55.669870672114385,672.6090228740986 37.46279116292939,55.669874653624746,672.6090228740986 37.46310902156501,55.66987863431228,672.8456714336689 37.46342688028023,55.66988261417701,672.9081409160908 37.46374473907505,55.66988659321892,672.9081409160908 37.464062597949436,55.669890571438025,673.3196551983174 37.464380456903385,55.66989454883431,674.0699603740986 37.46469831593687,55.66989852540777,674.0699603740986 37.4650161750499,55.66990250115842,675.2113635723408 37.465334034242424,55.66990647608625,678.0307147686299 37.46565189351444,55.66991045019125,678.0307147686299 37.465969752865945,55.66991442347345,677.2282397930439 37.46628761229691,55.66991839593283,675.5852039043721 37.466605471807306,55.66992236756939,675.5852039043721 37.46692333139714,55.66992633838313,678.1921527569111 37.46724119106638,55.66993030837404,675.6707294170674 37.46755905081502,55.66993427754215,675.6707294170674 37.467876910643035,55.66993824588742,674.5873401348408 37.46819477055041,55.669942213409875,675.1456744854268 37.468512630537134,55.66994618010951,675.1456744854268 37.46883049060319,55.66995014598632,677.0996387188252 37.469148350748554,55.66995411104031,679.4777057354268 37.46946621097321,55.66995807527148,679.4777057354268 37.469784071277154,55.66996203867983,678.7515094463643 37.470101931660366,55.66996600126535,678.9595020000752 37.47041979212281,55.66996996302804,678.9595020000752 37.470737652664496,55.66997392396791,680.4699237530049 37.47105551328539,55.66997788408495,682.7073047344502 37.471373373985486,55.66998184337917,682.7073047344502 37.47169123476476,55.669985801850565,685.7550037090596 37.4720090956232,55.66998975949914,691.1599109356221 37.47232695656079,55.66999371632487,691.1599109356221 37.47264481757751,55.66999767232779,690.0238025371846 37.47296267867335,55.670001627507865,683.9546039287861 37.47328053984828,55.67000558186513,683.9546039287861 37.4735984011023,55.670009535399565,678.8442828838643 37.47391626243538,55.67001348811116,677.851546067458 37.474234123847516,55.670017439999924,677.851546067458 37.474551985338685,55.670021391065866,676.557112473708 37.474869846908874,55.67002534130897,675.8206165020283 37.47518770855805,55.67002929072925,675.8206165020283 37.475505570286224,55.670033239326706,676.3366687481221 37.47582343209336,55.670037187101315,678.3879840557393 37.47614129397945,55.6700411340531,678.3879840557393 37.47645915594447,55.67004508018205,679.9506976787861 37.47677701798841,55.67004902548817,679.4452502910908 37.47709488011125,55.670052969971444,679.4452502910908 37.477412742312985,55.670056913631896,675.6567676250752 37.47773060459358,55.67006085646951,671.8394305889424 37.478048466953034,55.67006479848428,671.8394305889424 37.47836632939132,55.67006873967623,671.3799121563252 37.47868419190843,55.67007268004534,672.8057849590596 37.479002054504335,55.67007661959161,672.8057849590596 37.479319917179026,55.67008055831505,672.4224078838643 37.479637779932496,55.67008449621566,669.9349353496846 37.479955642764715,55.670088433293415,669.9349353496846 37.480273505675676,55.670092369548335,671.1065662090596 37.48059136866536,55.67009630498042,670.3562152569111 37.48090923173374,55.67010023958967,670.3562152569111 37.481227094880815,55.670104173376075,666.4380939190205 37.48154495810656,55.67010810633965,665.7134540264424 37.481862821410964,55.67011203848037,665.7134540264424 37.482180684793995,55.67011596979825,663.6054980938252 37.482498548255656,55.6701199002933,661.8290698711689 37.48281641179593,55.67012382996551,661.8290698711689 37.483134275414784,55.67012775881487,661.2193896953877 37.483452139112224,55.670131686841394,661.3793933574971 37.48377000288821,55.67013561404507,661.3793933574971 37.48408786674273,55.67013954042591,663.2474200908955 37.48440573067579,55.6701434659839,664.5590503399189 37.48472359468735,55.670147390719045,664.5590503399189 37.485041458777395,55.67015131463134,665.2916248028096 37.485359322945925,55.67015523772079,667.6679370586689 37.485677187192906,55.670159159987406,667.6679370586689 37.48599505151834,55.670163081431184,665.5978076641377 37.486312915922184,55.6701670020521,663.1008441631611 37.48663078040445,55.67017092185017,663.1008441631611 37.4869486449651,55.670174840825396,663.2093188946064 37.48726650960413,55.67017875897777,664.3464496319111 37.48758437432152,55.670182676307306,664.3464496319111 37.48790223911726,55.670186592813984,664.7673480694111 37.48822010399132,55.670190508497804,664.863997239333 37.48853796894369,55.6701944233588,664.863997239333 37.48885583397435,55.670198337396926,665.705305833083 37.48917369908329,55.670202250612206,665.5376270000752 37.489491564270494,55.67020616300464,665.5376270000752 37.48980942953594,55.67021007457422,665.0236041729268 37.49012729487961,55.67021398532096,665.149885911208 37.490445160301505,55.67021789524483,665.149885911208 37.490763025801584,55.670221804345864,665.5060565655049 37.49108089137985,55.67022571262404,665.9337604229268 37.49139875703627,55.670229620079354,665.9337604229268 37.491716622770845,55.67023352671182,664.9217670147236 37.49203448858354,55.67023743252144,664.9549701397236 37.492352354474356,55.670241337508195,664.9549701397236 37.492670220443266,55.670245241672085,666.7260120098408 37.49298808649025,55.670249145013145,669.4186237041768 37.49330595261531,55.670253047531325,669.4186237041768 37.49362381881841,55.67025694922666,670.5631244365986 37.49394168509954,55.67026085009913,670.1862933819111 37.49425955145869,55.67026475014876,670.1862933819111 37.49457741789584,55.67026864937552,670.6466052715596 37.49489528441097,55.67027254777944,671.2201526348408 37.49521315100406,55.67027644536048,671.2201526348408 37.495531017675106,55.670280342118666,671.8757770244893 37.49584888442408,55.67028423805399,671.546858567458 37.49616675125097,55.670288133166466,671.546858567458 37.496484618155755,55.67029202745608,672.7315051739033 37.49680248513843,55.67029592092281,674.5850513164814 37.49712035219897,55.67029981356671,674.5850513164814 37.49743821933736,55.67030370538773,676.6269824688252 37.49775608655358,55.67030759638589,680.7905719463643 37.49807395384763,55.6703114865612,680.7905719463643 37.49839182121947,55.67031537591364,685.0801227276143 37.4987096886691,55.67031926444321,688.5750873272236 37.499027556196495,55.67032315214992,688.5750873272236 37.49934542380164,55.670327039033765,689.6607196514424 37.499663291484524,55.67033092509475,689.7728259746846 37.499981159245124,55.67033481033286,689.7728259746846 37.50029902708343,55.67033869474812,687.5921771709736 37.50061689499942,55.6703425783405,685.9430377666768 37.500934762993076,55.670346461110015,685.9430377666768 37.50125263106439,55.670350343056676,682.2016895000752 37.50157049921334,55.67035422418046,683.7228229229268 37.50188836743991,55.67035810448138,683.7228229229268 37.50220623574408,55.67036198395944,687.7373645489033 37.50252410412585,55.67036586261461,693.0412128155049 37.50284197258517,55.67036974044693,693.0412128155049 37.50315984112206,55.67037361745637,695.6181018535908 37.50347770973649,55.67037749364294,694.7513263408955 37.50379557842843,55.67038136900664,694.7513263408955 37.50411344719788,55.67038524354748,696.6152942364033 37.50443131604483,55.67038911726544,699.7484576885518 37.504749184969235,55.670392990160536,699.7484576885518 37.5050670539711,55.67039686223275,702.1038806621846 37.505384923050414,55.6704007334821,701.1038043682393 37.505702792207146,55.67040460390857,701.1038043682393 37.50602066144128,55.67040847351217,701.2707965557393 37.506338530752814,55.6704123422929,703.7558124248799 37.506656400141715,55.67041621025076,703.7558124248799 37.50697426960797,55.670420077385735,706.6811816875752 37.507292139151566,55.67042394369783,705.0437152569111 37.507610008772495,55.67042780918706,705.0437152569111 37.507927878470724,55.670431673853415,699.7318103496846 37.50824574824625,55.67043553769689,699.777327317458 37.50856361809905,55.670439400717484,699.777327317458 37.50888148802911,55.67044326291521,700.5026843731221 37.50919935803641,55.67044712429006,702.0403735821064 37.50951722812094,55.67045098484202,702.0403735821064 37.50983509828267,55.67045484457111,705.0325915996846 37.5101529685216,55.67045870347732,704.4676044170674 37.510470838837705,55.670462561560655,704.4676044170674 37.51078870923097,55.6704664188211,704.3032367412861 37.51110657970138,55.670470275258666,703.0219257061299 37.51142445024892,55.67047413087336,703.0219257061299 37.511742320873566,55.670477985665165,707.2954547588643 37.51206019157531,55.67048183963409,710.0694415752705 37.51237806235413,55.67048569278014,710.0694415752705 37.512695933210004,55.670489545103315,704.6087939922627 37.513013804142936,55.67049339660358,701.5747363750752 37.51333167515289,55.670497247280984,701.5747363750752 37.513649546239854,55.6705010971355,700.6089770977314 37.51396741740382,55.67050494616713,698.9202563946064 37.514285288644764,55.67050879437588,698.9202563946064 37.51460315996267,55.67051264176173,698.3255603496846 37.514921031357524,55.67051648832471,698.9003894512471 37.5152389028293,55.670520334064804,698.9003894512471 37.515556774378,55.670524178982,698.801985520583 37.51587464600359,55.67052802307633,697.6518542949971 37.51619251770607,55.67053186634776,697.6518542949971 37.516510389485404,55.670535708796294,698.3539569561299 37.51682826134159,55.67053955042196,699.4664142315205 37.51714613327461,55.67054339122471,699.4664142315205 37.51746400528444,55.670547231204594,701.7237842266377 37.51778187737107,55.67055107036159,699.9137714092549 37.518099749534485,55.67055490869568,699.9137714092549 37.51841762177467,55.67055874620689,699.2188403789814 37.518735494091594,55.670562582895215,698.5577075664814 37.51905336648525,55.67056641876064,698.5577075664814 37.519371238955635,55.67057025380318,695.7246997539814 37.51968911150271,55.67057408802283,694.6742084209736 37.520006984126475,55.67057792141958,694.6742084209736 37.520324856826896,55.67058175399344,695.1968677227314 37.52064272960398,55.6705855857444,694.5801685039814 37.52096060245769,55.670589416672485,694.5801685039814 37.52127847538802,55.670593246777656,696.5689532940205 37.52159634839495,55.67059707605995,701.1398303692158 37.52191422147847,55.67060090451934,701.1398303692158 37.52223209463856,55.67060473215584,705.5475452129658 37.52254996787519,55.670608558969434,708.6635272686299 37.52286784118837,55.670612384960144,708.6635272686299 37.52318571457806,55.67061621012795,708.2278125469502 37.52350358804426,55.67062003447286,704.9364307110127 37.52382146158694,55.670623857994876,704.9364307110127 37.524139335206094,55.670627680694004,702.6594684307393 37.524457208901694,55.67063150257022,701.694319504958 37.52477508267374,55.67063532362354,701.694319504958 37.52509295652221,55.67063914385396,701.5987231914814 37.52541083044708,55.67064296326147,702.3639209453877 37.52572870444833,55.670646781846095,702.3639209453877 37.52604657852596,55.67065059960782,703.2030627910908 37.526364452679935,55.67065441654665,703.5528857891377 37.526682326910255,55.67065823266256,703.5528857891377 37.5270002012169,55.67066204795558,701.8289783184346 37.52731807559985,55.6706658624257,697.5145557110127 37.527635950059086,55.67066967607292,697.5145557110127 37.52795382459459,55.67067348889722,696.2848651592549 37.528271699206364,55.67067730089864,696.8621051494893 37.528589573894365,55.67068111207713,696.8621051494893 37.52890744865859,55.67068492243274,697.6936023418721 37.52922532349903,55.67068873196545,698.1901843731221 37.52954319841566,55.67069254067523,698.1901843731221 37.52986107340846,55.670696348562124,697.988997239333 37.53017894847741,55.6707001556261,698.009505051833 37.53049682362252,55.670703961867176,698.009505051833 37.53081469884374,55.670707767285336,699.5389697735127 37.53113257414107,55.6707115718806,698.6994922344502 37.5314504495145,55.670715375652954,698.6994922344502 37.531768324964,55.6707191786024,698.4669330303486 37.53208620048956,55.67072298072895,699.2585895244893 37.53240407609116,55.670726782032574,699.2585895244893 37.532721951768785,55.67073058251328,702.9358813946064 37.53303982752242,55.6707343821711,702.6157520000752 37.53335770335205,55.670738181005994,702.6157520000752 37.53367557925767,55.67074197901798,700.7638080303486 37.53399345523923,55.67074577620706,701.5411975567158 37.53431133129674,55.670749572573236,701.5411975567158 37.53462920743018,55.670753368116486,702.904524583083 37.53494708363954,55.67075716283683,703.9244373028096 37.53526495992478,55.670760956734256,703.9244373028096 37.535582836285904,55.670764749808775,706.5157153789814 37.53590071272289,55.67076854206038,704.7626178448018 37.53621858923572,55.67077233348907,704.7626178448018 37.53653646582438,55.67077612409486,708.2043750469502 37.53685434248885,55.67077991387771,707.1362445537861 37.53717221922913,55.67078370283766,707.1362445537861 37.537490096045175,55.67078749097469,706.1039722149189 37.53780797293699,55.67079127828881,705.0110156719502 37.538125849904546,55.67079506478001,705.0110156719502 37.53844372694783,55.67079885044829,708.7390887920674 37.538761604066835,55.670802635293654,709.7367541973408 37.53907948126154,55.6708064193161,709.7367541973408 37.53939735853192,55.67081020251563,708.0318896953877 37.53971523587796,55.67081398489224,706.6968677227314 37.54003311329966,55.670817766445936,706.6968677227314 37.54035099079698,55.67082154717671,705.9167163555439 37.54066886836993,55.670825327084565,705.2329700176533 37.54098674601846,55.6708291061695,705.2329700176533 37.54130462374259,55.670832884431505,705.1107013408955 37.54162250154227,55.67083666187061,704.9595630352314 37.54194037941751,55.67084043848678,704.9595630352314 37.54225825736829,55.67084421428002,705.6321857158955 37.542576135394576,55.67084798925035,707.6743304912861 37.542894013496365,55.67085176339775,707.6743304912861 37.543211891673636,55.67085553672223,708.8831470196064 37.54352976992637,55.67085930922378,710.5374896709736 37.54384764825456,55.67086308090242,710.5374896709736 37.54416552665819,55.67086685175813,714.4737537090596 37.544483405137235,55.67087062179091,716.6752307598408 37.544801283691676,55.67087439100077,716.6752307598408 37.54511916232151,55.670878159387705,717.4569690410908 37.5454370410267,55.67088192695171,717.4598376934346 37.54575491980726,55.67088569369279,717.4598376934346 37.54607279866315,55.67088945961094,716.3724811260518 37.54639067759435,55.67089322470617,714.405745286208 37.546708556600855,55.67089698897847,714.405745286208 37.54702643568265,55.67090075242784,713.1725452129658 37.54734431483973,55.67090451505428,713.2364795391377 37.547662194072046,55.670908276857794,713.2364795391377 37.5479800733796,55.67091203783838,711.0109393780049 37.548297952762375,55.67091579799603,710.7677905742939 37.54861583222036,55.670919557330755,710.7677905742939 37.548933711753534,55.67092331584256,711.9796741192158 37.549251591361866,55.67092707353141,711.8618762676533 37.54956947104537,55.670930830397346,711.8618762676533 37.549887350804,55.67093458644034,707.9161517803486 37.55020523063776,55.6709383416604,703.4033649151143 37.55052311054662,55.670942096057544,703.4033649151143 37.550840990530574,55.67094584963174,702.3834369365986 37.5511588705896,55.67094960238301,701.2654254619893 37.55147675072368,55.67095335431134,701.2654254619893 37.55179463093281,55.67095710541675,698.2336871807393 37.552112511216954,55.670960855699214,697.6315295879658 37.55243039157611,55.67096460515873,697.6315295879658 37.552748272010255,55.670968353795324,696.7738330547627 37.55306615251937,55.67097210160899,696.8799579326924 37.55338403310344,55.6709758485997,696.8799579326924 37.55370191376247,55.67097959476749,697.7695758526143 37.554019794496405,55.670983340112336,699.2713000957783 37.554337675305256,55.67098708463424,699.2713000957783 37.554655556189,55.67099082833322,696.8116595928486 37.554973437147616,55.67099457120925,694.0150592510518 37.5552913181811,55.67099831326233,694.0150592510518 37.555609199289414,55.67100205449248,693.4961078350361 37.555927080472564,55.6710057948997,696.6266620342549 37.55624496173052,55.67100953448397,696.6266620342549 37.556562843063276,55.67101327324531,699.4522235576924 37.5568807244708,55.67101701118369,703.9116962139424 37.55719860595309,55.67102074829915,703.9116962139424 37.55751648751012,55.671024484591655,704.8660419170674 37.55783436914189,55.671028220061224,703.6865375225361 37.55815225084835,55.67103195470784,703.6865375225361 37.558470132629516,55.671035688531525,700.5359790508564 37.55878801448536,55.67103942153226,697.2804095928486 37.55910589641587,55.671043153710045,697.2804095928486 37.55942377842102,55.6710468850649,696.394514817458 37.559741660500805,55.6710506155968,698.0502917949971 37.560059542655196,55.67105434530576,698.0502917949971 37.56037742488419,55.67105807419177,695.8039539043721 37.56069530718776,55.67106180225484,692.688215989333 37.5610131895659,55.67106552949495,692.688215989333 37.561331072018575,55.67106925591213,691.9473712627705 37.56164895454579,55.671072981506356,688.4814136211689 37.56196683714751,55.67107670627762,688.4814136211689 37.56228471982374,55.671080430225956,687.6148669903096 37.56260260257444,55.67108415335133,685.7570483867939 37.56292048539961,55.67108787565376,685.7570483867939 37.563238368299224,55.67109159713324,686.9676807110127 37.563556251273276,55.67109531778978,688.4855029766377 37.563874134321736,55.671099037623364,688.4855029766377 37.564192017444604,55.67110275663399,688.7946460430439 37.564509900641845,55.67110647482167,688.6757953350361 37.56482778391346,55.671110192186404,688.6757953350361 37.565145667259415,55.67111390872818,686.263411301833 37.565463550679716,55.67111762444701,684.8456409160908 37.565781434174326,55.671121339342875,684.8456409160908 37.56609931774324,55.671125053415786,685.6049792949971 37.566417201386436,55.67112876666576,687.5130298321064 37.56673508510389,55.671132479092776,687.5130298321064 37.56705296889561,55.671136190696814,689.9439685528096 37.56737085276156,55.67113990147792,691.6443317119893 37.56768873670173,55.671143611436065,691.6443317119893 37.5680066207161,55.671147320571265,688.0690143291768 37.56832450480466,55.6711510288835,685.0305621807393 37.568642388967376,55.67115473637278,685.0305621807393 37.568960273204254,55.671158443039104,687.1857898418721 37.569278157515264,55.67116214888247,686.7105395977314 37.5695960419004,55.67116585390286,686.7105395977314 37.56991392635963,55.67116955810032,684.2181537334736 37.57023181089295,55.671173261474806,684.8196094219502 37.57054969550035,55.671176964026344,684.8196094219502 37.57086758018179,55.67118066575491,685.6657245342549 37.57118546493727,55.67118436666052,683.1304004375752 37.57150334976677,55.67118806674318,683.1304004375752 37.57182123467028,55.67119176600287,681.7638843242939 37.57213911964778,55.671195464439585,682.4715564434346 37.572457004699245,55.67119916205336,682.4715564434346 37.572774889824665,55.67120285884417,683.7169635479268 37.57309277502403,55.67120655481202,684.8282306377705 37.57341066029731,55.67121024995689,684.8282306377705 37.57372854564451,55.67121394427881,685.6133868877705 37.57404643106558,55.67121763777778,683.5371539776143 37.57436431656054,55.671221330453754,683.5371539776143 37.574682202129345,55.67122502230679,680.8474719707783 37.575000087772,55.67122871333685,682.325423020583 37.57531797348847,55.67123240354395,682.325423020583 37.57563585927875,55.671236092928076,679.757796067458 37.57595374514282,55.67123978148924,678.126692551833 37.576271631080665,55.67124346922745,678.126692551833 37.576589517092266,55.67124715614268,678.3919513408955 37.57690740317761,55.67125084223494,678.7446735088643 37.57722528933668,55.671254527504246,678.7446735088643 37.57754317556946,55.67125821195057,679.8880145733174 37.57786106187593,55.67126189557392,681.9347064678486 37.578178948256074,55.67126557837432,681.9347064678486 37.578496834709874,55.67126926035175,681.1299579326924 37.57881472123733,55.6712729415062,679.638411301833 37.5791326078384,55.671276621837684,679.638411301833 37.57945049451308,55.671280301346194,676.7369525615986 37.57976838126136,55.671283980031745,676.0333697979268 37.580086268083214,55.67128765789431,676.0333697979268 37.58040415497863,55.67129133493391,677.3932788555439 37.580722041947595,55.671295011150534,675.8725726787861 37.58103992899009,55.67129868654418,675.8725726787861 37.581357816106085,55.671302361114876,673.994612473708 37.58167570329557,55.67130603486258,673.3897388164814 37.58199359055855,55.671309707787316,673.3897388164814 37.58231147789498,55.671313379889085,673.9170367901143 37.58262936530486,55.67131705116787,672.6979053203877 37.58294725278817,55.67132072162368,672.6979053203877 37.58326514034489,55.67132439125651,672.6068256084736 37.58358302797501,55.671328060066365,673.6738422100361 37.58390091567851,55.671331728053254,673.6738422100361 37.58421880345537,55.67133539521716,674.8853290264424 37.58453669130558,55.671339061558086,679.4750507061299 37.584854579229116,55.671342727076045,679.4750507061299 37.58517246722597,55.67134639177102,680.8733508770283 37.585490355296116,55.67135005564302,682.0159290020283 37.58580824343955,55.67135371869203,682.0159290020283 37.58612613165625,55.67135738091807,679.1360614483174 37.58644401994619,55.67136104232113,673.5233600323018 37.58676190830937,55.671364702901215,673.5233600323018 37.58707979674576,55.671368362658306,673.7024829571064 37.587397685255354,55.671372021592425,678.2195422832783 37.587715573838125,55.67137567970357,678.2195422832783 37.58803346249407,55.67137933699172,682.4132678692158 37.58835135122315,55.671382993456895,682.8313892071064 37.58866924002538,55.67138664909909,682.8313892071064 37.58898712890072,55.671390303918294,679.7800433819111 37.58930501784916,55.671393957914525,679.7086322490986 37.58962290687068,55.67139761108776,679.7086322490986 37.58994079596527,55.67140126343803,679.9027393047627 37.59025868513292,55.671404914965294,679.9512012188252 37.59057657437359,55.67140856566958,679.9512012188252 37.59089446368729,55.67141221555088,677.1547534649189 37.591212353073985,55.67141586460921,678.0304401104268 37.59153024253367,55.67141951284454,678.0304401104268 37.59184813206632,55.671423160256886,679.0891254131611 37.59216602167192,55.67142680684624,678.8288715069111 37.59248391135046,55.67143045261262,678.8288715069111 37.59280180110192,55.671434097555995,675.2871997539814 37.59311969092629,55.67143774167639,672.9867084209736 37.59343758082353,55.671441384973804,672.9867084209736 37.59375547079365,55.671445027448215,669.9520709698018 37.594073360836624,55.67144866909965,667.7528217022236 37.594391250952434,55.671452309928085,667.7528217022236 37.59470914114107,55.67145594993353,668.6654346172627 37.5950270314025,55.671459589116,670.1580646221455 37.595344921736725,55.67146322747546,670.1580646221455 37.595662812143715,55.67146686501195,671.1069476787861 37.59598070262347,55.67147050172543,671.4308154766377 37.59629859317596,55.671474137615924,671.4308154766377 37.59661648380117,55.67147777268342,671.2314899151143 37.596934374499085,55.67148140692793,667.7915485088643 37.597252265269695,55.671485040349445,667.7915485088643 37.59757015611297,55.671488672947966,669.0092456524189 37.5978880470289,55.67149230472349,668.6339557354268 37.59820593801748,55.67149593567603,668.6339557354268 37.59852382907868,55.671499565805554,662.3433215801533 37.598841720212484,55.67150319511211,655.4427478496846 37.59915961141889,55.67150682359565,655.4427478496846 37.59947750269786,55.671510451256204,651.0637195293721 37.59979539404939,55.67151407809376,650.2906940166768 37.600113285473455,55.671517704108304,650.2906940166768 37.600431176970055,55.67152132929987,650.5517108623799 37.60074906853916,55.67152495366843,648.1666553203877 37.60106696018076,55.67152857721399,648.1666553203877 37.60138485189483,55.671532199936564,644.9951923076924 37.60170274368136,55.67153582183612,643.065169114333 37.602020635540335,55.67153944291269,643.065169114333 37.60233852747173,55.67154306316625,641.7976520244893 37.602656419475544,55.671546682596826,643.9270160381611 37.60297431155174,55.67155030120439,643.9270160381611 37.60329220370033,55.671553918988955,654.6375568096455 37.60361009592127,55.67155753595051,662.2807147686299 37.60392798821456,55.67156115208908,662.2807147686299 37.604245880580166,55.67156476740464,660.162337083083 37.604563773018086,55.671568381897195,657.0176074688252 37.60488166552831,55.671571995566744,657.0176074688252 37.60519955811081,55.6715756084133,657.0475604717549 37.60551745076557,55.67157922043684,657.7254321758564 37.60583534349257,55.67158283163739,657.7254321758564 37.6061532362918,55.67158644201493,654.5949237530049 37.60647112916325,55.67159005156945,653.9160754864033 37.606789022106895,55.671593660300985,653.9160754864033 37.60710691512272,55.671597268209496,655.3373401348408 37.60742480821071,55.67160087529502,656.8375537578877 37.60774270137083,55.67160448155753,656.8375537578877 37.608060594603096,55.671608086997026,659.930159348708 37.60837848790747,55.67161169161352,661.5679767315205 37.60869638128395,55.67161529540701,661.5679767315205 37.6090142747325,55.67161889837749,662.1536548321064 37.609332168253125,55.67162250052496,662.2377002422627 37.6096500618458,55.67162610184942,662.2377002422627 37.60996795551049,55.67162970235087,663.3093707744893 37.61028584924721,55.67163330202931,665.0904834453877 37.610603743055925,55.671636900884735,665.0904834453877 37.61092163693662,55.67164049891716,666.2755115215596 37.611239530889286,55.67164409612657,668.3917682354268 37.61124589525077,55.67146444040006,666.8946979229268 37.611252259540315,55.67128478466775,667.6893603985127 37.611258623757905,55.67110512892967,667.6893603985127 37.61126498790355,55.67092547318582,666.1652820293721 37.61127135197726,55.670745817436185,665.1755359356221 37.611277715979014,55.67056616168079,665.1755359356221 37.61128407990883,55.670386505919595,667.8858020489033 37.6112904437667,55.67020685015264,669.3498065655049 37.611296807552634,55.670027194379905,669.3498065655049 37.61130317126663,55.669847538601395,669.3992603008564 37.611309534908685,55.6696678828171,670.2139575664814 37.61131589847879,55.66948822702704,670.2139575664814 37.61132226197698,55.6693085712312,672.9374530498799 37.611328625403225,55.669128915429596,673.490217942458 37.611334988757534,55.66894925962219,673.490217942458 37.611341352039915,55.668769603809025,674.0822894756611 37.61134771525036,55.668589947990085,674.6786029522236 37.61135407838888,55.66841029216535,674.6786029522236 37.61103621063614,55.66840669538932,678.8288104717549 37.61071834295535,55.668403097790375,678.716048020583 37.61040047534652,55.668399499368526,678.716048020583 37.61008260780967,55.668395900123755,674.4766376201924 37.60976474034482,55.66839230005608,672.4781329815205 37.609446872951985,55.6683886991655,672.4781329815205 37.60912900563117,55.66838509745198,675.8876178448018 37.6088111383824,55.66838149491558,674.7787006084736 37.60849327120569,55.66837789155627,674.7787006084736 37.60817540410106,55.66837428737404,673.0234821026143 37.60785753706852,55.66837068236891,671.3530414287861 37.60753967010809,55.668367076540875,671.3530414287861 37.607221803219794,55.66836346988991,671.8679340069111 37.60690393640364,55.66835986241607,672.1926868145283 37.606586069659635,55.6683562541193,672.1926868145283 37.60626820298782,55.668352644999636,673.0526111309346 37.60595033638819,55.668349035057055,671.416975754958 37.60563246986077,55.66834542429157,671.416975754958 37.605314603405574,55.66834181270318,669.0502460186299 37.604996737022624,55.668338200291906,667.5660693828877 37.604678870711936,55.66833458705771,667.5660693828877 37.60436100447351,55.6683309730006,667.1966388408955 37.60404313830738,55.66832735812059,666.3097064678486 37.60372527221356,55.66832374241769,666.3097064678486 37.60340740619207,55.66832012589188,663.5241992657002 37.603089540242905,55.66831650854318,661.3688647930439 37.60277167436611,55.66831289037156,661.3688647930439 37.60245380856168,55.66830927137704,659.8412006084736 37.60213594282965,55.66830565155963,658.9769733135518 37.601818077170016,55.668302030919314,658.9769733135518 37.60150021158281,55.6682984094561,658.6741473858174 37.601182346068036,55.668294787169984,658.4225146953877 37.600864480625724,55.66829116406097,658.4225146953877 37.60054661525589,55.66828754012905,662.2077777569111 37.60022874995853,55.66828391537424,659.6340472881611 37.59991088473368,55.66828028979652,659.6340472881611 37.599593019581356,55.66827666339591,648.8127734844502 37.59927515450157,55.66827303617241,639.9598529522236 37.59895728949433,55.668269408125994,639.9598529522236 37.598639424559664,55.6682657792567,637.1503131573018 37.59832155969759,55.6682621495645,639.2100818340596 37.598003694908115,55.66825851904941,639.2100818340596 37.59768583019126,55.66825488771142,642.5953204815205 37.59736796554704,55.66825125555053,646.3843677227314 37.59705010097548,55.66824762256675,646.3843677227314 37.59673223647658,55.66824398876008,651.3140857403096 37.59641437205037,55.66824035413051,657.6782520000752 37.596096507696856,55.66823671867805,657.6782520000752 37.595778643416075,55.6682330824027,659.4801471416768 37.59546077920801,55.668229445304455,660.2645099346455 37.59514291507271,55.668225807383315,660.2645099346455 37.594825051010176,55.66822216863929,662.713606614333 37.59450718702042,55.66821852907237,662.8532397930439 37.59418932310347,55.668214888682556,662.8532397930439 37.59387145925933,55.668211247469856,662.6715076153096 37.59355359548803,55.66820760543426,663.3646838848408 37.59323573178958,55.66820396257578,663.3646838848408 37.592917868164,55.66820031889441,662.8776080791768 37.59260000461129,55.66819667439014,663.9727771465596 37.59228214113149,55.66819302906299,663.9727771465596 37.59196427772461,55.668189382912956,665.5636890117939 37.59164641439065,55.66818573594002,664.7373492901143 37.59132855112964,55.66818208814421,664.7373492901143 37.5910106879416,55.66817843952551,662.3503711407002 37.59069282482655,55.66817479008394,662.5220325176533 37.590374961784484,55.668171139819464,662.5220325176533 37.59005709881543,55.6681674887321,665.024885911208 37.58973923591941,55.668163836821854,668.3230884258564 37.58942137309644,55.66816018408873,668.3230884258564 37.58910351034654,55.66815653053273,670.1142108623799 37.58878564766971,55.66815287615382,673.0473163311299 37.58846778506598,55.66814922095204,673.0473163311299 37.58814992253536,55.66814556492737,671.9151294414814 37.58783206007787,55.668141908079825,670.8637836162861 37.58751419769353,55.668138250409406,670.8637836162861 37.58719633538235,55.668134591916086,670.8439929668721 37.58687847314435,55.6681309325999,669.9776447002705 37.58656061097954,55.668127272460815,669.9776447002705 37.58624274888795,55.668123611498864,670.8376147930439 37.585924886869584,55.66811994971403,671.8885944073018 37.58560702492446,55.668116287106315,671.8885944073018 37.5852891630526,55.66811262367571,675.6309955303486 37.584971301254015,55.66810895942224,676.7215259258564 37.58465343952872,55.668105294345885,676.7215259258564 37.58433557787674,55.66810162844666,676.9981372539814 37.584017716298085,55.668097961724555,673.5551746074971 37.583699854792776,55.66809429417956,673.5551746074971 37.583381993360824,55.66809062581171,667.7030780498799 37.58306413200225,55.66808695662097,667.4014575664814 37.58274627071706,55.66808328660735,667.4014575664814 37.58242840950529,55.66807961577086,668.9069507305439 37.58211054836694,55.66807594411148,673.2701404278096 37.58179268730203,55.668072271629235,673.2701404278096 37.58147482631058,55.66806859832412,672.6439807598408 37.58115696539261,55.66806492419613,670.4498889629658 37.58083910454812,55.66806124924526,670.4498889629658 37.58052124377714,55.66805757347152,670.3212573711689 37.580203383079684,55.6680538968749,667.0487811748799 37.579885522455776,55.668050219455424,667.0487811748799 37.579567661905415,55.668046541213066,667.8981311504658 37.57924980142864,55.668042862147836,667.1655719463643 37.57893194102543,55.66803918225974,667.1655719463643 37.57861408069585,55.668035501548765,667.6880023662861 37.57829622043988,55.668031820014924,668.223860520583 37.57797836025755,55.66802813765822,668.223860520583 37.57766050014888,55.66802445447861,667.8442371074971 37.57734264011388,55.66802077047618,668.4223773662861 37.57702478015257,55.66801708565085,668.4223773662861 37.57670692026496,55.668013400002664,667.8844134990986 37.57638906045107,55.66800971353161,668.1662891094502 37.57607120071092,55.66800602623769,668.1662891094502 37.575753341044525,55.6680023381209,670.4670856182393 37.575435481451905,55.66799864918122,672.1617419903096 37.57511762193306,55.66799495941871,672.1617419903096 37.57479976248802,55.66799126883332,671.5279071514424 37.57448190311681,55.66798757742505,675.0639331524189 37.57416404381943,55.66798388519394,675.0639331524189 37.5738461845959,55.66798019213995,681.7022235576924 37.57352832544624,55.6679764982631,679.5044391338643 37.57321046637047,55.66797280356338,679.5044391338643 37.572892607368594,55.6679691080408,673.4676501934346 37.57257474844064,55.66796541169536,672.8281848614033 37.57225688958662,55.667961714527046,672.8281848614033 37.571939030806554,55.667958016535884,675.8407275860127 37.57162117210045,55.66795431772184,679.8839557354268 37.571303313468334,55.66795061808496,679.8839557354268 37.57098545491022,55.667946917625216,680.5671069805439 37.57066759642612,55.66794321634259,682.0035846416768 37.57034973801605,55.66793951423712,682.0035846416768 37.57003187968003,55.66793581130879,683.8678271953877 37.569714021418086,55.6679321075576,684.8125140850361 37.569396163230216,55.66792840298354,684.8125140850361 37.56907830511645,55.667924697586635,686.3571155254658 37.56876044707679,55.66792099136686,686.6510760967549 37.56844258911127,55.66791728432424,686.6510760967549 37.568124731219896,55.66791357645875,686.7728259746846 37.56780687340269,55.66790986777042,685.9715259258564 37.56748901565966,55.667906158259214,685.9715259258564 37.56717115799082,55.667902447925165,684.3785846416768 37.566853300396204,55.66789873676825,683.237776536208 37.56653544287582,55.66789502478849,683.237776536208 37.56621758542968,55.66789131198586,686.3254687969502 37.56589972805781,55.667887598360394,686.8691547100361 37.565581870760205,55.66788388391207,686.8691547100361 37.565264013536904,55.667880168640885,688.0410602276143 37.56494615638792,55.66787645254685,687.8597247783955 37.564628299313256,55.66787273562996,687.8597247783955 37.564310442312944,55.66786901789022,686.5599963848408 37.56399258538699,55.66786529932764,684.4648120586689 37.563674728535425,55.66786157994219,684.4648120586689 37.56335687175824,55.667857859733886,682.0192859356221 37.56303901505547,55.66785413870275,681.6654803936299 37.56272115842713,55.667850416848744,681.6654803936299 37.56240330187323,55.66784669417191,681.0506427471455 37.5620854453938,55.66784297067221,679.7661273662861 37.56176758898884,55.667839246349665,679.7661273662861 37.561449732658375,55.66783552120426,679.6614978496846 37.56113187640242,55.667831795236026,679.0373523418721 37.56081402022099,55.667828068444926,679.0373523418721 37.560496164114106,55.667824340831004,680.1035297100361 37.560178308081774,55.66782061239421,681.0959613506611 37.55986045212402,55.667816883134584,681.0959613506611 37.55954259624087,55.66781315305211,682.2988727276143 37.55922474043231,55.66780942214678,683.3339832012471 37.55890688469838,55.66780569041862,683.3339832012471 37.5585890290391,55.6678019578676,683.3725116436299 37.55827117345447,55.66779822449374,683.9345691387471 37.557953317944516,55.66779449029704,683.9345691387471 37.557635462509246,55.667790755277494,684.3902728740986 37.55731760714869,55.6677870194351,686.5016467754658 37.556999751862854,55.66778328276987,686.5016467754658 37.55668189665177,55.6677795452818,689.7544696514424 37.55636404151543,55.66777580697089,691.4253986065205 37.55604618645386,55.66777206783713,691.4253986065205 37.55572833146709,55.66776832788053,693.3950946514424 37.55541047655511,55.66776458710108,692.3550555889424 37.55509262171797,55.667760845498805,692.3550555889424 37.55477476695565,55.66775710307369,692.5902545635518 37.5544569122682,55.667753359825724,695.0256641094502 37.55413905765562,55.66774961575492,695.0256641094502 37.55382120311792,55.66774587086129,697.0292957012471 37.55350334865513,55.66774212514481,694.8394611065205 37.55318549426726,55.667738378605506,694.8394611065205 37.55286763995432,55.66773463124335,691.822493333083 37.552549785716344,55.66773088305836,691.5480334942158 37.55223193155333,55.66772713405053,691.5480334942158 37.551914077465305,55.667723384219876,694.1178729717549 37.551596223452286,55.66771963356638,697.1537769024189 37.55127836951428,55.66771588209004,697.1537769024189 37.55096051565131,55.667712129790885,700.9367816631611 37.5506426618634,55.66770837666888,704.2535083477314 37.55032480815055,55.66770462272404,704.2535083477314 37.55000695451279,55.66770086795638,704.7325885479268 37.549689100950125,55.667697112365865,703.488753098708 37.54937124746259,55.66769335595254,703.488753098708 37.549053394050176,55.667689598716365,702.9049670879658 37.54873554071292,55.66768584065738,702.2026813213643 37.54841768745082,55.66768208177553,702.2026813213643 37.548099834263915,55.66767832207087,698.5153339092549 37.547781981152205,55.66767456154338,695.2788226787861 37.54746412811571,55.66767080019306,695.2788226787861 37.54714627515446,55.6676670380199,695.6163165752705 37.54682842226845,55.66766327502392,698.2647998516377 37.5465105694577,55.66765951120511,698.2647998516377 37.54619271672224,55.66765574656346,698.7636707012471 37.54587486406208,55.66765198109899,700.9718158428486 37.54555701147723,55.667648214811706,700.9718158428486 37.54523915896771,55.667644447701576,703.5062091533955 37.544921306533546,55.667640679768624,705.1838672344502 37.544603454174734,55.66763691101284,705.1838672344502 37.54428560189131,55.667633141434244,704.2417895977314 37.54396774968329,55.66762937103281,703.7895190899189 37.54364989755067,55.66762559980856,703.7895190899189 37.54333204549349,55.66762182776147,704.3855273907002 37.54301419351175,55.66761805489157,706.0191638653096 37.54269634160548,55.667614281198844,706.0191638653096 37.54237848977468,55.667610506683296,707.0362384502705 37.54206063801938,55.66760673134492,708.8278339092549 37.5417427863396,55.667602955183725,708.8278339092549 37.54142493473533,55.6675991781997,711.1648547832783 37.54110708320662,55.667595400392855,714.7820880596455 37.540789231753465,55.667591621763194,714.7820880596455 37.54047138037589,55.66758784231071,716.9445483867939 37.54015352907391,55.66758406203541,717.1600330059346 37.53983567784754,55.66758028093728,717.1600330059346 37.539517826696795,55.66757649901633,719.7694080059346 37.53919997562169,55.66757271627257,720.1445911114033 37.538882124622255,55.66756893270599,720.1445911114033 37.53856427369849,55.66756514831658,722.3882587139424 37.53824642285042,55.66756136310436,724.1603534405049 37.537928572078066,55.66755757706932,724.1603534405049 37.53761072138143,55.667553790211464,722.3652484600361 37.53729287076054,55.66755000253079,722.3327930157002 37.5369750202154,55.66754621402731,722.3327930157002 37.536657169746036,55.66754242470099,723.2875354473408 37.53633931935247,55.66753863455188,724.8117969219502 37.53602146903471,55.66753484357995,724.8117969219502 37.53570361879278,55.66753105178519,726.2721545879658 37.53538576862668,55.66752725916763,725.6670215313252 37.53506791853644,55.66752346572726,725.6670215313252 37.53475006852208,55.66751967146406,721.9925067608174 37.5344322185836,55.66751587637806,717.5378711407002 37.534114368721035,55.667512080469244,717.5378711407002 37.53379651893439,55.667508283737604,715.1392047588643 37.53347866922368,55.66750448618316,712.0844867412861 37.53316081958893,55.667500687805905,712.0844867412861 37.53284297003015,55.66749688860585,710.7533710186299 37.53252512054736,55.66749308858298,708.5128772442158 37.53220727114058,55.66748928773729,708.5128772442158 37.53188942180982,55.667485486068784,706.4831683819111 37.531571572555094,55.667481683577485,708.8333270733174 37.53125372337642,55.66747788026338,708.8333270733174 37.53093587427382,55.66747407612646,711.6934802715596 37.53061802524731,55.66747027116673,710.1151874248799 37.530300176296905,55.66746646538419,710.1151874248799 37.52998232742261,55.667462658778845,712.6590564434346 37.529664478624454,55.667458851350695,709.4929950420674 37.529346629902456,55.66745504309974,709.4929950420674 37.52902878125663,55.667451234025975,705.4772937481221 37.528710932686984,55.66744742412942,705.1781299297627 37.52839308419354,55.667443613410036,705.1781299297627 37.52807523577631,55.66743980186786,705.3127582256611 37.52775738743533,55.66743598950288,705.9598834698018 37.52743953917059,55.6674321763151,705.9598834698018 37.52712169098211,55.6674283623045,706.5519092266377 37.52680384286993,55.66742454747112,705.2932880108174 37.526485994834054,55.66742073181492,705.2932880108174 37.52616814687448,55.66741691533593,706.0340717022236 37.52585029899125,55.66741309803413,706.614973801833 37.52553245118436,55.667409279909535,706.614973801833 37.52521460345385,55.66740546096212,706.897688645583 37.524896755799716,55.66740164119193,706.8383472149189 37.52457890822198,55.66739782059893,706.8383472149189 37.52426106072066,55.66739399918313,706.9767444317158 37.52394321329577,55.66739017694453,708.7782428448018 37.52362536594733,55.66738635388314,708.7782428448018 37.52330751867537,55.667382529998946,707.8325641338643 37.52298967147987,55.66737870529196,706.2913196270283 37.52267182436088,55.667374879762164,706.2913196270283 37.522353977318396,55.667371053409575,708.5670764629658 37.52203613035245,55.6673672262342,707.8476092998799 37.52171828346305,55.667363398236006,707.8476092998799 37.52140043665021,55.66735956941504,703.4842212383564 37.52108258991395,55.66735573977127,704.2922046367939 37.5207647432543,55.6673519093047,704.2922046367939 37.520446896671245,55.667348078015344,704.5848224346455 37.520129050164826,55.66734424590319,703.4642169658955 37.51981120373505,55.66734041296824,703.4642169658955 37.51949335738194,55.6673365792105,702.6408374492939 37.51917551110551,55.667332744629974,701.6324908916768 37.518857664905774,55.66732890922665,701.6324908916768 37.51853981878275,55.667325073000534,701.5009753887471 37.51822197273645,55.667321235951626,701.5204608623799 37.517904126766894,55.66731739807992,701.5204608623799 37.5175862808741,55.667313559385434,701.4336688701924 37.517268435058085,55.66730971986816,701.7684467022236 37.51695058931887,55.66730587952808,701.7684467022236 37.51663274365645,55.66730203836522,700.5492541973408 37.516314898070874,55.667298196379576,697.9367816631611 37.51599705256213,55.667294353571144,697.9367816631611 37.51567920713025,55.667290509939924,696.5320270244893 37.515361361775234,55.66728666548591,696.5805041973408 37.51504351649712,55.66728282020912,696.5805041973408 37.51472567129592,55.667278974109536,696.2671344463643 37.51440782617164,55.66727512718715,698.0121600811299 37.51408998112429,55.667271279442005,698.0121600811299 37.51377213615392,55.667267430874055,701.6178882305439 37.51345429126051,55.667263581483326,701.0111224834736 37.51313644644409,55.66725973126982,701.0111224834736 37.51281860170468,55.667255880233526,700.6015002910908 37.5125007570423,55.66725202837445,700.4087665264424 37.51218291245696,55.667248175692585,700.4087665264424 37.51186506794867,55.66724432218794,697.5704486553486 37.51154722351745,55.667240467860516,695.8531177227314 37.51122937916332,55.667236612710305,695.8531177227314 37.510911534886304,55.66723275673731,694.487532395583 37.510593690686406,55.66722889994154,691.6364124004658 37.51027584656365,55.66722504232298,691.6364124004658 37.50995800251804,55.66722118388165,696.0114886944111 37.50964015854961,55.66721732461754,699.305891770583 37.50932231465836,55.667213464530654,699.305891770583 37.509004470844324,55.667209603620975,699.4760120098408 37.5086866271075,55.66720574188853,698.6389911358174 37.508368783447914,55.6672018793333,698.6389911358174 37.50805093986559,55.6671980159553,694.0998828594502 37.50773309636053,55.66719415175452,692.2581470196064 37.50741525293276,55.667190286730964,692.2581470196064 37.507097409582286,55.66718642088463,689.4963367168721 37.50677956630914,55.66718255421552,689.4996631328877 37.506461723113325,55.66717868672363,689.4996631328877 37.50614387999486,55.66717481840897,691.4526813213643 37.50582603695377,55.66717094927153,692.407942551833 37.50550819399007,55.66716707931132,692.407942551833 37.50519035110376,55.667163208528336,689.8875568096455 37.504872508294866,55.66715933692257,686.7903430645283 37.50455466556341,55.667155464494044,686.7903430645283 37.50423682290941,55.66715159124274,681.8137347881611 37.50391898033288,55.667147717168675,684.1263263408955 37.50360113783382,55.66714384227183,684.1263263408955 37.503283295412274,55.66713996655222,679.9553210918721 37.502965453068235,55.66713609000982,676.0183398907002 37.50264761080173,55.667132212644674,676.0183398907002 37.502329768612775,55.66712833445674,671.6707141582783 37.50201192650139,55.66712445544604,669.5775745098408 37.50169408446758,55.66712057561258,669.5775745098408 37.50137624251138,55.667116694956334,668.1507861797627 37.501058400632786,55.66711281347733,667.3957202617939 37.50074055883182,55.66710893117556,667.3957202617939 37.50042271710851,55.66710504805103,669.3972613994893 37.50010487546287,55.66710116410372,674.1374194805439 37.4997870338949,55.667097279333646,674.1374194805439 37.49946919240463,55.66709339374081,674.1332385723408 37.49915135099207,55.66708950732521,674.5352924053486 37.498833509657246,55.66708562008684,674.5352924053486 37.49851566840017,55.66708173202571,675.5064990703877 37.49819782722085,55.667077843141804,675.8894031231221 37.497879986119315,55.66707395343515,675.8894031231221 37.49756214509557,55.66707006290572,676.4510486309346 37.49724430414964,55.66706617155354,679.3681018535908 37.49692646328154,55.667062279378584,679.3681018535908 37.49660862249129,55.66705838638088,680.809553879958 37.49629078177889,55.6670544925604,678.1669604961689 37.49597294114438,55.667050597917175,678.1669604961689 37.495655100587754,55.66704670245118,679.001692551833 37.495337260109046,55.667042806162414,680.0897357647236 37.495019419708264,55.6670389090509,680.0897357647236 37.49470157938542,55.66703501111663,681.360335129958 37.49438373914054,55.667031112359595,680.4632861797627 37.49406589897364,55.66702721277981,680.4632861797627 37.49374805888473,55.66702331237725,680.8910205547627 37.493430218873826,55.66701941115194,680.9489429180439 37.49311237894094,55.667015509103884,680.9489429180439 37.49279453908611,55.66701160623307,679.5693347637471 37.49247669930934,55.66700770253948,679.5813281719502 37.49215885961064,55.667003798023146,679.5813281719502 37.491841019990034,55.66699989268406,681.0644672100361 37.49152318044754,55.66699598652221,679.1991717998799 37.491205340983164,55.66699207953762,679.1991717998799 37.49088750159692,55.66698817173026,677.0542895977314 37.49056966228885,55.666984263100154,673.8778827373799 37.49025182305894,55.6669803536473,673.8778827373799 37.48993398390723,55.66697644337168,673.1196429912861 37.48961614483372,55.66697253227331,673.8382251446064 37.48929830583844,55.66696862035219,673.8382251446064 37.48898046692139,55.66696470760832,678.9818103496846 37.4886626280826,55.66696079404171,678.1945789043721 37.488344789322085,55.666956879652325,678.1945789043721 37.48802695063985,55.666952964440206,673.8130786602314 37.48770911203593,55.666949048405336,670.7764117901143 37.487391273510326,55.66694513154771,670.7764117901143 37.48707343506306,55.66694121386734,669.8101031963643 37.48675559669415,55.66693729536423,670.7930743877705 37.48643775840362,55.66693337603836,670.7930743877705 37.48611992019146,55.66692945588974,670.6963947002705 37.48580208205771,55.66692553491839,668.721419114333 37.485484244002386,55.66692161312428,668.721419114333 37.48516640602549,55.66691769050741,668.092268723708 37.484848568127056,55.66691376706782,667.6651141826924 37.484530730307085,55.666909842805474,667.6651141826924 37.4842128925656,55.66690591772038,666.8145740215596 37.48389505490262,55.66690199181254,666.3176715557393 37.48357721731816,55.66689806508196,666.3176715557393 37.48325937981223,55.666894137528644,668.6894824688252 37.48294154238485,55.66689020915256,673.7959735576924 37.48262370503604,55.66688627995376,673.7959735576924 37.48230586776582,55.6668823499322,674.0633228008564 37.48198803057419,55.666878419087915,669.9515979473408 37.481670193461184,55.66687448742088,669.9515979473408 37.48135235642682,55.666870554931094,668.5366199199971 37.481034519471095,55.666866621618574,668.3183582012471 37.480716682594036,55.66686268748332,668.3183582012471 37.48039884579566,55.66685875252532,668.2947986309346 37.48008100907599,55.66685481674459,670.6289203350361 37.47976317243503,55.66685088014112,670.6289203350361 37.4794453358728,55.66684694271489,672.462630051833 37.47912749938932,55.66684300446594,673.9968860332783 37.47880966298462,55.66683906539425,673.9968860332783 37.47849182665868,55.666835125499816,674.9922778789814 37.47817399041155,55.66683118478266,676.2334888164814 37.477856154243234,55.66682724324276,676.2334888164814 37.47753831815374,55.66682330088012,678.2332599346455 37.477220482143096,55.66681935769474,683.7699115459736 37.47690264621132,55.666815413686635,683.7699115459736 37.47658481035842,55.6668114688558,683.0347430889424 37.47626697458442,55.66680752320223,681.0607440655049 37.47594913888933,55.66680357672591,681.0607440655049 37.47563130327317,55.666799629426876,679.7138812725361 37.47531346773596,55.6667956813051,678.1216724102314 37.474995632277704,55.666791732360586,678.1216724102314 37.47467779689843,55.66678778259335,678.6836078350361 37.474359961598154,55.66678383200338,680.5417926494893 37.47404212637689,55.666779880590674,680.5417926494893 37.473724291234646,55.66677592835525,685.0685413067158 37.47340645617145,55.66677197529709,685.0685413067158 37.473088621187316,55.666768021416196,685.0685413067158 37.47277078628226,55.666764066712574,687.2500751201924 37.4724529514563,55.666760111186214,685.2168567364033 37.47213511670944,55.66675615483714,685.2168567364033 37.47181728204172,55.66675219766533,682.8348224346455 37.471499447453134,55.6667482396708,682.2174518291768 37.4711816129437,55.66674428085354,682.2174518291768 37.47086377851346,55.66674032121355,683.8780963604268 37.470545944162396,55.66673636075084,682.889876145583 37.47022810989055,55.6667323994654,682.889876145583 37.46991027569793,55.66672843735724,682.4612720196064 37.46959244158454,55.666724474426346,682.6131732647236 37.46927460755042,55.66672051067274,682.6131732647236 37.46895677359557,55.66671654609639,683.3534839336689 37.46863893972001,55.66671258069734,682.6146838848408 37.468321105923756,55.66670861447555,682.6146838848408 37.46800327220683,55.666704647431054,684.5707538311299 37.467685438569234,55.66670067956381,682.8948657696064 37.467367605011,55.66669671087387,682.8948657696064 37.46704977153214,55.666692741361196,680.9965961162861 37.46673193813267,55.666688771025804,681.6538074199971 37.4664141048126,55.66668479986769,681.6538074199971 37.46609627157196,55.66668082788686,683.3732898418721 37.46577843841075,55.666676855083296,682.1563098614033 37.46546060532901,55.66667288145703,682.1563098614033 37.46514277232672,55.66666890700804,681.357893723708 37.46482493940393,55.66666493173633,684.6208942119893 37.464507106560646,55.6666609556419,684.6208942119893 37.464189273796876,55.66665697872476,687.2452075664814 37.46387144111265,55.6666530009849,678.3648517315205 37.46355360850797,55.66664902242233,678.3648517315205 37.46323577598286,55.666645043037036,676.0758502666768 37.46291794353734,55.66664106282902,674.5717456524189 37.462600111171426,55.66663708179829,674.5717456524189 37.46228227888513,55.66663309994487,671.5489795391377 37.461964446678465,55.666629117268705,667.4996936504658 37.46164661455145,55.666625133769834,667.4996936504658 37.46132878250411,55.666621149448254,664.3197620098408 37.461010950536455,55.666617164303965,662.6323383037861 37.46069311864849,55.666613178336966,662.6323383037861 37.460375286840254,55.66660919154725,663.9410388653096 37.46005745511175,55.66660520393482,664.9623248760518 37.459739623463,55.66660121549968,664.9623248760518 37.45942179189401,55.66659722624184,665.8642718975361 37.45910396040481,55.666593236161276,667.8903949444111 37.458786128995406,55.66658924525801,667.8903949444111 37.45846829766581,55.66658525353202,668.8202350323018 37.45815046641606,55.666581260983335,669.3575427715596 37.45783263524615,55.666577267611935,669.3575427715596 37.45751480415611,55.666573273417825,667.9961383526143 37.457196973145955,55.66656927840103,667.5097644512471 37.4568791422157,55.66656528256151,667.5097644512471 37.45656131136535,55.66656128589928,667.6561877910908 37.45624348059493,55.666557288414346,668.4465472881611 37.455925649904465,55.666553290106705,668.4465472881611 37.45560781929397,55.66654929097636,669.8460223858174 37.45528998876345,55.66654529102332,669.1611774151143 37.45497215831291,55.66654129024757,669.1611774151143 37.45465432794241,55.66653728864911,668.0250384990986 37.45433649765192,55.66653328622796,668.9082172100361 37.45401866744148,55.666529282984094,668.9082172100361 37.45370083731111,55.666525278917526,669.0481097881611 37.45338300726082,55.66652127402826,669.0443713848408 37.45306517729062,55.666517268316284,669.0443713848408 37.45274734740053,55.666513261781624,669.3345782940205 37.45242951759057,55.66650925442425,669.9853046123799 37.45243660821072,55.6663296113174,669.3063495342549 37.45244369875072,55.666149968204664,669.5545947735127 37.45245078921059,55.66597032508603,669.5545947735127 37.452457879590305,55.6657906819615,670.5030811016377 37.45246496988989,55.66561103883109,669.6314990703877 37.45247206010932,55.66543139569478,669.6314990703877 37.452479150248635,55.66525175255257,671.7152545635518 37.4524862403078,55.66507210940449,674.5453326885518 37.452493330286835,55.6648924662505,674.5453326885518 37.452500420185736,55.66471282309062,674.1002948467549 37.4525075100045,55.66453317992484,673.3923633282002 37.45251459974314,55.664353536753175,673.3923633282002 37.45252168940164,55.66417389357562,672.0581348125752 37.452528778980025,55.663994250392165,672.9912860576924 37.45253586847828,55.66381460720282,672.9912860576924 37.4525429578964,55.66363496400759,674.6582935039814 37.4525500472344,55.66345532080645,677.7754047100361 37.45255713649228,55.663275677599444,677.7754047100361 37.45287494011819,55.663279684474084,674.2748096172627 37.453192743824225,55.663283690526136,672.9306171123799 37.45351054761034,55.66328769575558,672.9306171123799 37.45382835147653,55.66329170016242,671.4958789532002 37.45414615542277,55.663295703746655,670.5130603496846 37.454463959449065,55.66329970650829,670.5130603496846 37.454781763555374,55.66330370844733,670.0273578350361 37.45509956774169,55.66330770956375,669.2061755840596 37.45541737200799,55.663311709857574,669.2061755840596 37.45573517635428,55.66331570932879,668.2639606182393 37.45605298078052,55.66331970797741,667.2028033916768 37.4563707852867,55.66332370580341,667.2028033916768 37.45668858987281,55.663327702806804,668.0248706524189 37.45700639453883,55.66333169898759,669.3370044414814 37.457324199284734,55.66333569434578,669.3370044414814 37.457642004110525,55.66333968888136,670.100569504958 37.45795980901617,55.66334368259433,673.5316608135518 37.45827761400166,55.66334767548467,673.5316608135518 37.458595419066974,55.663351667552426,677.7039630596455 37.458913224212104,55.66335565879757,678.9411304180439 37.45923102943702,55.66335964922009,678.9411304180439 37.45954883474172,55.66336363882001,673.0511462871846 37.45986664012618,55.66336762759732,667.3535754864033 37.46018444559038,55.66337161555201,667.3535754864033 37.460502251134315,55.66337560268409,662.3524005596455 37.46082005675795,55.66337958899357,661.9246967022236 37.46113786246129,55.66338357448041,661.9246967022236 37.46145566824432,55.66338755914467,665.0369403545674 37.461773474107,55.6633915429863,667.3945605938252 37.46209128004932,55.66339552600531,667.3945605938252 37.46240908607128,55.66339950820171,668.2578571026143 37.46272689217285,55.663403489575494,669.4324939434346 37.46304469835402,55.66340747012667,669.4324939434346 37.463362504614764,55.66341144985522,672.5535113994893 37.46368031095508,55.66341542876116,674.843733567458 37.46399811737494,55.66341940684448,674.843733567458 37.46431592387433,55.66342338410519,673.2991779033955 37.46463373045324,55.66342736054327,673.7736346905049 37.46495153711164,55.66343133615873,673.7736346905049 37.46526934384952,55.66343531095158,674.6696460430439 37.46558715066688,55.66343928492181,674.615950364333 37.46590495756368,55.663443258069414,674.615950364333 37.46622276453991,55.663447230394404,675.8863513653096 37.466540571595566,55.66345120189678,678.0215594951924 37.46685837873061,55.663455172576526,678.0215594951924 37.46717618594505,55.663459142433645,679.7021930401143 37.46749399323885,55.66346311146816,677.8638599102314 37.467811800612,55.66346707968004,677.8638599102314 37.46812960806449,55.663471047069294,676.4613635723408 37.46844741559629,55.66347501363593,677.0517718975361 37.4687652232074,55.66347897937994,677.0517718975361 37.469083030897785,55.663482944301336,682.6968524639424 37.46940083866744,55.663486908400095,680.5814197246846 37.469718646516355,55.66349087167623,680.5814197246846 37.4700364544445,55.66349483412976,679.3511951153096 37.47035426245186,55.66349879576063,680.2950122539814 37.470672070538434,55.663502756568896,680.2950122539814 37.47098987870419,55.66350671655453,680.7492053692158 37.47130768694911,55.66351067571754,681.3386829082783 37.47162549527319,55.66351463405792,681.3386829082783 37.471943303676404,55.663518591575674,681.7036731426533 37.47226111215874,55.6635225482708,681.9298694317158 37.47257892072018,55.66352650414329,681.9298694317158 37.472896729360706,55.66353045919317,682.5674884502705 37.473214538080306,55.66353441342041,682.8921802227314 37.47353234687897,55.663538366825,682.8921802227314 37.47385015575666,55.66354231940698,683.4067676250752 37.474167964713374,55.66354627116632,682.9697406475361 37.4744857737491,55.66355022210303,682.9697406475361 37.47480358286381,55.66355417221711,682.7844379131611 37.475121392057495,55.663558121508565,683.6268603985127 37.47543920133013,55.663562069977374,683.6268603985127 37.47575701068172,55.663566017623566,682.5536487285908 37.476074820112224,55.663569964447106,680.4458148662861 37.47639262962163,55.663573910448015,680.4458148662861 37.47671043920994,55.66357785562629,679.2116687481221 37.47702824887711,55.66358179998195,677.8448016826924 37.47734605862315,55.66358574351496,677.8448016826924 37.477663868448026,55.66358968622533,676.5821979229268 37.477981678351725,55.66359362811306,675.6394794170674 37.47829948833424,55.66359756917815,675.6394794170674 37.47861729839554,55.66360150942062,675.0492084209736 37.478935108535616,55.66360544884045,673.1267993633564 37.479252918754455,55.66360938743763,673.1267993633564 37.479570729052035,55.66361332521218,672.4035327617939 37.479888539428345,55.66361726216409,674.1560199444111 37.48020634988337,55.663621198293356,674.1560199444111 37.480524160417076,55.663625133599986,674.4380634014424 37.48084197102946,55.66362906808398,674.7776477520283 37.48115978172052,55.66363300174533,674.7776477520283 37.48147759249021,55.663636934584034,674.9022967998799 37.48179540333854,55.66364086660009,675.8359668438252 37.48211321426547,55.66364479779352,675.8359668438252 37.482431025271005,55.663648728164304,676.478255051833 37.482748836355114,55.66365265771243,677.4861896221455 37.48306664751778,55.66365658643793,677.4861896221455 37.483384458759005,55.66366051434078,680.9617603008564 37.483702270078744,55.66366444142099,681.8409259502705 37.484020081477006,55.663668367678554,681.8409259502705 37.48433789295376,55.66367229311347,682.2425677959736 37.484655704509,55.663676217725744,682.6785724346455 37.4849735161427,55.66368014151536,682.6785724346455 37.48529132785485,55.66368406448235,682.2569415752705 37.48560913964543,55.66368798662667,682.6051471416768 37.48592695151443,55.66369190794836,682.6051471416768 37.48624476346182,55.663695828447395,685.6180408184346 37.486562575487596,55.66369974812378,686.2888629619893 37.48688038759173,55.663703666977526,686.2888629619893 37.48719819977423,55.663707585008616,686.1767108623799 37.487516012035044,55.663711502217055,687.483626145583 37.48783382437418,55.66371541860285,687.483626145583 37.48815163679162,55.66371933416598,688.8478229229268 37.488469449287344,55.66372324890647,689.8340747539814 37.488787261861326,55.663727162824316,689.8340747539814 37.48910507451357,55.6637310759195,690.199446458083 37.48942288724404,55.663734988192026,691.0938556377705 37.48974070005272,55.663738899641906,691.0938556377705 37.49005851293961,55.66374281026914,690.2850482647236 37.49037632590469,55.66374672007371,689.9773547832783 37.49069413894793,55.663750629055635,689.9773547832783 37.49101195206932,55.663754537214906,690.5991504375752 37.49132976526886,55.66375844455152,689.6938159649189 37.491647578546505,55.66376235106548,689.6938159649189 37.49196539190226,55.66376625675677,689.659407395583 37.4922832053361,55.66377016162542,690.1192462627705 37.492601018848006,55.66377406567141,690.1192462627705 37.492918832437965,55.66377796889474,689.186751145583 37.49323664610596,55.66378187129542,689.7437732403096 37.493554459851985,55.66378577287343,689.7437732403096 37.493872273676004,55.6637896736288,688.1956622783955 37.49419008757802,55.6637935735615,686.8897388164814 37.494507901558,55.66379747267153,686.8897388164814 37.49482571561593,55.663801370958915,686.7172229473408 37.49514352975181,55.66380526842364,688.7918384258564 37.49546134396561,55.6638091650657,688.7918384258564 37.49577915825731,55.66381306088509,693.6502826397236 37.4960969726269,55.663816955881835,696.6286304180439 37.496414787074364,55.66382085005591,696.6286304180439 37.49673260159968,55.663824743407325,699.6157520000752 37.49705041620284,55.663828635936085,701.3349292461689 37.49736823088383,55.66383252764217,701.3349292461689 37.49768604564262,55.663836418525584,702.6343372051533 37.498003860479194,55.66384030858636,703.9861438457783 37.498321675393555,55.66384419782445,703.9861438457783 37.49863949038566,55.66384808623989,703.1975238506611 37.49895730545552,55.66385197383265,700.792464036208 37.4992751206031,55.66385586060275,700.792464036208 37.49959293582839,55.66385974655019,697.3823993389424 37.49991075113137,55.66386363167496,694.7493579571064 37.50022856651202,55.66386751597706,694.7493579571064 37.50054638197034,55.6638713994565,693.5604999248799 37.500864197506296,55.66387528211326,693.2795551006611 37.50118201311988,55.66387916394736,693.2795551006611 37.50149982881108,55.66388304495879,691.2635181133564 37.50181764457986,55.66388692514755,689.702376145583 37.502135460426224,55.66389080451365,689.702376145583 37.502453276350145,55.663894683057066,691.9775836651143 37.50277109235162,55.66389856077781,692.2654559795674 37.50308890843061,55.663902437675894,692.2654559795674 37.50340672458712,55.663906313751305,691.8649127666768 37.503724540821125,55.663910189004035,692.1182391826924 37.504042357132604,55.663914063434106,692.1182391826924 37.50436017352155,55.6639179370415,690.6817767803486 37.50467798998794,55.66392180982622,686.5805194561299 37.50499580653176,55.66392568178826,686.5805194561299 37.50531362315299,55.66392955292764,679.4161212627705 37.50563143985162,55.66393342324433,673.4567401592549 37.50594925662763,55.66393729273835,673.4567401592549 37.506267073481,55.6639411614097,675.9566791240986 37.506584890411716,55.66394502925837,680.2375018780049 37.50690270741976,55.663948896284374,680.2375018780049 37.50722052450513,55.663952762487696,682.7167651836689 37.50753834166779,55.663956627868345,683.9272906963643 37.507856158907735,55.6639604924263,683.9272906963643 37.50817397622494,55.66396435616159,683.5807178203877 37.5084917936194,55.6639682190742,684.1950824444111 37.50880961109108,55.66397208116413,684.1950824444111 37.509127428639985,55.66397594243139,685.2206409160908 37.5094452462661,55.663979802875964,685.9183490459736 37.50976306396938,55.663983662497856,685.9183490459736 37.51008088174983,55.66398752129707,685.1724384014424 37.510398699607435,55.6639913792736,685.8121936504658 37.51071651754218,55.66399523642745,685.8121936504658 37.51103433555403,55.66399909275862,684.4605701153096 37.51135215364298,55.664002948267104,683.0690601055439 37.51166997180902,55.66400680295291,683.0690601055439 37.511987790052125,55.66401065681603,683.5713489239033 37.51230560837229,55.66401450985647,685.2976367657002 37.51262342676948,55.66401836207422,685.2976367657002 37.512941245243695,55.6640222134693,686.5995624248799 37.513259063794905,55.66402606404169,688.2631519024189 37.5135768824231,55.66402991379139,688.2631519024189 37.51389470112827,55.664033762718404,690.4945056621846 37.514212519910394,55.66403761082273,692.6047504131611 37.514530338769454,55.66404145810437,692.6047504131611 37.51484815770544,55.664045304563324,691.3196246807393 37.515165976718315,55.6640491501996,693.485579270583 37.51548379580809,55.664052995013186,693.485579270583 37.51580161497473,55.664056839004076,697.2495258037861 37.516119434218226,55.664060682172284,699.8838184063252 37.516437253538555,55.6640645245178,699.8838184063252 37.51675507293571,55.664068366040624,698.4672229473408 37.51707289240967,55.66407220674076,696.0315082256611 37.517390711960424,55.664076046618206,696.0315082256611 37.517708531587935,55.66407988567297,695.9317310039814 37.51802635129222,55.66408372390503,697.3475177471455 37.51834417107323,55.664087561314396,697.3475177471455 37.51866199093097,55.66409139790108,699.761702317458 37.518979810865424,55.66409523366507,702.4252002422627 37.51929763087656,55.664099068606376,702.4252002422627 37.519615450964366,55.66410290272498,705.0798328106221 37.51993327112883,55.66410673602089,702.7904193584736 37.520251091369936,55.664110568494095,702.7904193584736 37.520568911687675,55.664114400144626,701.6993854229268 37.52088673208201,55.66411823097245,704.6003711407002 37.521204552552945,55.66412206097758,704.6003711407002 37.52152237310045,55.66412589016002,706.1137378399189 37.52184019372452,55.66412971851975,707.7807605449971 37.52215801442512,55.664133546056796,707.7807605449971 37.52247583520226,55.66413737277115,709.3383472149189 37.5227936560559,55.66414119866279,707.6830432598408 37.52311147698604,55.66414502373174,707.6830432598408 37.52342929799266,55.664148847978005,705.7236011211689 37.52374711907573,55.66415267140154,704.8699634258564 37.52406494023525,55.664156494002405,704.8699634258564 37.52438276147119,55.66416031578056,709.1985004131611 37.524700582783545,55.66416413673601,708.7977740948018 37.52501840417229,55.66416795686877,708.7977740948018 37.525336225637425,55.66417177617882,712.3639667217549 37.52565404717891,55.664175594666176,714.1358478252705 37.525971868796745,55.66417941233082,714.1358478252705 37.52628969049091,55.66418322917277,716.283919114333 37.52660751226139,55.66418704519202,713.7974078838643 37.52692533410816,55.66419086038856,713.7974078838643 37.52724315603121,55.66419467476239,713.1870868389424 37.52756097803053,55.66419848831353,711.1197803203877 37.52787880010609,55.66420230104197,711.1197803203877 37.52819662225788,55.6642061129477,710.8379810039814 37.528514444485886,55.66420992403072,710.9994037334736 37.52883226679009,55.664213734291025,710.9994037334736 37.52915008917047,55.66421754372863,709.5773608867939 37.529467911627016,55.664221352343546,708.8314655010518 37.52978573415972,55.664225160135736,708.8314655010518 37.530103556768545,55.664228967105224,709.1612537090596 37.53042137945349,55.66423277325202,709.8131702129658 37.53073920221453,55.66423657857609,709.8131702129658 37.53105702505166,55.66424038307745,710.8690936748799 37.53137484796485,55.66424418675611,710.4206226055439 37.53169267095409,55.66424798961206,710.4206226055439 37.53201049401936,55.66425179164529,710.6476428692158 37.532328317160655,55.664255592855824,711.6692187969502 37.53264614037795,55.66425939324363,711.6692187969502 37.532963963671214,55.66426319280874,711.3120258037861 37.53328178704046,55.66426699155114,712.9182727520283 37.53359961048565,55.66427078947081,712.9182727520283 37.53391743400678,55.664274586567785,712.6048724834736 37.534235257603825,55.664278382842035,711.1809070293721 37.534553081276776,55.664282178293575,711.1809070293721 37.534870905025606,55.664285972922414,712.2565601055439 37.53518872885031,55.66428976672852,711.6681354229268 37.53550655275086,55.66429355971193,711.6681354229268 37.53582437672725,55.66429735187261,712.1941363994893 37.53614220077946,55.66430114321059,712.1212909405049 37.53646002490748,55.664304933725845,712.1212909405049 37.536777849111274,55.66430872341838,713.109358567458 37.537095673390844,55.6643125122882,713.5000598614033 37.53741349774617,55.66431630033531,713.5000598614033 37.53773132217723,55.66432008755969,711.9121539776143 37.53804914668401,55.664323873961365,710.298323411208 37.5383669712665,55.66432765954032,710.298323411208 37.538684795924674,55.66433144429656,708.5875842754658 37.53900262065852,55.664335228230065,707.7767932598408 37.53932044546803,55.664339011340864,707.7767932598408 37.539638270353166,55.66434279362893,707.2077014629658 37.53995609531393,55.664346575094285,706.3450915996846 37.5402739203503,55.66435035573693,706.3450915996846 37.54059174546226,55.66435413555684,706.4097278301533 37.54090957064979,55.66435791455403,705.5610645000752 37.541227395912884,55.664361692728505,705.5610645000752 37.54154522125151,55.66436547008024,704.5330646221455 37.54186304666566,55.66436924660927,706.5659473125752 37.54218087215533,55.66437302231557,706.5659473125752 37.54249869772048,55.66437679719915,709.2619311992939 37.542816523361104,55.664380571260004,709.5894611065205 37.543134349077185,55.664384344498124,709.5894611065205 37.54345217486871,55.664388116913535,706.6752002422627 37.54377000073567,55.6643918885062,706.6625354473408 37.54408782667803,55.66439565927616,706.6625354473408 37.54440565269579,55.664399429223394,706.9503467266377 37.54472347878891,55.66440319834788,704.9635455791768 37.54504130495741,55.66440696664965,704.9635455791768 37.54535913120123,55.6644107341287,703.3466174785908 37.54567695752039,55.66441450078502,703.761946458083 37.545994783914864,55.66441826661861,703.761946458083 37.546312610384625,55.664422031629464,704.7406146709736 37.546630436929675,55.664425795817586,702.4891956035908 37.54694826354998,55.66442955918299,702.4891956035908 37.54726609024552,55.66443332172567,698.1505572979268 37.5475839170163,55.664437083445605,696.4026935283955 37.54790174386228,55.66444084434281,696.4026935283955 37.548219570783466,55.6644446044173,695.8905627910908 37.548537397779825,55.66444836366903,696.9178607647236 37.54885522485135,55.66445212209805,696.9178607647236 37.549173051998025,55.664455879704335,696.5067889873799 37.549490879219825,55.66445963648787,696.7715289776143 37.549808706516735,55.66446339244869,696.7715289776143 37.55012653388875,55.66446714758677,697.9709460918721 37.550444361335835,55.66447090190212,697.4138629619893 37.550762188857995,55.664474655394734,697.4138629619893 37.551080016455195,55.6644784080646,696.0147235576924 37.55139784412743,55.66448215991175,693.3919513408955 37.551715671874675,55.66448591093616,693.3919513408955 37.55203349969692,55.66448966113782,692.0998065655049 37.55235132759415,55.664493410516755,690.7547137920674 37.55266915556634,55.66449715907295,690.7547137920674 37.552986983613486,55.66450090680641,688.9207904522236 37.55330481173556,55.66450465371713,688.1955554668721 37.553622639932556,55.664508399805115,688.1955554668721 37.553940468204445,55.664512145070354,688.4886005108174 37.55425829655121,55.664515889512856,687.4475391094502 37.554576124972854,55.66451963313263,687.4475391094502 37.554893953469346,55.66452337592965,688.9064624492939 37.55521178204067,55.66452711790393,692.4059436504658 37.55552961068681,55.66453085905547,692.4059436504658 37.555847439407756,55.66453459938427,697.9963061992939 37.556165268203486,55.66453833889033,693.6123340313252 37.556483097073986,55.66454207757364,693.6123340313252 37.55680092601923,55.66454581543423,685.3008716289814 37.55711875503922,55.66454955247206,685.5227344219502 37.557436584133924,55.664553288687145,685.5227344219502 37.55775441330333,55.664557024079485,685.7318713848408 37.558072242547425,55.66456075864908,686.4707019512471 37.55839007186618,55.66456449239594,686.4707019512471 37.558707901259595,55.664568225320046,685.1343066875752 37.55902573072765,55.66457195742142,688.2279346172627 37.55934356027032,55.66457568870004,688.2279346172627 37.559661389887594,55.6645794191559,688.9855487530049 37.55997921957946,55.66458314878903,688.0298297588643 37.56029704934589,55.66458687759941,688.0298297588643 37.560614879186886,55.664590605587044,685.4341876690205 37.56093270910242,55.66459433275192,680.7580707256611 37.56125053909246,55.66459805909406,680.7580707256611 37.561568369157015,55.664601784613446,679.4058673565205 37.56188619929606,55.664605509310086,679.0077655498799 37.56220402950958,55.66460923318397,679.0077655498799 37.56252185979755,55.6646129562351,677.366926926833 37.56283969015997,55.66461667846349,677.7255084698018 37.563157520596796,55.66462039986913,677.7255084698018 37.563475351108046,55.66462412045201,678.2457721416768 37.56379318169368,55.66462784021214,678.5933063213643 37.564111012353685,55.66463155914953,678.5933063213643 37.56442884308805,55.66463527726415,679.2318408672627 37.56474667389676,55.66463899455603,678.3145587627705 37.565064504779784,55.66464271102515,678.3145587627705 37.56538233573713,55.66464642667152,677.4152972881611 37.56570016676876,55.66465014149512,677.2615344707783 37.56601799787466,55.66465385549599,677.2615344707783 37.56633582905483,55.66465756867408,677.0236499492939 37.566653660309235,55.66466128102943,676.6707904522236 37.56697149163787,55.66466499256203,676.6707904522236 37.56728932304072,55.664668703271865,674.8989246074971 37.56760715451775,55.66467241315895,673.9727771465596 37.56792498606897,55.66467612222326,673.9727771465596 37.56824281769434,55.664679830464834,674.7769763653096 37.56856064939386,55.66468353788364,674.6235645000752 37.56887848116751,55.664687244479694,674.6235645000752 37.56919631301526,55.664690950252975,671.8868549053486 37.569514144937116,55.664694655203505,671.0819385235127 37.56983197693304,55.66469835933128,671.0819385235127 37.570149809003034,55.66470206263629,670.3641956035908 37.57046764114707,55.66470576511854,669.1174762432393 37.570785473365135,55.66470946677803,669.1174762432393 37.57110330565722,55.66471316761476,669.0073383037861 37.57142113802329,55.66471686762872,669.0720966045674 37.57173897046335,55.66472056681992,669.0720966045674 37.572056802977364,55.66472426518837,668.5547473614033 37.57237463556533,55.66472796273404,668.9402148907002 37.572692468227224,55.66473165945696,668.9402148907002 37.573010300963034,55.664735355357124,668.7912128155049 37.57332813377275,55.664739050434505,668.6890552227314 37.57364596665633,55.66474274468913,668.6890552227314 37.573963799613786,55.66474643812098,668.3968494121846 37.57428163264509,55.66475013073008,668.2921741192158 37.57459946575022,55.66475382251641,668.2921741192158 37.57491729892917,55.66475751347997,667.9350574199971 37.575235132181916,55.664761203620756,667.1812884990986 37.57555296550844,55.664764892938784,667.1812884990986 37.575870798908745,55.664768581434046,666.242903489333 37.576188632382795,55.66477226910654,666.5720966045674 37.57650646593057,55.66477595595626,666.5720966045674 37.576824299552065,55.66477964198323,666.4766376201924 37.577142133247264,55.66478332718741,666.6609790508564 37.577459967016146,55.664787011568826,666.6609790508564 37.57777780085869,55.664790695127465,665.6767108623799 37.57809563477489,55.664794377863345,668.7945850078877 37.57841346876472,55.664798059776444,668.7945850078877 37.57873130282818,55.664801740866785,667.9555194561299 37.57904913696523,55.664805421134346,662.0511005108174 37.57936697117587,55.66480910057914,662.0511005108174 37.57968480546008,55.664812779201156,660.8699634258564 37.58000263981784,55.664816457000406,662.9263599102314 37.58032047424914,55.66482013397687,662.9263599102314 37.580638308753954,55.66482381013058,665.8269183819111 37.58095614333227,55.6648274854615,667.6325214092549 37.58127397798408,55.66483115996965,667.6325214092549 37.58159181270936,55.66483483365503,667.7030017559346 37.58190964750809,55.66483850651763,667.3761279766377 37.58222748238026,55.66484217855745,667.3761279766377 37.58254531732585,55.6648458497745,665.5821063701924 37.58286315234485,55.66484952016877,664.5637347881611 37.58318098743723,55.66485318974026,664.5637347881611 37.583498822602984,55.66485685848899,665.655989426833 37.58381665784209,55.66486052641493,661.6046741192158 37.584134493154544,55.66486419351809,661.6046741192158 37.584452328540316,55.66486785979848,660.1239764873799 37.584770163999394,55.664871525256075,662.5162036602314 37.58508799953176,55.6648751898909,662.5162036602314 37.5854058351374,55.66487885370295,664.6673724834736 37.5857236708163,55.66488251669222,661.6915118877705 37.586041506568435,55.66488617885871,661.6915118877705 37.5863593423938,55.664889840202406,660.9140308086689 37.58667717829237,55.66489350072333,665.0004108135518 37.58699501426413,55.66489716042147,665.0004108135518 37.58731285030907,55.66490081929684,665.4981067364033 37.58763068642716,55.6649044773494,663.0462634746846 37.5879485226184,55.6649081345792,663.0462634746846 37.588266358882755,55.66491179098622,659.4668719951924 37.58858419522023,55.66491544657043,660.6036365215596 37.58890203163079,55.66491910133188,660.6036365215596 37.58921986811443,55.66492275527053,656.0595233623799 37.58953770467113,55.664926408386414,654.1322009746846 37.58985554130087,55.664930060679495,654.1322009746846 37.59017337800364,55.6649337121498,653.778792161208 37.59049121477941,55.66493736279731,654.1075580303486 37.59080905162819,55.664941012622045,654.1075580303486 37.591126888549944,55.664944661623984,654.6199939434346 37.59144472554465,55.66494830980314,653.7637469951924 37.5917625626123,55.6649519571595,653.7637469951924 37.59208039975289,55.66495560369308,655.7568042461689 37.59239823696639,55.66495924940388,661.8901965801533 37.59271607425278,55.66496289429187,661.8901965801533 37.59303391161205,55.66496653835708,660.6190784160908 37.59335174904418,55.6649701815995,654.017317551833 37.59366958654916,55.66497382401913,654.017317551833 37.593987424126965,55.664977465615976,649.9945361797627 37.59430526177759,55.664981106390016,647.7052905742939 37.59462309950101,55.66498474634128,647.7052905742939 37.59494093729721,55.66498838546974,649.8160999004658 37.595258775166165,55.66499202377541,653.8719623272236 37.59557661310787,55.66499566125829,653.8719623272236 37.59589445112232,55.66499929791838,655.3389728252705 37.596212289209475,55.665002933755666,655.4779193584736 37.59653012736933,55.66500656877017,655.4779193584736 37.59684796560187,55.665010202961874,656.3888385479268 37.59716580390707,55.665013836330786,656.9824207012471 37.59748364228492,55.665017468876904,656.9824207012471 37.5978014807354,55.66502110060022,659.120833176833 37.5981193192585,55.66502473150074,661.4006488506611 37.5984371578542,55.66502836157846,661.4006488506611 37.59875499652248,55.66503199083339,660.7714069073018 37.59907283526332,55.665035619265524,661.9548785869893 37.59939067407672,55.66503924687487,661.9548785869893 37.59970851296266,55.6650428736614,660.2167194073018 37.60002635192111,55.665046499625134,661.6536853496846 37.60034419095206,55.66505012476608,661.6536853496846 37.60066203005549,55.66505374908422,664.1671283428486 37.600979869231395,55.66505737257956,667.6530444805439 37.601297708479755,55.665060995252105,667.6530444805439 37.60161554780054,55.66506461710185,671.504622239333 37.60193338719375,55.66506823812878,673.8341663067158 37.60225122665936,55.665071858332915,673.8341663067158 37.60256906619736,55.66507547771426,674.6173083965596 37.60288690580773,55.66507909627279,672.6631457989033 37.603204745490444,55.66508271400853,672.6631457989033 37.60352258524551,55.66508633092145,669.7219531719502 37.60384042507288,55.66508994701157,668.8324725811299 37.60415826497256,55.6650935622789,668.8324725811299 37.60447610494454,55.66509717672342,670.0185229961689 37.60479394498878,55.66510079034513,669.5540149395283 37.60511178510527,55.665104403144035,669.5540149395283 37.605429625294,55.66510801512014,670.8126971905049 37.605747465554956,55.66511162627344,672.7355334942158 37.606065305888116,55.66511523660393,672.7355334942158 37.60638314629347,55.66511884611161,673.0711047832783 37.60670098677098,55.665122454796496,672.8045489971455 37.60701882732066,55.665126062658565,672.8045489971455 37.60733666794248,55.66512966969783,675.4689624492939 37.607654508636415,55.665133275914286,678.9706714336689 37.607972349402466,55.66513688130794,678.9706714336689 37.6082901902406,55.665140485878766,678.4749896709736 37.60860803115081,55.6651440896268,676.8886859600361 37.60892587213308,55.66514769255202,676.8886859600361 37.60924371318738,55.66515129465443,676.1964862530049 37.60956155431372,55.66515489593402,677.2671191875752 37.60987939551206,55.66515849639081,677.2671191875752 37.61019723678239,55.66516209602479,675.5035846416768 37.6105150781247,55.66516569483595,674.2955157940205 37.61083291953897,55.665169292824295,674.2955157940205 37.61115076102517,55.66517288998984,674.0625751201924 37.611468602583315,55.66517648633257,674.4087207500752 37.61147496435536,55.66499683039809,675.8606708233174 37.6114813260555,55.66481717445783,675.2501819317158 37.61148768768372,55.6646375185118,675.2501819317158 37.61149404924005,55.664457862560006,673.2960651104268 37.61150041072447,55.66427820660241,672.5210406963643 37.611506772136984,55.66409855063906,672.5210406963643 37.6115131334776,55.663918894669926,669.7377155010518 37.611519494746304,55.663739238695,665.6033008282002 37.611525855943114,55.66355958271433,665.6033008282002 37.611532217068024,55.66337992672785,670.2824695293721 37.61153857812104,55.66320027073562,671.6722552959736 37.61154493910216,55.6630206147376,671.6722552959736 37.61155130001138,55.662840958733796,668.7097766582783 37.611557660848696,55.662661302724224,667.6166064922627 37.61156402161413,55.66248164670888,667.6166064922627 37.61157038230767,55.66230199068775,668.8900134746846 37.61157674292931,55.66212233466086,668.1011798565205 37.61158310347907,55.66194267862817,668.1011798565205 37.611265288110204,55.66193908271868,671.0576160137471 37.61094747281326,55.661935485986476,670.1656177227314 37.61062965758823,55.66193188843156,670.1656177227314 37.61031184243514,55.66192829005392,666.7150104229268 37.609994027354,55.661924690853574,668.338606614333 37.60967621234484,55.66192109083052,668.338606614333 37.60935839740766,55.66191748998475,670.8675983135518 37.60904058254249,55.66191388831628,670.5660236065205 37.60872276774934,55.66191028582508,670.5660236065205 37.60840495302823,55.66190668251117,671.6801440899189 37.60808713837917,55.66190307837456,671.6543109600361 37.60776932380218,55.66189947341523,671.6543109600361 37.60745150929728,55.66189586763321,669.3797443096455 37.60713369486448,55.661892261028456,671.1814105694111 37.606815880503795,55.66188865360102,671.1814105694111 37.60649806621525,55.66188504535086,670.1022327129658 37.60618025199886,55.661881436277994,671.9181201641377 37.60586243785463,55.661877826382415,671.9181201641377 37.6055446237826,55.661874215664135,672.5272052471455 37.605226809782764,55.661870604123145,670.3168933574971 37.60490899585514,55.66186699175945,670.3168933574971 37.60459118199976,55.66186337857305,668.6419208233174 37.604273368216624,55.66185976456395,670.1198108379658 37.60395555450576,55.66185614973214,670.1198108379658 37.60363774086717,55.66185253407763,675.7568957989033 37.603319927300895,55.661848917600416,675.5967090313252 37.60300211380693,55.66184530030049,675.5967090313252 37.6026843003853,55.66184168217786,674.2901447002705 37.602366487036015,55.66183806323253,673.0711810772236 37.60204867375909,55.66183444346449,673.0711810772236 37.60173086055456,55.66183082287376,671.2721698467549 37.601413047422426,55.66182720146033,667.3563525860127 37.6010952343627,55.66182357922419,667.3563525860127 37.60077742137541,55.66181995616535,668.9736316387471 37.600459608460575,55.66181633228381,671.1607806865986 37.6001417956182,55.66181270757958,671.1607806865986 37.5998239828483,55.66180908205264,671.4409473125752 37.599506170150896,55.661805455702996,672.3197009746846 37.59918835752602,55.66180182853066,672.3197009746846 37.598870544973664,55.66179820053563,672.0246112530049 37.59855273249385,55.66179457171789,671.2425067608174 37.598234920086604,55.66179094207746,671.2425067608174 37.59791710775194,55.661787311614326,668.570540208083 37.59759929548987,55.661783680328504,667.1432025615986 37.597281483300414,55.66178004821999,667.1432025615986 37.59696367118359,55.66177641528877,664.7772662823018 37.5966458591394,55.66177278153486,661.8060596172627 37.59632804716787,55.66176914695824,661.8060596172627 37.596010235269034,55.66176551155894,659.567610520583 37.595692423442884,55.66176187533694,658.872542161208 37.595374611689444,55.661758238292244,658.872542161208 37.59505680000873,55.66175460042485,659.2546069805439 37.594738988400756,55.661750961734775,659.3927295391377 37.59442117686555,55.661747322222,659.3927295391377 37.59410336540312,55.661743681886534,659.0454547588643 37.59378555401348,55.661740040728375,659.1888415996846 37.59346774269665,55.66173639874753,659.1888415996846 37.59314993145264,55.66173275594399,658.6819293682393 37.592832120281486,55.66172911231776,657.8002612774189 37.59251430918319,55.661725467868834,657.8002612774189 37.592196498157755,55.661721822597215,656.8069446270283 37.59187868720522,55.661718176502916,655.5313251201924 37.59156087632559,55.66171452958593,655.5313251201924 37.59124306551889,55.66171088184625,656.6842792217549 37.59092525478512,55.661707233283884,657.5581195537861 37.590607444124316,55.66170358389883,657.5581195537861 37.59028963353648,55.661699933691075,657.7107837383564 37.58997182302164,55.66169628266065,661.9603412334736 37.5896540125798,55.66169263080753,661.9603412334736 37.58933620221099,55.66168897813173,667.0506885235127 37.58901839191521,55.66168532463324,670.7865131084736 37.5887005816925,55.661681670312056,670.7865131084736 37.588382771542854,55.66167801516819,676.6488788311299 37.588064961466294,55.66167435920165,674.0162952129658 37.58774715146284,55.661670702412415,674.0162952129658 37.58742934153251,55.66166704480051,674.0472705547627 37.58711153167532,55.66166338636591,676.653792161208 37.586793721891276,55.661659727108635,676.653792161208 37.58647591218041,55.661656067028666,676.1788318340596 37.58615810254273,55.661652406126024,673.1246936504658 37.585840292978254,55.66164874440069,673.1246936504658 37.585522483487,55.661645081852676,670.2864062969502 37.585204674068976,55.661641418481985,671.133772629958 37.584886864724204,55.66163775428862,671.133772629958 37.584569055452704,55.66163408927256,673.5295551006611 37.584251246254496,55.66163042343383,676.4704578106221 37.58393343712959,55.66162675677242,676.4704578106221 37.58361562807799,55.661623089288334,677.1331317608174 37.583297819099734,55.66161942098156,675.7364032451924 37.58298001019483,55.66161575185211,675.7364032451924 37.58266220136329,55.66161208189999,675.423567551833 37.58234439260514,55.66160841112519,674.1068561260518 37.58202658392039,55.661604739527704,674.1068561260518 37.58170877530905,55.661601067107554,674.5014178936299 37.58139096677115,55.66159739386472,677.7040088360127 37.581073158306694,55.661593719799214,677.7040088360127 37.580755349915705,55.66159004491102,681.5534961407002 37.5804375415982,55.66158636920017,682.989241379958 37.5801197333542,55.661582692666634,682.989241379958 37.579801925183716,55.66157901531044,683.0272510235127 37.57948411708676,55.66157533713156,683.3731067364033 37.579166309063346,55.661571658129986,683.3731067364033 37.578848501113505,55.66156797830577,680.9262073223408 37.57853069323725,55.66156429765887,679.0526569073018 37.57821288543458,55.66156061618929,679.0526569073018 37.577895077705534,55.661556933897046,678.4319293682393 37.577577270050114,55.66155325078214,675.0666797344502 37.57725946246834,55.661549566844556,675.0666797344502 37.57694165496024,55.6615458820843,673.1423480694111 37.5766238475258,55.661542196501365,671.9714343731221 37.57630604016507,55.66153851009577,671.9714343731221 37.57598823287805,55.66153482286751,672.0453784649189 37.57567042566477,55.66153113481658,676.3639056865986 37.57535261852522,55.66152744594297,676.3639056865986 37.57503481145944,55.661523756246694,678.941145676833 37.57471700446744,55.66152006572777,676.7033374492939 37.574399197549226,55.66151637438616,676.7033374492939 37.574081390704826,55.66151268222189,677.4431140606221 37.57376358393426,55.661508989234946,675.869368333083 37.57344577723753,55.66150529542535,675.869368333083 37.573127970614664,55.66150160079307,675.4028461162861 37.57281016406568,55.66149790533815,676.3664844219502 37.57249235759058,55.66149420906055,676.3664844219502 37.5721745511894,55.66149051196028,676.6175372783955 37.57185674486214,55.66148681403736,675.7515857403096 37.57153893860882,55.66148311529177,675.7515857403096 37.571221132429464,55.66147941572351,673.8502948467549 37.57090332632409,55.6614757153326,675.4830615703877 37.5705855202927,55.66147201411901,675.4830615703877 37.570267714335316,55.66146831208277,675.0075214092549 37.56994990845196,55.66146460922388,675.7132709209736 37.56963210264264,55.661460905542306,675.7132709209736 37.569314296907386,55.66145720103809,676.0423419658955 37.5689964912462,55.66145349571121,677.1082141582783 37.56867868565911,55.66144978956165,677.1082141582783 37.56836088014612,55.66144608258945,678.0207660381611 37.56804307470727,55.66144237479459,678.8255603496846 37.56772526934254,55.66143866617708,678.8255603496846 37.56740746405198,55.6614349567369,678.6024005596455 37.56708965883558,55.661431246474066,678.9859302227314 37.56677185369338,55.66142753538857,678.9859302227314 37.56645404862538,55.661423823480426,677.640120286208 37.566136243631604,55.66142011074961,675.1593768780049 37.565818438712064,55.66141639719615,675.1593768780049 37.565500633866776,55.66141268282003,676.027083176833 37.56518282909577,55.66140896762126,677.5041797344502 37.56486502439905,55.661405251599824,677.5041797344502 37.56454721977662,55.66140153475575,677.7500751201924 37.564229415228525,55.66139781708902,676.1742847149189 37.56391161075476,55.66139409859963,676.1742847149189 37.56359380635535,55.661390379287575,675.7964008037861 37.56327600203031,55.66138665915289,677.3396136944111 37.56295819777965,55.66138293819554,677.3396136944111 37.562640393603395,55.66137921641554,678.8391711895283 37.56232258950157,55.66137549381288,677.1270129864033 37.56200478547417,55.66137177038759,677.1270129864033 37.56168698152122,55.661368046139636,677.3802325908955 37.561369177642746,55.66136432106903,677.7111499492939 37.56105137383875,55.66136059517577,677.7111499492939 37.560733570109264,55.66135686845987,674.1628863994893 37.56041576645429,55.66135314092131,672.2751147930439 37.56009796287385,55.66134941256013,672.2751147930439 37.55978015936796,55.661345683376275,672.9869373028096 37.55946235593663,55.66134195336977,674.9672076885518 37.559144552579895,55.66133822254063,674.9672076885518 37.55882674929776,55.66133449088884,676.444807786208 37.55850894609023,55.661330758414415,678.1666248028096 37.55819114295734,55.66132702511732,678.1666248028096 37.557873339899096,55.661323290997586,678.4812305157002 37.557555536915515,55.66131955605522,678.8968951885518 37.55723773400663,55.661315820290206,678.8968951885518 37.55691993117243,55.66131208370254,680.0603320782002 37.55660212841295,55.66130834629223,682.3510425274189 37.55628432572819,55.66130460805928,682.3510425274189 37.55596652311819,55.66130086900369,682.0463092510518 37.55564872058295,55.66129712912546,684.271223801833 37.555330918122486,55.66129338842458,684.271223801833 37.55501311573683,55.661289646901054,684.5841357891377 37.554695313425974,55.661285904554894,682.7650287334736 37.554377511189955,55.66128216138609,682.7650287334736 37.55405970902878,55.66127841739465,684.5408466045674 37.55374190694247,55.661274672580554,687.457014817458 37.55342410493103,55.66127092694384,687.457014817458 37.55310630299449,55.66126718048448,685.8032367412861 37.552788501132866,55.66126343320247,685.2640979473408 37.55247069934617,55.66125968509783,685.2640979473408 37.55215289763442,55.661255936170555,688.4796436016377 37.55183509599763,55.66125218642063,687.4392230694111 37.55151729443582,55.66124843584809,687.4392230694111 37.551199492948996,55.661244684452896,689.1421344463643 37.55088169153718,55.661240932235074,688.3298328106221 37.5505638902004,55.66123717919461,688.3298328106221 37.55024608893866,55.66123342533152,692.8047473614033 37.54992828775197,55.66122967064578,699.4523914043721 37.54961048664036,55.66122591513741,699.4523914043721 37.54929268560385,55.6612221588064,700.4218280498799 37.54897488464245,55.661218401652775,694.4556110088643 37.54865708375617,55.6612146436765,694.4556110088643 37.54833928294503,55.6612108848776,689.8977649395283 37.54802148220905,55.661207125256055,688.7788379375752 37.54770368154824,55.66120336481188,688.7788379375752 37.547385880962636,55.66119960354509,687.8321521465596 37.54706808045222,55.66119584145565,687.9769580547627 37.546750280017044,55.6611920785436,687.9769580547627 37.5464324796571,55.661188314808896,689.2093799297627 37.54611467937241,55.66118455025159,690.8680103008564 37.54579687916299,55.66118078487162,690.8680103008564 37.54547907902887,55.66117701866904,692.6370990459736 37.54516127897005,55.66117325164383,694.1665942852314 37.54484347898656,55.66116948379599,694.1665942852314 37.544525679078404,55.66116571512552,694.9712207500752 37.5442078792456,55.66116194563242,693.6676624004658 37.543890079488165,55.6611581753167,693.6676624004658 37.54357227980613,55.66115440417835,692.1612384502705 37.54325448019949,55.66115063221738,694.8898456280049 37.54293668066827,55.66114685943378,694.8898456280049 37.54261888121249,55.66114308582755,696.1129901592549 37.542301081832164,55.661139311398685,696.6389911358174 37.541983282527305,55.66113553614721,696.6389911358174 37.54166548329793,55.66113176007312,698.2489001934346 37.54134768414407,55.66112798317639,700.3104083721455 37.54102988506572,55.66112420545704,700.3104083721455 37.5407120860629,55.66112042691507,703.0907733623799 37.54039428713565,55.661116647550465,704.473616379958 37.54007648828395,55.66111286736326,704.473616379958 37.53975868950785,55.66110908635342,702.250227708083 37.53944089080734,55.66110530452096,702.2927386944111 37.53912309218246,55.66110152186588,702.2927386944111 37.538805293633196,55.66109773838817,701.1258533184346 37.5384874951596,55.66109395408786,704.5173022930439 37.53816969676166,55.66109016896491,704.5173022930439 37.53785189843941,55.66108638301935,709.4426257793721 37.53753410019286,55.66108259625117,706.3071582500752 37.537216302022024,55.66107880866038,706.3071582500752 37.53689850392692,55.66107502024696,705.0875079815205 37.53658070590757,55.66107123101092,704.6528003399189 37.53626290796399,55.66106744095227,704.6528003399189 37.53594511009617,55.66106365007101,702.8850696270283 37.53562731230417,55.661059858367125,701.5245349590596 37.53530951458798,55.66105606584062,701.5245349590596 37.534991716947616,55.66105227249152,701.2237994854268 37.5346739193831,55.66104847831977,701.3668048565205 37.534356121894454,55.661044683325436,701.3668048565205 37.53403832448169,55.66104088750848,702.2929828350361 37.533720527144816,55.6610370908689,703.9178149883564 37.53340272988386,55.66103329340672,703.9178149883564 37.533084932698834,55.661029495121916,705.118147629958 37.53276713558975,55.66102569601451,704.3857104961689 37.53244933855663,55.66102189608449,704.3857104961689 37.53213154159949,55.66101809533185,703.8074939434346 37.53181374471835,55.66101429375661,704.8780048076924 37.531495947913214,55.66101049135875,704.8780048076924 37.531178151184115,55.66100668813828,705.4374988262471 37.53086035453105,55.661002884095204,706.4371478740986 37.53054255795405,55.660999079229526,706.4371478740986 37.530224761453134,55.660995273541225,707.9673145000752 37.52990696502831,55.66099146703032,708.7041919414814 37.52958916867959,55.660987659696815,708.7041919414814 37.529271372407,55.660983851540685,708.4353931133564 37.52895357621056,55.66098004256195,708.6148212139424 37.528635780090276,55.66097623276062,708.6148212139424 37.52831798404617,55.66097242213668,708.5774982158955 37.52800018807825,55.66096861069014,710.3797748272236 37.52768239218654,55.66096479842099,710.3797748272236 37.52736459637106,55.660960985329226,712.0005023662861 37.527046800631815,55.66095717141486,712.3092792217549 37.52672900496884,55.660953356677894,712.3092792217549 37.52641120938213,55.66094954111833,710.4357288067158 37.52609341387171,55.66094572473615,709.4963061992939 37.525775618437606,55.660941907531374,709.4963061992939 37.525457823079826,55.66093808950399,710.3461139385518 37.52514002779838,55.66093427065401,708.911360520583 37.524822232593294,55.660930450981425,708.911360520583 37.52450443746458,55.66092663048624,707.8372790996846 37.52418664241225,55.66092280916845,706.7212512676533 37.52386884743634,55.66091898702806,706.7212512676533 37.52355105253684,55.66091516406508,705.933577317458 37.52323325771378,55.66091134027948,707.3155200664814 37.522915462967184,55.660907515671305,707.3155200664814 37.52259766829705,55.660903690240524,710.6970813457783 37.522279873703404,55.66089986398713,711.0518024151143 37.521962079186274,55.66089603691115,711.0518024151143 37.52164428474566,55.66089220901257,709.1098621074971 37.52132649038158,55.66088838029139,705.9532001201924 37.52100869609405,55.66088455074762,705.9532001201924 37.5206909018831,55.66088072038124,703.3820331280049 37.52037310774873,55.66087688919228,703.9374072735127 37.52005531369097,55.66087305718073,703.9374072735127 37.51973751970982,55.66086922434657,705.1125629131611 37.519419725805314,55.660865390689814,707.5449512188252 37.51910193197746,55.66086155621047,707.5449512188252 37.51878413822627,55.66085772090853,705.6935718242939 37.51846634455177,55.660853884784,705.9418628399189 37.51814855095396,55.660850047836874,705.9418628399189 37.51783075743288,55.66084621006716,704.0476672832783 37.51751296398854,55.66084237147484,701.6706836407002 37.51719517062094,55.66083853205995,701.6706836407002 37.51687737733011,55.66083469182246,702.2429187481221 37.51655958411607,55.66083085076237,700.691389817458 37.51624179097881,55.6608270088797,700.691389817458 37.515923997918385,55.66082316617443,697.0494220440205 37.51560620493479,55.66081932264658,702.2603137676533 37.51528841202804,55.66081547829614,702.2603137676533 37.51497061919816,55.66081163312311,707.3891284649189 37.514652826445165,55.66080778712749,706.9314105694111 37.51433503376906,55.66080394030928,706.9314105694111 37.51401724116988,55.66080009266849,705.3466937725361 37.51369944864762,55.66079624420511,701.4018085186299 37.51338165620232,55.66079239491914,701.4018085186299 37.51306386383398,55.66078854481059,697.0190417949971 37.512746071542615,55.66078469387945,697.6044299785908 37.512428279328255,55.66078084212572,697.6044299785908 37.5121104871909,55.66077698954942,693.7473132793721 37.51179269513058,55.66077313615052,689.0313098614033 37.51147490314731,55.66076928192905,689.0313098614033 37.5111571112411,55.66076542688498,686.9497211162861 37.510839319411964,55.66076157101835,686.4595020000752 37.51052152765993,55.660757714329115,686.4595020000752 37.51020373598501,55.660753856817315,686.4408099834736 37.509885944387214,55.66074999848291,685.6842334453877 37.509568152866564,55.660746139325944,685.6842334453877 37.509250361423085,55.660742279346394,686.056868333083 37.50893257005677,55.66073841854426,687.7224567119893 37.50861477876765,55.66073455691955,687.7224567119893 37.508296987555745,55.660730694472264,688.3352344219502 37.50797919642107,55.66072683120239,685.3592212383564 37.507661405363635,55.66072296710993,685.3592212383564 37.50734361438346,55.66071910219491,681.0194232647236 37.50702582348056,55.6607152364573,678.3760211651143 37.506708032654956,55.66071136989712,678.3760211651143 37.50639024190666,55.660707502514356,679.1538226787861 37.50607245123569,55.660703634309016,683.3013599102314 37.50575466064206,55.660699765281116,683.3013599102314 37.50543687012579,55.66069589543062,684.4742572490986 37.5051190796869,55.66069202475755,685.3826434795674 37.504801289325385,55.660688153261916,685.3826434795674 37.50448349904129,55.6606842809437,690.5637500469502 37.50416570883462,55.660680407802914,699.2991626446064 37.50384791870539,55.660676533839556,699.2991626446064 37.503530128653615,55.660672659053624,704.0475452129658 37.50321233867932,55.660668783445104,706.1216724102314 37.5028945487825,55.66066490701403,706.1216724102314 37.502576758963194,55.66066102976038,707.7184283916768 37.502258969221415,55.660657151684156,708.4307391826924 37.50194117955717,55.66065327278537,708.4307391826924 37.50162338997048,55.660649393064006,711.4094531719502 37.501305600461365,55.66064551252007,711.9390399639424 37.50098781102983,55.66064163115357,711.9390399639424 37.50067002167591,55.66063774896449,711.9075000469502 37.50035223239961,55.66063386595285,711.5297076885518 37.500034443200946,55.660629982118635,711.5297076885518 37.49971665407994,55.66062609746186,712.6064899151143 37.499398865036596,55.66062221198252,713.4766833965596 37.499081076070944,55.66061832568061,713.4766833965596 37.49876328718299,55.660614438556124,713.6780994121846 37.49844549837276,55.66061055060909,714.6488025371846 37.498127709640265,55.660606661839466,714.6488025371846 37.497809920985524,55.66060277224729,714.8091266338643 37.497492132408546,55.66059888183255,714.7472217266377 37.497174343909364,55.66059499059524,714.7472217266377 37.49685655548798,55.66059109853538,714.8232104961689 37.49653876714441,55.660587205652945,712.8136584942158 37.496220978878675,55.660583311947946,712.8136584942158 37.49590319069079,55.66057941742039,712.6121814434346 37.49558540258078,55.66057552207026,707.8238513653096 37.495267614548645,55.66057162589758,707.8238513653096 37.494949826594414,55.660567728902336,700.5750568096455 37.4946320387181,55.66056383108453,694.9923541729268 37.49431425091972,55.660559932444166,694.9923541729268 37.49399646319929,55.66055603298123,693.1401508037861 37.49367867555682,55.66055213269575,693.7862079326924 37.493360887992345,55.660548231587704,693.7862079326924 37.49304310050586,55.6605443296571,694.9641101543721 37.49272531309739,55.66054042690395,694.5660999004658 37.49240752576695,55.66053652332822,694.5660999004658 37.49208973851456,55.66053261892994,697.2161853496846 37.49177195134023,55.660528713709105,694.7945087139424 37.49145416424399,55.660524807665716,694.7945087139424 37.49113637722584,55.66052090079976,694.8541858379658 37.49081859028581,55.66051699311126,692.8987262432393 37.490500803423906,55.660513084600204,692.8987262432393 37.490183016640145,55.66050917526659,695.3564899151143 37.48986522993456,55.66050526511042,695.4193866436299 37.48954744330714,55.660501354131696,695.4193866436299 37.48922965675792,55.660497442330424,693.5138690655049 37.48891187028692,55.66049352970659,691.6116779033955 37.48859408389414,55.660489616260215,691.6116779033955 37.48827629757961,55.66048570199128,691.7659595196064 37.48795851134334,55.66048178689979,692.5717914287861 37.487640725185344,55.660477870985744,692.5717914287861 37.487322939105646,55.66047395424917,692.5310199444111 37.487005153104256,55.66047003669003,689.9732959453877 37.4866873671812,55.66046611830834,689.9732959453877 37.486369581336476,55.6604621991041,689.7025897686299 37.48605179557012,55.660458279077304,689.8671405498799 37.485734009882144,55.66045435822797,689.8671405498799 37.485416224272555,55.66045043655609,689.6903827373799 37.48509843874137,55.66044651406165,690.3904254619893 37.48478065328862,55.66044259074467,690.3904254619893 37.4844628679143,55.66043866660514,689.830549973708 37.484145082618454,55.660434741643066,690.1173236553486 37.48382729740108,55.660430815858454,690.1173236553486 37.48350951226219,55.66042688925128,692.5084369365986 37.483191727201806,55.660422961821574,688.7948749248799 37.48287394221995,55.66041903356932,688.7948749248799 37.48255615731664,55.66041510449452,684.6123187725361 37.48223837249188,55.66041117459717,679.8028705303486 37.4819205877457,55.66040724387729,679.8028705303486 37.4816028030781,55.66040331233484,677.9679248516377 37.48128501848911,55.66039937996988,677.7037036602314 37.48096723397875,55.66039544678237,677.7037036602314 37.48064944954702,55.66039151277231,678.2064349834736 37.48033166519395,55.66038757793971,680.2602832500752 37.48001388091955,55.660383642284565,680.2602832500752 37.47969609672384,55.66037970580688,681.3231342022236 37.47937831260684,55.660375768506654,680.2129352276143 37.47906052856855,55.6603718303839,680.2129352276143 37.47874274460901,55.660367891438604,681.2859027569111 37.47842496072821,55.660363951670774,682.7298877422627 37.47810717692619,55.66036001108039,682.7298877422627 37.47778939320295,55.660356069667486,683.3112323467549 37.47747160955852,55.660352127432034,684.5453632061299 37.47715382599291,55.66034818437404,684.5453632061299 37.476836042506136,55.66034424049351,685.0268542949971 37.476518259098206,55.66034029579045,685.0400378887471 37.476200475769154,55.660336350264856,685.0400378887471 37.47588269251898,55.660332403916726,685.354964036208 37.47556490934772,55.66032845674606,685.6587054912861 37.47524712625536,55.66032450875285,685.6587054912861 37.474929343241946,55.66032055993713,685.1152789776143 37.47461156030749,55.66031661029886,686.1045978252705 37.47429377745198,55.66031265983805,686.1045978252705 37.47397599467547,55.660308708554716,685.724104661208 37.473658211977956,55.66030475644885,683.9165942852314 37.47334042935946,55.66030080352045,683.9165942852314 37.47302264682,55.660296849769516,683.5896594707783 37.472704864359585,55.66029289519606,683.1660907451924 37.47238708197823,55.660288939800076,683.1660907451924 37.47206929967597,55.660284983581555,683.3317096416768 37.4717515174528,55.6602810265405,685.1150653545674 37.47143373530875,55.660277068676926,685.1150653545674 37.47111595324383,55.66027310999082,683.3599078838643 37.47079817125806,55.660269150482186,682.1419971172627 37.47048038935145,55.66026519015102,682.1419971172627 37.470162607524024,55.66026122899733,682.3591754619893 37.469844825775795,55.660257267021116,681.3634021465596 37.46952704410677,55.66025330422238,681.3634021465596 37.46920926251699,55.6602493406011,682.2564990703877 37.46889148100645,55.660245376157306,682.0780322735127 37.468573699575174,55.66024141089098,682.0780322735127 37.46825591822318,55.66023744480214,681.9024493877705 37.46793813695047,55.66023347789077,680.0360858623799 37.467620355757084,55.66022951015688,680.0360858623799 37.46730257464302,55.66022554160047,679.3292987530049 37.466984793608304,55.66022157222153,678.6320026104268 37.46666701265295,55.66021760202007,678.6320026104268 37.466349231776974,55.66021363099608,676.2101733867939 37.466031450980395,55.66020965914957,673.6906879131611 37.46571367026322,55.66020568648055,673.6906879131611 37.465395889625476,55.66020171298901,673.0941608135518 37.46507810906717,55.660197738674945,673.7161395733174 37.464760328588326,55.66019376353836,673.7161395733174 37.46444254818897,55.660189787579256,673.7059924785908 37.464124767869095,55.66018581079762,670.8128650371846 37.46380698762873,55.66018183319349,670.8128650371846 37.463489207467894,55.66017785476683,668.5044543926533 37.4631714273866,55.66017387551764,668.1411578838643 37.46285364738486,55.660169895445954,668.1411578838643 37.4625358674627,55.66016591455175,665.2631824199971 37.46221808762012,55.66016193283501,662.8240955059346 37.461900307857164,55.66015795029577,662.8240955059346 37.46158252817383,55.66015396693401,663.2425525371846 37.46126474857012,55.66014998274973,663.8411548321064 37.460946969046084,55.66014599774295,663.8411548321064 37.46062918960171,55.66014201191365,664.1318957989033 37.46031141023703,55.66013802526183,664.234846848708 37.45999363095206,55.66013403778749,664.234846848708 37.45967585174681,55.66013004949067,664.7393481914814 37.4593580726213,55.660126060371304,667.2816455547627 37.45904029357554,55.66012207042944,667.2816455547627 37.458722514609555,55.66011807966507,668.8749072735127 37.45840473572336,55.66011408807817,669.9494159405049 37.458086956916965,55.66011009566878,669.9494159405049 37.4577691781904,55.66010610243686,670.1025378887471 37.457451399543665,55.66010210838246,670.9406116192158 37.457133620976784,55.66009811350552,670.9406116192158 37.456815842489775,55.66009411780609,671.2655475323018 37.45649806408265,55.66009012128415,670.6993854229268 37.45618028575544,55.660086123939706,670.6993854229268 37.45586250750814,55.66008212577274,670.3972461407002 37.45554472934077,55.66007812678327,670.599592942458 37.45522695125336,55.660074126971296,670.599592942458 37.45490917324592,55.660070126336834,673.7795093242939 37.45459139531846,55.66006612487984,676.6644885723408 37.45427361747101,55.66006212260035,676.6644885723408 37.45395583970357,55.66005811949836,676.7441089336689 37.45363806201617,55.66005411557386,676.6720264141377 37.45332028440882,55.66005011082686,676.6720264141377 37.453002506881525,55.66004610525736,675.3370502178486 37.452684729434324,55.660042098865354,678.3873737041768 37.452649913312584,55.660220135681,678.3873737041768 37.45261509686001,55.66039817247992,678.4525897686299 37.45258028007659,55.66057620926208,677.4951770489033 37.45254546296233,55.66075424602749,677.4951770489033 37.452510645517215,55.66093228277614,675.2878406231221 37.452475827741246,55.66111031950805,673.735090989333 37.45244100963441,55.6612883562232,673.735090989333 37.452406191196715,55.66146639292161,674.5574329082783 37.452371372428146,55.66164442960324,673.9043567364033 37.452336553328706,55.661822466268156,673.9043567364033 37.452301733898366,55.66200050291629,672.9694202129658 37.452266914137155,55.66217853954768,673.5187213604268 37.45223209404504,55.662356576162324,673.5187213604268 37.452197273622026,55.66253461276022,669.5118091289814 37.45216245286811,55.662712649341344,671.9026019756611 37.452127631783284,55.66289068590573,673.2606189434346 37.452092810367546,55.66306872245335,677.2637622539814 37.45205798862088,55.66324675898423,680.947249192458 37.452023166543285,55.663424795498344,680.947249192458 37.45198834413476,55.66360283199571,679.8731830303486 37.4519535213953,55.66378086847633,676.9607074444111 37.4519186983249,55.66395890494019,676.9607074444111 37.451883874923546,55.664136941387284,672.9571368877705 37.451849051191246,55.66431497781763,672.6280353252705 37.45181422712798,55.66449301423123,672.6280353252705 37.45177940273375,55.664671050628066,673.7536914532002 37.45174457800856,55.664849087008164,676.4315173809346 37.45170975295238,55.66502712337149,676.4315173809346 37.45167492756523,55.66520515971805,674.4711902324971 37.45164010184709,55.66538319604788,671.4256427471455 37.45160527579796,55.665561232360936,671.4256427471455 37.45157044941783,55.665739268657234,670.1555469219502 37.4515356227067,55.665917304936784,669.1451251690205 37.45150079566456,55.66609534119958,669.1451251690205 37.45146596829141,55.666273377445606,669.1072375957783 37.45143114058724,55.66645141367489,668.6551349346455 37.45139631255204,55.66662944988741,668.6551349346455 37.45136148418582,55.66680748608316,668.2151630108174 37.451326655488565,55.66698552226219,668.3563525860127 37.451291826460256,55.667163558424434,668.3563525860127 37.45125699710092,55.66734159456992,668.9901263897236 37.45122216741052,55.667519630698656,669.7142169658955 37.451187337389065,55.667697666810625,669.7142169658955 37.451152507036554,55.66787570290583,669.1335132305439 37.45111767635297,55.6680537389843,668.1512592022236 37.45108284533831,55.668231775045996,668.1512592022236 37.45104801399258,55.66840981109093,666.9368579571064 37.45101318231576,55.66858784711911,665.3384082500752 37.45097835030786,55.66876588313053,665.3384082500752 37.45094351796886,55.668943919125205,665.2280872051533 37.45090868529876,55.66912195510311,664.7118823711689 37.45087385229755,55.66929999106425,664.7118823711689 37.45083901896523,55.669478027008644,664.6329944317158 37.4508041853018,55.66965606293626,667.2811572735127 37.450769351307244,55.66983409884712,667.2811572735127 37.450734516981555,55.67001213474123,668.883528489333 37.450699682324746,55.67019017061856,667.4614398662861 37.45066484733679,55.67036820647915,667.4614398662861 37.4506300120177,55.67054624232297,668.0883014385518 37.45059517636745,55.67072427815002,668.9383990948018 37.450560340386055,55.67090231396032,668.9383990948018 37.45052550407349,55.67108034975385,668.7928912823018 37.45049066742977,55.67125838553063,667.8560779278096 37.45045583045487,55.67143642129064,667.8560779278096 37.4504209931488,55.67161445703389,668.9893481914814 37.45038615551155,55.67179249276037,669.0961902324971 37.45035131754311,55.6719705284701,669.6441333477314 37.45031647924348,55.67214856416306,668.6073291485127 37.45028164061265,55.67232659983925,668.2002399151143 37.45024680165062,55.67250463549869,668.2002399151143 37.45021196235738,55.67268267114135,667.6341540996846 37.450177122732924,55.67286070676726,667.6341540996846 37.45014228277725,55.673038742376406,667.0769641582783 37.45010744249035,55.67321677796879,666.3657672588643 37.45007260187222,55.673394813544405,666.3657672588643 37.45003776092286,55.67357284910326,667.5833118145283 37.45000291964225,55.673750884645344,672.1585223858174 37.4499680780304,55.67392892017065,672.1585223858174 37.449933236087304,55.674106955679214,674.6503589336689 37.44989839381294,55.67428499117101,675.7346484844502 37.449863551207315,55.67446302664603,675.7346484844502 37.449828708270424,55.6746410621043,678.7895038311299 37.449793865002256,55.6748190975458,680.037581223708 37.44975902140281,55.674997132970525,677.8197620098408 37.449724177472085,55.675175168378495,677.0974414532002 37.44968933321007,55.67535320376968,678.1314990703877 37.44965448861675,55.675531239144114,678.1314990703877 37.44961964369213,55.675709274501784,679.6682422344502 37.44958479843621,55.67588730984269,680.0192859356221 37.449549952848976,55.67606534516682,680.0192859356221 37.44951510693043,55.676243380474176,678.1089465801533 37.44948026068055,55.676421415764786,676.9571063701924 37.44944541409936,55.67659945103861,676.9571063701924 37.449410567186824,55.67677748629567,675.7021930401143 37.44937571994295,55.67695552153597,676.3606708233174 37.449340872367735,55.6771335567595,676.3606708233174 37.449306024461166,55.67731159196626,677.3717639629658 37.44927117622325,55.67748962715625,679.3602893535908 37.44923632765396,55.67766766232947,679.3602893535908 37.44920147875332,55.67784569748592,679.6025531475361 37.4491666295213,55.6780237326256,680.2571857158955 37.4491317799579,55.678201767748526,680.2571857158955 37.44909693006312,55.678379802854664,683.2811572735127 37.449062079836956,55.67855783794404,686.8597705547627 37.4490272292794,55.67873587301665,686.8597705547627 37.44899237839044,55.67891390807249,684.2379291240986 37.44895752717009,55.67909194311154,677.3970172588643 37.448922675618306,55.679269978133846,677.3970172588643 37.44888782373513,55.67944801313937,675.6475970928486 37.44885297152052,55.67962604812812,676.0088794414814 37.448818118974486,55.67980408310011,676.0088794414814 37.448783266097024,55.67998211805533,681.9742267315205 37.44874841288813,55.68016015299377,677.8127887432393 37.44871355934779,55.68033818791546,677.8127887432393 37.448678705476006,55.68051622282034,675.6869800274189 37.448643851272756,55.68069425770847,674.9895160381611 37.44860899673806,55.680872292579835,674.9895160381611 37.4485741418719,55.681050327434406,675.5499561016377 37.44853928667427,55.68122836227222,675.0373828594502 37.44850443114516,55.68140639709327,675.0373828594502 37.44846957528457,55.68158443189753,671.9010608379658 37.4484347190925,55.68176246668503,670.5264575664814 37.44839986256894,55.68194050145574,670.5264575664814 37.44836500571388,55.68211853620969,670.6196277324971 37.44833014852732,55.682296570946875,670.4846484844502 37.44829529100925,55.682474605667274,670.4846484844502 37.448260433159675,55.682652640370904,669.3173053448018 37.44822557497858,55.68283067505776,668.1347034160908 37.44819071646596,55.68300870972783,668.1347034160908 37.448155857621806,55.683186744381146,667.5101459209736 37.44812099844612,55.68336477901768,667.9675738994893 37.4480861389389,55.68354281363743,667.9675738994893 37.44805127910013,55.68372084824041,668.2311694805439 37.44801641892981,55.68389888282662,667.3464343731221 37.447981558427934,55.68407691739605,667.3464343731221 37.447946697594496,55.684254951948716,666.7855823223408 37.44791183642949,55.68443298648459,667.8324878399189 37.44787697493292,55.68461102100369,667.8324878399189 37.44784211310476,55.68478905550602,668.2816150371846 37.447807250945026,55.684967089991574,666.5703723614033 37.4477723884537,55.68514512446034,666.5703723614033 37.447737525630785,55.685323158912354,665.8897082989033 37.44770266247626,55.68550119334758,665.8897082989033 37.44766779899013,55.68567922776601,666.4786212627705 37.44763293517241,55.685857262167694,666.0728900615986 37.44759807102305,55.686035296552575,666.0728900615986 37.44756320654208,55.686213330920694,666.4630267803486 37.44752834172948,55.68639136527204,663.999495286208 37.44749347658525,55.68656939960659,663.999495286208 37.44745861110938,55.686747433924374,662.058333176833 37.44742374530187,55.686925468225375,660.9724567119893 37.44738887916271,55.6871035025096,660.9724567119893 37.4473540126919,55.68728153677704,659.5836475078877 37.44731914588943,55.687459571027716,658.3026721660908 37.44728427875529,55.68763760526161,658.3026721660908 37.447249411289484,55.687815639478714,659.0503223125752 37.447214543492,55.68799367367905,657.2223041240986 37.44717967536284,55.688171707862594,657.2223041240986 37.447144806901996,55.688349742029374,656.5796191875752 37.44710993810945,55.68852777617936,658.5456836407002 37.447075068985214,55.68870581031256,658.5456836407002 37.44704019952927,55.68888384442901,656.298079270583 37.447005329741614,55.68906187852865,655.3289020244893 37.44697045962225,55.68923991261153,655.3289020244893 37.44693558917117,55.689417946677615,655.1814716045674 37.44690071838837,55.68959598072692,653.7989947979268 37.44686584727383,55.68977401475946,653.7989947979268 37.44683097582755,55.6899520487752,652.8092487041768 37.44679610404955,55.690130082774154,653.5222766582783 37.44676123193978,55.69030811675635,649.7642810528096 37.44672635949827,55.69048615072175,652.6758868877705 37.446691486725,55.69066418467036,653.5632922832783 37.44665661361998,55.690842218602214,653.5632922832783 37.446621740183176,55.69102025251726,653.0484302227314 37.446586866414606,55.69119828641553,651.5513446514424 37.44655199231425,55.691376320297024,651.5513446514424 37.44651711788212,55.69155435416174,650.949202317458 37.44648224311819,55.69173238800965,650.8771350567158 37.446447368022476,55.6919104218408,650.8771350567158 37.44641249259495,55.69208845565515,650.4889667217549 37.446377616835626,55.69226648945272,650.3051746074971 37.446342740744484,55.69244452323352,650.3051746074971 37.44630786432153,55.69262255699752,651.1280353252705 37.44627298756676,55.69280059074474,652.6761462871846 37.44623811048015,55.69297862447518,652.6761462871846 37.446203233061716,55.69315665818883,653.4808185283955 37.446168355311436,55.69333469188569,656.3135211651143 37.44613347722931,55.693512725565775,656.3135211651143 37.44609859881534,55.69369075922907,659.7344348614033 37.44606372006952,55.69386879287558,663.9519488994893 37.44602884099183,55.69404682650531,663.9519488994893 37.44599396158228,55.69422486011825,668.282698411208 37.445959081840854,55.69440289371439,670.5830524151143 37.44592420176756,55.694580927293764,670.5830524151143 37.44588932136238,55.69475896085635,672.4975574199971 37.445854440625304,55.69493699440215,675.2472369854268 37.44581955955634,55.695115027931145,675.2472369854268 37.445784678155476,55.69529306144337,677.3873737041768 37.44574979642272,55.69547109493881,678.9244373028096 37.44571491435804,55.69564912841746,678.9244373028096 37.44568003196145,55.695827161879315,675.2813556377705 37.44564514923294,55.69600519532439,667.1977985088643 37.4456102661725,55.69618322875266,667.1977985088643 37.44557538278014,55.69636126216416,666.9338367168721 37.44554049905584,55.69653929555887,668.1138599102314 37.44550561499959,55.69671732893679,668.1138599102314 37.4454707306114,55.69689536229794,662.0286853496846 37.445435845891254,55.69707339564227,658.7407214824971 37.445400960839144,55.697251428969814,658.7407214824971 37.445366075455084,55.697429462280596,655.8966052715596 37.44533118973904,55.69760749557455,655.2415149395283 37.44529630369103,55.697785528851746,655.2415149395283 37.44526141731104,55.69796356211214,654.9519183819111 37.445226530599065,55.69814159535575,654.9519183819111 37.44519164355509,55.69831962858257,655.4411761944111 37.44515675617913,55.69849766179259,657.5864551250752 37.44512186847116,55.69867569498583,657.5864551250752 37.445086980431185,55.69885372816226,657.4579608623799 37.44505209205921,55.69903176132192,655.7732074444111 37.4450172033552,55.69920979446479,655.7732074444111 37.44498231431917,55.69938782759086,656.5551288311299 37.44494742495111,55.69956586070014,656.847151536208 37.44491253525102,55.69974389379264,656.847151536208 37.44487764521888,55.699921926868335,656.7362811748799 37.44484275485471,55.70009995992724,656.9485461895283 37.444807864158484,55.700277992969355,656.9485461895283 37.44477297313019,55.70045602599467,656.4713733379658 37.44473808176985,55.7006340590032,655.6976306621846 37.44470319007743,55.70081209199493,655.6976306621846 37.44466829805295,55.70099012496988,655.5850513164814 37.44463340569638,55.70116815792803,656.1956470196064 37.44459851300773,55.701346190869394,656.1956470196064 37.444563619986994,55.701524223793946,656.0422809307393 37.44452872663417,55.70170225670172,655.8633105938252 37.444493832949235,55.701880289592694,655.8633105938252 37.44445893893219,55.70205832246688,656.7459247295674 37.44442404458305,55.70223635532427,656.1461780254658 37.44438914990179,55.702414388164875,656.1461780254658 37.4443542548884,55.70259242098868,655.5519092266377 37.44431935954289,55.70277045379567,654.5460956280049 37.444284463865245,55.70294848658589,654.5460956280049 37.444249567855465,55.70312651935931,656.5667865459736 37.444214671513535,55.70330455211593,655.0427997295674 37.44417977483946,55.70348258485574,655.0427997295674 37.44414487783323,55.703660617578784,652.0312640850361 37.44410998049484,55.70383865028501,655.0877978985127 37.44407508282429,55.704016682974455,655.0877978985127 37.44404018482156,55.70419471564709,655.9060352032002 37.44400528648666,55.704372748302944,651.6817767803486 37.443970387819576,55.70455078094198,651.6817767803486 37.44393548882031,55.704728813564245,651.4326465313252 37.44390058948885,55.7049068461697,648.8904559795674 37.44386568982519,55.70508487875835,648.8904559795674 37.44383078982932,55.705262911330216,647.9454028789814 37.44379588950125,55.70544094388528,647.8333270733174 37.443760988840964,55.705618976423544,646.8637683574971 37.44372608784846,55.70579700894501,648.7960651104268 37.44369118652373,55.70597504144968,648.4818561260518 37.44365628486676,55.70615307393755,648.4818561260518 37.443621382877566,55.706331106408626,646.884016770583 37.443586480556135,55.706509138862906,647.6340472881611 37.44355157790244,55.70668717130039,647.6340472881611 37.4435166749165,55.706865203721065,648.7232501690205 37.44348177159831,55.70704323612494,647.3914325420674 37.44344686794785,55.707221268512015,647.3914325420674 37.44341196396512,55.70739930088231,648.9657123272236 37.44337705965012,55.70757733323578,648.2188098614033 37.44334215500284,55.70775536557246,648.2188098614033 37.443307250023274,55.70793339789234,650.1408221905049 37.44327234471142,55.70811143019542,650.6607654278096 37.44323743906726,55.7082894624817,650.6607654278096 37.443202533090805,55.708467494751176,650.3609149639424 37.44316762678205,55.70864552700386,645.9121844951924 37.44313272014097,55.70882355923973,645.9121844951924 37.44309781316758,55.70900159145881,645.1599109356221 37.443062905861865,55.709179623661086,645.5314929668721 37.443027998223826,55.70935765584656,645.5314929668721 37.442993090253445,55.70953568801522,645.7615955059346 37.44295818195073,55.7097137201671,646.4782855694111 37.442923273315664,55.70989175230217,646.4782855694111 37.442888364348256,55.710069784420426,645.2832935039814 37.442853455048486,55.7102478165219,641.3406665508564 37.44281854541636,55.710425848606555,641.3406665508564 37.44278363545186,55.71060388067441,639.5204761211689 37.44274872515499,55.71078191272547,639.5204761211689 37.44271381452575,55.71095994475972,638.8511340801533 37.44271381452575,55.71095994475972,146.54344177246094</coordinates></LineString></Placemark></Document></kml>