{
  "type": "FeatureCollection",
  "features": [
    {
      "type": "Feature",
      "geometry": {
        "type": "LineString",
        "coordinates": [
          [
            37.295540374378504,
            55.64905587447446,
            209.91531372070312
          ],
          [
            37.295540374378504,
            55.64905587447446,
            456.0691598745493
          ],
          [
            37.2956553632085,
            55.64922306434129,
            456.0691598745493
          ],
          [
            37.29577035300628,
            55.64939025410235,
            457.95627535306494
          ],
          [
            37.29588534377187,
            55.64955744375761,
            454.74011934720556
          ],
          [
            37.29600033550527,
            55.64972463330709,
            454.74011934720556
          ],
          [
            37.29611532820649,
            55.64989182275077,
            454.29733980618994
          ],
          [
            37.29623032187556,
            55.65005901208867,
            454.29733980618994
          ],
          [
            37.29634531651249,
            55.65022620132076,
            453.478263268104
          ],
          [
            37.2964603121173,
            55.650393390447064,
            452.5926126333384
          ],
          [
            37.29657530868998,
            55.65056057946756,
            452.5926126333384
          ],
          [
            37.29669030623058,
            55.650727768382254,
            449.66052950345556
          ],
          [
            37.296805304739095,
            55.65089495719116,
            443.6825631948618
          ],
          [
            37.29692030421553,
            55.65106214589425,
            443.6825631948618
          ],
          [
            37.297035304659914,
            55.65122933449154,
            438.27158297025244
          ],
          [
            37.29715030607227,
            55.65139652298301,
            438.27158297025244
          ],
          [
            37.297265308452594,
            55.65156371136869,
            438.2797311636118
          ],
          [
            37.29738031180091,
            55.651730899648534,
            436.8681863638071
          ],
          [
            37.29749531611722,
            55.65189808782257,
            436.8681863638071
          ],
          [
            37.29761032140156,
            55.652065275890806,
            436.5982889028696
          ],
          [
            37.29772532765393,
            55.6522324638532,
            436.2495950552134
          ],
          [
            37.29784033487435,
            55.652399651709786,
            436.0857309194712
          ],
          [
            37.29795534306283,
            55.65256683946055,
            436.0039285513071
          ],
          [
            37.29807035221939,
            55.65273402710548,
            435.9843362661509
          ],
          [
            37.29818536234404,
            55.65290121464458,
            434.9413675161509
          ],
          [
            37.29830037343681,
            55.653068402077864,
            434.7469095083384
          ],
          [
            37.298415385497684,
            55.65323558940531,
            434.7469095083384
          ],
          [
            37.29853039852671,
            55.653402776626926,
            434.17224825345556
          ],
          [
            37.298645412523875,
            55.65356996374271,
            434.17224825345556
          ],
          [
            37.29876042748921,
            55.65373715075266,
            433.80466402493994
          ],
          [
            37.29887544342272,
            55.653904337656755,
            433.26311434232275
          ],
          [
            37.29899046032443,
            55.654071524455006,
            433.7684701772837
          ],
          [
            37.29910547819435,
            55.65423871114745,
            433.3203500600962
          ],
          [
            37.29922049703249,
            55.65440589773402,
            433.3203500600962
          ],
          [
            37.299335516838866,
            55.654573084214746,
            434.23206270658056
          ],
          [
            37.2994505376135,
            55.65474027058962,
            438.91496981107275
          ],
          [
            37.2995655593564,
            55.65490745685866,
            438.91496981107275
          ],
          [
            37.29968058206759,
            55.65507464302183,
            437.54143465482275
          ],
          [
            37.29979560574707,
            55.65524182907915,
            436.48862398587744
          ],
          [
            37.29991063039486,
            55.655409015030614,
            441.048087486854
          ],
          [
            37.30002565601098,
            55.65557620087622,
            441.881583580604
          ],
          [
            37.30014068259544,
            55.65574338661597,
            441.881583580604
          ],
          [
            37.30025571014826,
            55.655910572249844,
            442.74793184720556
          ],
          [
            37.300370738669436,
            55.656077757777865,
            441.8782113882212
          ],
          [
            37.30048576815901,
            55.65624494320001,
            441.8782113882212
          ],
          [
            37.300600798616976,
            55.656412128516294,
            438.7506326528696
          ],
          [
            37.30071583004336,
            55.6565793137267,
            438.7506326528696
          ],
          [
            37.30083086243817,
            55.65674649883124,
            439.66619051419775
          ],
          [
            37.300945895801426,
            55.65691368382989,
            440.42285860501806
          ],
          [
            37.30106093013313,
            55.65708086872269,
            440.42285860501806
          ],
          [
            37.30117596543332,
            55.65724805350959,
            440.8277963491587
          ],
          [
            37.30129100170199,
            55.6574152381906,
            441.3573831411509
          ],
          [
            37.30140603893916,
            55.65758242276575,
            441.3573831411509
          ],
          [
            37.301521077144855,
            55.65774960723499,
            436.8566354604868
          ],
          [
            37.301636116319074,
            55.657916791598375,
            436.8566354604868
          ],
          [
            37.30175115646184,
            55.658083975855845,
            437.8406595083384
          ],
          [
            37.30186619757316,
            55.65825116000744,
            426.72934664212744
          ],
          [
            37.30198123965307,
            55.65841834405312,
            426.72934664212744
          ],
          [
            37.302096282701555,
            55.65858552799293,
            425.3096536489634
          ],
          [
            37.302211326718655,
            55.65875271182684,
            424.8634408804087
          ],
          [
            37.30232637170437,
            55.658919895554824,
            424.9130472036509
          ],
          [
            37.302441417658706,
            55.65908707917693,
            424.35901583158056
          ],
          [
            37.3025564645817,
            55.659254262693125,
            424.421134361854
          ],
          [
            37.30267151247336,
            55.65942144610342,
            424.5338510366587
          ],
          [
            37.30278656133369,
            55.659588629407814,
            424.5338510366587
          ],
          [
            37.30290161116272,
            55.659755812606285,
            424.9330667349009
          ],
          [
            37.303016661960456,
            55.65992299569885,
            425.1729654165415
          ],
          [
            37.303131713726906,
            55.66009017868551,
            425.1729654165415
          ],
          [
            37.303246766462095,
            55.66025736156624,
            425.4236673208384
          ],
          [
            37.30336182016603,
            55.66042454434106,
            424.78125704251806
          ],
          [
            37.303476874838736,
            55.66059172700996,
            424.51584566556494
          ],
          [
            37.303591930480216,
            55.660758909572934,
            424.0807565542368
          ],
          [
            37.3037069870905,
            55.66092609202999,
            424.0807565542368
          ],
          [
            37.30382204466959,
            55.66109327438111,
            424.2941354604868
          ],
          [
            37.30393710321749,
            55.661260456626316,
            423.94748629056494
          ],
          [
            37.304052162734244,
            55.66142763876559,
            423.94748629056494
          ],
          [
            37.30416722321984,
            55.66159482079894,
            424.08476961576025
          ],
          [
            37.304282284674315,
            55.66176200272635,
            424.08476961576025
          ],
          [
            37.30439734709766,
            55.661929184547816,
            424.18906343900244
          ],
          [
            37.304512410489906,
            55.66209636626335,
            424.56235445462744
          ],
          [
            37.30452010739017,
            55.661918354452936,
            424.18906343900244
          ],
          [
            37.304527804204234,
            55.66174034263662,
            423.675773033729
          ],
          [
            37.3045355009321,
            55.6615623308144,
            423.675773033729
          ],
          [
            37.304543197573764,
            55.661384318986265,
            423.7037729116587
          ],
          [
            37.30455089412925,
            55.66120630715223,
            423.5117868276743
          ],
          [
            37.30455859059854,
            55.6610282953123,
            423.5117868276743
          ],
          [
            37.30456628698164,
            55.66085028346646,
            423.7050393911509
          ],
          [
            37.304573983278544,
            55.6606722716147,
            423.9037240835337
          ],
          [
            37.30458167948926,
            55.660494259757066,
            423.9037240835337
          ],
          [
            37.3045893756138,
            55.660316247893505,
            423.9416879507212
          ],
          [
            37.30459707165215,
            55.66013823602404,
            424.4525522085337
          ],
          [
            37.30460476760431,
            55.65996022414869,
            424.4525522085337
          ],
          [
            37.30461246347029,
            55.65978221226742,
            424.0965494009165
          ],
          [
            37.304620159250085,
            55.659604200380244,
            423.53386629544775
          ],
          [
            37.30462785494371,
            55.65942618848717,
            423.53386629544775
          ],
          [
            37.30463555055115,
            55.659248176588186,
            426.1386331411509
          ],
          [
            37.30464324607241,
            55.65907016468329,
            428.6736215444712
          ],
          [
            37.304650941507504,
            55.6588921527725,
            428.6736215444712
          ],
          [
            37.30465863685641,
            55.658714140855814,
            433.58798922025244
          ],
          [
            37.304666332119155,
            55.658536128933214,
            440.7716440054087
          ],
          [
            37.30467402729572,
            55.65835811700471,
            440.7716440054087
          ],
          [
            37.304681722386114,
            55.658180105070294,
            447.0754007192759
          ],
          [
            37.30468941739034,
            55.65800209312999,
            447.0754007192759
          ],
          [
            37.3046971123084,
            55.657824081183776,
            447.99114168607275
          ],
          [
            37.30470480714029,
            55.65764606923164,
            449.0626443716196
          ],
          [
            37.30471250188602,
            55.65746805727362,
            449.0626443716196
          ],
          [
            37.30472019654558,
            55.65729004530967,
            450.18608797513525
          ],
          [
            37.30472789111898,
            55.65711203333985,
            450.2540201040415
          ],
          [
            37.30473558560622,
            55.656934021364115,
            450.2540201040415
          ],
          [
            37.304743280007294,
            55.65675600938247,
            449.5746072622446
          ],
          [
            37.30475097432222,
            55.65657799739491,
            448.6992868276743
          ],
          [
            37.304758668550974,
            55.65639998540146,
            448.6992868276743
          ],
          [
            37.30476636269358,
            55.656221973402104,
            449.05229891263525
          ],
          [
            37.304774056750034,
            55.65604396139683,
            450.5705026479868
          ],
          [
            37.30478175072032,
            55.655865949385664,
            450.5705026479868
          ],
          [
            37.30478944460447,
            55.655687937368604,
            451.10478914701025
          ],
          [
            37.30479713840246,
            55.65550992534562,
            452.2344583364634
          ],
          [
            37.30480483211431,
            55.65533191331673,
            452.2344583364634
          ],
          [
            37.30481252574,
            55.65515390128195,
            454.9025491567759
          ],
          [
            37.30482021927955,
            55.654975889241264,
            454.9408639761118
          ],
          [
            37.30482791273295,
            55.654797877194675,
            454.9408639761118
          ],
          [
            37.304835606100205,
            55.65461986514216,
            451.50981844388525
          ],
          [
            37.30484329938132,
            55.65444185308376,
            449.3324807974009
          ],
          [
            37.30485099257629,
            55.65426384101946,
            449.3324807974009
          ],
          [
            37.30485868568512,
            55.65408582894924,
            450.3435434194712
          ],
          [
            37.304866378707814,
            55.65390781687313,
            449.5079721304087
          ],
          [
            37.30487407164436,
            55.65372980479109,
            449.5079721304087
          ],
          [
            37.30488176449479,
            55.65355179270316,
            447.1605600210337
          ],
          [
            37.30488945725907,
            55.65337378060934,
            446.99651277982275
          ],
          [
            37.30489714993722,
            55.65319576850961,
            446.99651277982275
          ],
          [
            37.30490484252924,
            55.65301775640396,
            446.54087007962744
          ],
          [
            37.30491253503513,
            55.65283974429241,
            444.14108980618994
          ],
          [
            37.30492022745488,
            55.652661732174955,
            444.14108980618994
          ],
          [
            37.304927919788504,
            55.65248372005161,
            442.5733102651743
          ],
          [
            37.304935612036004,
            55.65230570792235,
            438.1859048696665
          ],
          [
            37.30494330419738,
            55.652127695787186,
            438.1859048696665
          ],
          [
            37.30495099627263,
            55.65194968364611,
            439.4554666372446
          ],
          [
            37.304958688261756,
            55.65177167149915,
            435.6370767446665
          ],
          [
            37.30496638016476,
            55.65159365934627,
            435.6370767446665
          ],
          [
            37.30497407198164,
            55.651415647187484,
            435.75464571439306
          ],
          [
            37.304981763712405,
            55.65123763502279,
            443.9712137075571
          ],
          [
            37.30498945535705,
            55.651059622852195,
            443.9712137075571
          ],
          [
            37.30499714691558,
            55.65088161067571,
            444.0693582388071
          ],
          [
            37.305004838387994,
            55.65070359849331,
            448.9002908559946
          ],
          [
            37.305012529774295,
            55.650525586305,
            448.9002908559946
          ],
          [
            37.305020221074486,
            55.65034757411079,
            448.5463327261118
          ],
          [
            37.30502791228856,
            55.65016956191068,
            448.3959115835337
          ],
          [
            37.30503560341652,
            55.64999154970465,
            448.3959115835337
          ],
          [
            37.30504329445838,
            55.64981353749273,
            446.9235299917368
          ],
          [
            37.30505098541413,
            55.64963552527491,
            444.4107126089243
          ],
          [
            37.305058676283764,
            55.64945751305117,
            444.4107126089243
          ],
          [
            37.30506636706731,
            55.64927950082152,
            441.9122995229868
          ],
          [
            37.30507405776475,
            55.649101488585984,
            440.335196861854
          ],
          [
            37.30508174837608,
            55.64892347634454,
            440.335196861854
          ],
          [
            37.305089438901305,
            55.648745464097196,
            441.5369027944712
          ],
          [
            37.30509712934044,
            55.64856745184394,
            440.5804056020884
          ],
          [
            37.305104819693476,
            55.64838943958476,
            440.5804056020884
          ],
          [
            37.30511250996041,
            55.6482114273197,
            439.59087313138525
          ],
          [
            37.305120200141246,
            55.64803341504874,
            439.59087313138525
          ],
          [
            37.305127890235994,
            55.64785540277187,
            438.0039895864634
          ],
          [
            37.30513558024465,
            55.64767739048908,
            433.6324838491587
          ],
          [
            37.305143270167214,
            55.64749937820039,
            433.6324838491587
          ],
          [
            37.30515096000369,
            55.6473213659058,
            432.1168588491587
          ],
          [
            37.30515864975407,
            55.64714335360531,
            431.3593973013071
          ],
          [
            37.30516633941836,
            55.646965341298916,
            431.3593973013071
          ],
          [
            37.305174028996575,
            55.646787328986605,
            432.40654695951025
          ],
          [
            37.3051817184887,
            55.6466093166684,
            433.63237703763525
          ],
          [
            37.30518940789474,
            55.64643130434428,
            433.63237703763525
          ],
          [
            37.305197097214695,
            55.64625329201427,
            429.5432351919321
          ],
          [
            37.30520478644858,
            55.64607527967835,
            426.12712801419775
          ],
          [
            37.30521247559637,
            55.64589726733652,
            426.12712801419775
          ],
          [
            37.30522016465809,
            55.6457192549888,
            429.9684060903696
          ],
          [
            37.30522785363373,
            55.64554124263516,
            436.4561990591196
          ],
          [
            37.30523554252329,
            55.64536323027562,
            436.4561990591196
          ],
          [
            37.30524323132679,
            55.64518521791016,
            438.12024630033056
          ],
          [
            37.3052509200442,
            55.64500720553884,
            443.5955728384165
          ],
          [
            37.305258608675544,
            55.64482919316158,
            443.5955728384165
          ],
          [
            37.305266297220825,
            55.64465118077842,
            446.2771829458384
          ],
          [
            37.305273985680024,
            55.644473168389354,
            446.80295504056494
          ],
          [
            37.30528167405316,
            55.64429515599438,
            446.80295504056494
          ],
          [
            37.30528936234024,
            55.6441171435935,
            444.697257408729
          ],
          [
            37.30529705054125,
            55.64393913118673,
            443.09250582181494
          ],
          [
            37.30530473865619,
            55.64376111877405,
            443.09250582181494
          ],
          [
            37.30531242668507,
            55.643583106355464,
            443.0613626333384
          ],
          [
            37.30532011462788,
            55.64340509393096,
            440.1658395620493
          ],
          [
            37.30532780248464,
            55.64322708150058,
            440.1658395620493
          ],
          [
            37.305335490255345,
            55.64304906906426,
            438.1538461538462
          ],
          [
            37.30534317793998,
            55.64287105662206,
            440.11032808743994
          ],
          [
            37.30535086553857,
            55.64269304417396,
            440.11032808743994
          ],
          [
            37.30535855305111,
            55.64251503171994,
            440.8543619009165
          ],
          [
            37.30536624047758,
            55.64233701926002,
            439.0720437856821
          ],
          [
            37.30568385145341,
            55.642341406116444,
            440.8367379995493
          ],
          [
            37.306001462516846,
            55.64234579215108,
            440.8367379995493
          ],
          [
            37.306319073667865,
            55.6423501773639,
            441.3849252554087
          ],
          [
            37.306636684906465,
            55.64235456175493,
            441.574942955604
          ],
          [
            37.306954296232625,
            55.64235894532413,
            441.574942955604
          ],
          [
            37.307271907646324,
            55.642363328071546,
            439.1720193716196
          ],
          [
            37.30758951914755,
            55.64236770999715,
            436.6475290151743
          ],
          [
            37.30790713073628,
            55.642372091100945,
            436.6475290151743
          ],
          [
            37.30822474241251,
            55.64237647138294,
            437.12749422513525
          ],
          [
            37.30821706793807,
            55.64255448410442,
            434.3631967397837
          ],
          [
            37.30820939337771,
            55.64273249682,
            432.97705782376806
          ],
          [
            37.308201718731446,
            55.64291050952967,
            432.97705782376806
          ],
          [
            37.30819404399927,
            55.64308852223344,
            435.843009361854
          ],
          [
            37.308186369181186,
            55.64326653493132,
            440.0206216665415
          ],
          [
            37.30817869427718,
            55.643444547623275,
            440.0206216665415
          ],
          [
            37.30817101928726,
            55.64362256030935,
            441.2411111684946
          ],
          [
            37.30816334421143,
            55.64380057298951,
            444.2159036489634
          ],
          [
            37.308155669049675,
            55.64397858566377,
            444.2159036489634
          ],
          [
            37.30814799380201,
            55.644156598332124,
            447.3684762807993
          ],
          [
            37.30814031846841,
            55.644334610994584,
            447.0022195669321
          ],
          [
            37.3081326430489,
            55.644512623651146,
            447.0022195669321
          ],
          [
            37.30812496754347,
            55.644690636301796,
            444.1935190054087
          ],
          [
            37.30811729195211,
            55.644868648946535,
            443.7346567007212
          ],
          [
            37.30810961627482,
            55.64504666158539,
            443.7346567007212
          ],
          [
            37.308101940511605,
            55.645224674218326,
            443.6831277700571
          ],
          [
            37.308094264662465,
            55.645402686845365,
            439.50217379056494
          ],
          [
            37.30808658872739,
            55.645580699466514,
            439.50217379056494
          ],
          [
            37.308078912706385,
            55.645758712081744,
            429.76172579251806
          ],
          [
            37.30807123659945,
            55.64593672469108,
            424.2331155630259
          ],
          [
            37.30806356040659,
            55.64611473729451,
            424.2331155630259
          ],
          [
            37.30805588412779,
            55.64629274989204,
            426.7107766958384
          ],
          [
            37.30804820776304,
            55.64647076248367,
            433.5600046011118
          ],
          [
            37.308040531312365,
            55.6466487750694,
            433.5600046011118
          ],
          [
            37.308032854775746,
            55.646826787649225,
            438.0300515981821
          ],
          [
            37.308025178153194,
            55.647004800223144,
            438.09026277982275
          ],
          [
            37.308017501444695,
            55.647182812791165,
            438.09026277982275
          ],
          [
            37.30800982465025,
            55.64736082535328,
            437.12610567533056
          ],
          [
            37.30800214776987,
            55.64753883790949,
            435.00583589993994
          ],
          [
            37.30799447080354,
            55.6477168504598,
            435.00583589993994
          ],
          [
            37.30798679375126,
            55.647894863004225,
            433.42417086087744
          ],
          [
            37.30797911661304,
            55.64807287554272,
            436.3085092397837
          ],
          [
            37.307971439388865,
            55.64825088807533,
            436.3085092397837
          ],
          [
            37.307963762078735,
            55.648428900602035,
            440.8851541372446
          ],
          [
            37.30795608468266,
            55.64860691312283,
            440.8851541372446
          ],
          [
            37.30794840720063,
            55.64878492563774,
            444.4446176382212
          ],
          [
            37.30794072963265,
            55.648962938146724,
            446.1301950307993
          ],
          [
            37.3079330519787,
            55.64914095064983,
            446.1301950307993
          ],
          [
            37.3079253742388,
            55.64931896314701,
            444.64414156400244
          ],
          [
            37.30791769641294,
            55.64949697563829,
            444.63892305814306
          ],
          [
            37.307910018501126,
            55.6496749881237,
            444.63892305814306
          ],
          [
            37.30790234050335,
            55.64985300060319,
            445.44748629056494
          ],
          [
            37.307894662419606,
            55.65003101307676,
            444.41501558743994
          ],
          [
            37.3078869842499,
            55.65020902554444,
            444.41501558743994
          ],
          [
            37.307879305994234,
            55.650387038006215,
            446.3051217886118
          ],
          [
            37.307871627652595,
            55.6505650504621,
            447.73926485501806
          ],
          [
            37.30786394922499,
            55.65074306291207,
            447.73926485501806
          ],
          [
            37.30785627071141,
            55.650921075356145,
            451.6405862661509
          ],
          [
            37.30784859211187,
            55.6510990877943,
            453.3476175161509
          ],
          [
            37.307840913426354,
            55.65127710022659,
            453.3476175161509
          ],
          [
            37.307833234654865,
            55.65145511265294,
            450.23491610013525
          ],
          [
            37.30782555579739,
            55.65163312507341,
            444.22229708158056
          ],
          [
            37.30781787685395,
            55.65181113748797,
            444.22229708158056
          ],
          [
            37.30781019782454,
            55.651989149896615,
            436.1935037466196
          ],
          [
            37.307802518709146,
            55.65216716229938,
            435.66460360013525
          ],
          [
            37.307794839507764,
            55.65234517469623,
            435.66460360013525
          ],
          [
            37.307787160220414,
            55.652523187087176,
            433.2553933950571
          ],
          [
            37.307779480847074,
            55.65270119947224,
            438.5655893179087
          ],
          [
            37.30777180138775,
            55.65287921185137,
            438.5655893179087
          ],
          [
            37.30776412184244,
            55.65305722422462,
            443.09046114408056
          ],
          [
            37.30775644221115,
            55.65323523659197,
            446.69975985013525
          ],
          [
            37.307748762493866,
            55.653413248953406,
            446.69975985013525
          ],
          [
            37.3077410826906,
            55.65359126130895,
            447.4102243276743
          ],
          [
            37.30773340280133,
            55.653769273658575,
            449.47368563138525
          ],
          [
            37.307725722826085,
            55.65394728600232,
            449.47368563138525
          ],
          [
            37.30771804276484,
            55.65412529834014,
            450.3185647817759
          ],
          [
            37.3077103626176,
            55.654303310672084,
            449.4999460073618
          ],
          [
            37.30770268238437,
            55.6544813229981,
            449.4999460073618
          ],
          [
            37.30769500206514,
            55.65465933531823,
            448.307608971229
          ],
          [
            37.307687321659905,
            55.65483734763245,
            449.17603243314306
          ],
          [
            37.307679641168676,
            55.65501535994077,
            449.17603243314306
          ],
          [
            37.30767196059145,
            55.65519337224319,
            448.149649986854
          ],
          [
            37.30766427992821,
            55.655371384539706,
            448.5373910757212
          ],
          [
            37.307656599178976,
            55.65554939683032,
            448.5373910757212
          ],
          [
            37.30764891834374,
            55.65572740911503,
            450.7152322622446
          ],
          [
            37.30764123742249,
            55.65590542139383,
            448.9901498647837
          ],
          [
            37.30763355641523,
            55.65608343366675,
            448.9901498647837
          ],
          [
            37.307625875321975,
            55.656261445933744,
            447.196769127479
          ],
          [
            37.307618194142705,
            55.65643945819485,
            447.033194908729
          ],
          [
            37.30761051287742,
            55.65661747045006,
            447.033194908729
          ],
          [
            37.30760283152612,
            55.65679548269935,
            447.6128763052134
          ],
          [
            37.307595150088815,
            55.65697349494275,
            448.2300638052134
          ],
          [
            37.30758746856548,
            55.65715150718024,
            448.2300638052134
          ],
          [
            37.30757978695614,
            55.65732951941183,
            447.15634859525244
          ],
          [
            37.30757210526078,
            55.657507531637535,
            444.3542703481821
          ],
          [
            37.3075644234794,
            55.65768554385732,
            444.3542703481821
          ],
          [
            37.307556741612004,
            55.6578635560712,
            442.76612032376806
          ],
          [
            37.30754905965858,
            55.65804156827918,
            443.69675386868994
          ],
          [
            37.30754137761913,
            55.65821958048126,
            443.69675386868994
          ],
          [
            37.30753369549367,
            55.65839759267744,
            444.57871187650244
          ],
          [
            37.30752601328217,
            55.65857560486772,
            444.57871187650244
          ],
          [
            37.30751833098464,
            55.6587536170521,
            443.7841409536509
          ],
          [
            37.30751064860109,
            55.65893162923056,
            441.1163247915415
          ],
          [
            37.307502966131516,
            55.65910964140313,
            441.1163247915415
          ],
          [
            37.3074952835759,
            55.659287653569805,
            436.262931236854
          ],
          [
            37.30748760093426,
            55.659465665730565,
            429.0275033804087
          ],
          [
            37.307479918206575,
            55.659643677885434,
            429.0275033804087
          ],
          [
            37.307472235392865,
            55.65982169003439,
            426.35076082669775
          ],
          [
            37.307464552493116,
            55.65999970217745,
            428.4048684927134
          ],
          [
            37.30745686950733,
            55.660177714314614,
            428.4048684927134
          ],
          [
            37.3074491864355,
            55.660355726445864,
            430.1300882192759
          ],
          [
            37.30744150327763,
            55.66053373857122,
            428.515860924354
          ],
          [
            37.30743382003372,
            55.66071175069067,
            428.515860924354
          ],
          [
            37.307426136703775,
            55.66088976280423,
            426.5114358755259
          ],
          [
            37.307418453287774,
            55.66106777491187,
            425.3595346304087
          ],
          [
            37.30741076978573,
            55.661245787013605,
            425.3595346304087
          ],
          [
            37.307403086197645,
            55.66142379910945,
            424.6590951772837
          ],
          [
            37.307395402523504,
            55.66160181119939,
            425.12509859525244
          ],
          [
            37.30738771876332,
            55.66177982328343,
            425.12509859525244
          ],
          [
            37.30738003491709,
            55.66195783536156,
            424.13652742826025
          ],
          [
            37.3073723509848,
            55.662135847433795,
            425.3087381216196
          ],
          [
            37.30769012258924,
            55.66214023011845,
            425.4154275747446
          ],
          [
            37.308007894281296,
            55.66214461198072,
            425.4154275747446
          ],
          [
            37.30832566606094,
            55.66214899302055,
            425.06140840970556
          ],
          [
            37.30864343792816,
            55.662153373237985,
            423.3189157339243
          ],
          [
            37.308961209882945,
            55.66215775263299,
            423.3189157339243
          ],
          [
            37.30927898192527,
            55.66216213120559,
            426.988028893104
          ],
          [
            37.309596754055114,
            55.66216650895579,
            427.898185143104
          ],
          [
            37.30991452627248,
            55.662170885883555,
            427.898185143104
          ],
          [
            37.31023229857733,
            55.66217526198891,
            425.8985055776743
          ],
          [
            37.31023996954154,
            55.6619972496553,
            421.94602144681494
          ],
          [
            37.31024764041984,
            55.661819237315804,
            421.5302957388071
          ],
          [
            37.310255311212245,
            55.661641224970374,
            421.5302957388071
          ],
          [
            37.31026298191873,
            55.66146321261906,
            421.7677377554087
          ],
          [
            37.31027065253932,
            55.66128520026186,
            422.2664407583384
          ],
          [
            37.31027832307401,
            55.66110718789874,
            422.2664407583384
          ],
          [
            37.3102859935228,
            55.66092917552973,
            422.1328958364634
          ],
          [
            37.31029366388568,
            55.66075116315482,
            421.8788522573618
          ],
          [
            37.31030133416267,
            55.66057315077401,
            421.8788522573618
          ],
          [
            37.31030900435376,
            55.6603951383873,
            421.6422494741587
          ],
          [
            37.31031667445896,
            55.66021712599469,
            423.766105064979
          ],
          [
            37.31032434447826,
            55.660039113596184,
            423.766105064979
          ],
          [
            37.31033201441167,
            55.65986110119178,
            430.5802224966196
          ],
          [
            37.31033968425919,
            55.65968308878146,
            436.3815530630259
          ],
          [
            37.31034735402082,
            55.65950507636526,
            436.3815530630259
          ],
          [
            37.31035502369656,
            55.65932706394315,
            440.3860086294321
          ],
          [
            37.31036269328641,
            55.65914905151513,
            442.85515535794775
          ],
          [
            37.31037036279037,
            55.65897103908123,
            442.85515535794775
          ],
          [
            37.310378032208455,
            55.65879302664142,
            443.8647073599009
          ],
          [
            37.310385701540646,
            55.65861501419572,
            443.04502047025244
          ],
          [
            37.31039337078697,
            55.65843700174411,
            443.04502047025244
          ],
          [
            37.3104010399474,
            55.6582589892866,
            443.7057260366587
          ],
          [
            37.31040870902196,
            55.658080976823186,
            443.7057260366587
          ],
          [
            37.310416378010636,
            55.65790296435389,
            446.97864473783056
          ],
          [
            37.31042404691343,
            55.657724951878684,
            447.63547457181494
          ],
          [
            37.31043171573036,
            55.65754693939757,
            447.63547457181494
          ],
          [
            37.31043938446141,
            55.65736892691056,
            446.0770181509165
          ],
          [
            37.310447053106586,
            55.65719091441766,
            445.9453958364634
          ],
          [
            37.31045472166589,
            55.657012901918854,
            445.9453958364634
          ],
          [
            37.31046239013933,
            55.65683488941415,
            445.5943216177134
          ],
          [
            37.31047005852689,
            55.65665687690354,
            443.30286348783056
          ],
          [
            37.310477726828594,
            55.65647886438703,
            443.30286348783056
          ],
          [
            37.310485395044424,
            55.65630085186463,
            443.47824800931494
          ],
          [
            37.31049306317439,
            55.65612283933632,
            445.5399392934946
          ],
          [
            37.31050073121849,
            55.655944826802134,
            445.5399392934946
          ],
          [
            37.31050839917673,
            55.65576681426201,
            446.45874727689306
          ],
          [
            37.310516067049114,
            55.655588801716,
            445.2868265005259
          ],
          [
            37.310523734835634,
            55.65541078916411,
            445.2868265005259
          ],
          [
            37.31053140253629,
            55.655232776606304,
            444.4441140981821
          ],
          [
            37.3105390701511,
            55.655054764042596,
            447.947989830604
          ],
          [
            37.31054673768004,
            55.654876751473,
            447.947989830604
          ],
          [
            37.31055440512314,
            55.654698738897494,
            451.1657174917368
          ],
          [
            37.31056207248039,
            55.65452072631607,
            451.00212801419775
          ],
          [
            37.31056973975177,
            55.654342713728774,
            451.00212801419775
          ],
          [
            37.310577406937306,
            55.654164701135585,
            451.718497643104
          ],
          [
            37.31058507403699,
            55.65398668853648,
            450.6549753042368
          ],
          [
            37.31059274105084,
            55.653808675931465,
            450.6549753042368
          ],
          [
            37.31060040797883,
            55.65363066332057,
            451.10922945462744
          ],
          [
            37.31060807482098,
            55.65345265070376,
            451.21013582669775
          ],
          [
            37.31061574157729,
            55.65327463808106,
            451.21013582669775
          ],
          [
            37.31062340824774,
            55.65309662545247,
            447.6180642934946
          ],
          [
            37.310631074832365,
            55.652918612817956,
            441.4762643667368
          ],
          [
            37.310638741331154,
            55.65274060017755,
            441.4762643667368
          ],
          [
            37.310646407744095,
            55.65256258753126,
            438.4646676870493
          ],
          [
            37.310654074071195,
            55.65238457487905,
            438.23479402982275
          ],
          [
            37.31066174031247,
            55.65220656222093,
            438.23479402982275
          ],
          [
            37.310669406467895,
            55.65202854955694,
            436.31833589993994
          ],
          [
            37.3106770725375,
            55.651850536887046,
            441.1597055288462
          ],
          [
            37.31068473852126,
            55.65167252421125,
            441.1597055288462
          ],
          [
            37.3106924044192,
            55.65149451152954,
            447.88281954251806
          ],
          [
            37.310700070231306,
            55.651316498841936,
            447.92490328275244
          ],
          [
            37.310707735957585,
            55.65113848614843,
            447.92490328275244
          ],
          [
            37.31071540159804,
            55.65096047344904,
            446.68889559232275
          ],
          [
            37.310723067152665,
            55.65078246074374,
            446.29172457181494
          ],
          [
            37.310730732621465,
            55.650604448032546,
            446.29172457181494
          ],
          [
            37.310738398004446,
            55.65042643531543,
            447.0221170278696
          ],
          [
            37.31074606330161,
            55.65024842259244,
            447.1194986196665
          ],
          [
            37.31075372851294,
            55.65007040986354,
            447.1194986196665
          ],
          [
            37.31076139363846,
            55.64989239712874,
            443.4964822622446
          ],
          [
            37.31076905867816,
            55.649714384388034,
            438.63933504544775
          ],
          [
            37.310776723632046,
            55.64953637164143,
            438.63933504544775
          ],
          [
            37.31078438850012,
            55.649358358888925,
            438.91358126126806
          ],
          [
            37.31079205328236,
            55.64918034613052,
            442.472648033729
          ],
          [
            37.31079971797881,
            55.64900233336624,
            442.472648033729
          ],
          [
            37.310807382589445,
            55.64882432059603,
            443.44365633451025
          ],
          [
            37.31081504711426,
            55.64864630781994,
            443.09673250638525
          ],
          [
            37.31082271155327,
            55.64846829503794,
            443.09673250638525
          ],
          [
            37.310830375906484,
            55.64829028225004,
            441.3692849966196
          ],
          [
            37.31083804017388,
            55.64811226945624,
            441.3692849966196
          ],
          [
            37.31084570435548,
            55.64793425665654,
            438.04566133939306
          ],
          [
            37.31085336845127,
            55.64775624385094,
            437.978751549354
          ],
          [
            37.31086103246126,
            55.64757823103944,
            437.978751549354
          ],
          [
            37.31086869638545,
            55.64740021822203,
            437.8677591177134
          ],
          [
            37.31087636022384,
            55.64722220539875,
            433.87317598783056
          ],
          [
            37.31088402397643,
            55.647044192569545,
            433.87317598783056
          ],
          [
            37.31089168764323,
            55.64686617973444,
            429.5173562856821
          ],
          [
            37.31089935122423,
            55.64668816689345,
            428.6866678091196
          ],
          [
            37.31090701471943,
            55.64651015404655,
            428.6866678091196
          ],
          [
            37.310914678128846,
            55.646332141193746,
            429.84587801419775
          ],
          [
            37.31092234145247,
            55.646154128335056,
            425.56909883939306
          ],
          [
            37.3109300046903,
            55.645976115470454,
            425.56909883939306
          ],
          [
            37.31093766784234,
            55.64579810259995,
            428.41538179837744
          ],
          [
            37.310945330908595,
            55.64562008972355,
            435.5022653432993
          ],
          [
            37.31095299388906,
            55.645442076841256,
            435.5022653432993
          ],
          [
            37.31096065678375,
            55.64526406395304,
            435.8002389761118
          ],
          [
            37.31096831959265,
            55.645086051058954,
            434.3640817495493
          ],
          [
            37.310975982315775,
            55.64490803815897,
            434.3640817495493
          ],
          [
            37.31098364495311,
            55.644730025253054,
            434.33972872220556
          ],
          [
            37.310991307504665,
            55.644552012341265,
            435.50969637357275
          ],
          [
            37.31099896997044,
            55.64437399942356,
            435.50969637357275
          ],
          [
            37.31100663235045,
            55.64419598649998,
            435.2400735708384
          ],
          [
            37.31101429464467,
            55.64401797357046,
            430.7917093130259
          ],
          [
            37.311021956853125,
            55.64383996063508,
            430.7917093130259
          ],
          [
            37.3110296189758,
            55.64366194769378,
            428.5513833852915
          ],
          [
            37.31103728101271,
            55.64348393474657,
            425.67649019681494
          ],
          [
            37.311044942963846,
            55.64330592179348,
            425.67649019681494
          ],
          [
            37.31105260482922,
            55.64312790883449,
            424.7029947134165
          ],
          [
            37.31106026660882,
            55.64294989586959,
            423.1693490835337
          ],
          [
            37.31106792830265,
            55.64277188289879,
            423.1693490835337
          ],
          [
            37.31107558991072,
            55.64259386992209,
            422.30315340482275
          ],
          [
            37.311083251433026,
            55.642415856939486,
            422.53740633451025
          ],
          [
            37.31140086398328,
            55.64242022900339,
            422.2034067007212
          ],
          [
            37.31171847662085,
            55.64242460024547,
            422.2034067007212
          ],
          [
            37.31203608934571,
            55.64242897066574,
            420.249015221229
          ],
          [
            37.31235370215785,
            55.642433340264205,
            420.31108797513525
          ],
          [
            37.31267131505726,
            55.64243770904085,
            420.31108797513525
          ],
          [
            37.31298892804391,
            55.642442076995685,
            420.5133737417368
          ],
          [
            37.3133065411178,
            55.6424464441287,
            420.4331735464243
          ],
          [
            37.31362415427889,
            55.64245081043992,
            420.4331735464243
          ],
          [
            37.31394176752718,
            55.6424551759293,
            420.4913553091196
          ],
          [
            37.31393411895713,
            55.64263318917258,
            420.72644747220556
          ],
          [
            37.31392647030145,
            55.64281120240995,
            420.7406839224009
          ],
          [
            37.31391882156016,
            55.642989215641435,
            420.7406839224009
          ],
          [
            37.31391117273324,
            55.64316722886702,
            420.45239962064306
          ],
          [
            37.313903523820706,
            55.64334524208669,
            423.57260836087744
          ],
          [
            37.31389587482254,
            55.64352325530048,
            423.57260836087744
          ],
          [
            37.31388822573875,
            55.64370126850838,
            431.70142305814306
          ],
          [
            37.31388057656934,
            55.643879281710376,
            435.95212496243994
          ],
          [
            37.31387292731429,
            55.64405729490646,
            435.95212496243994
          ],
          [
            37.31386527797361,
            55.644235308096654,
            436.13745821439306
          ],
          [
            37.31385762854731,
            55.64441332128095,
            440.02246798001806
          ],
          [
            37.31384997903537,
            55.644591334459356,
            440.02246798001806
          ],
          [
            37.3138423294378,
            55.644769347631865,
            439.6861795278696
          ],
          [
            37.31383467975459,
            55.64494736079847,
            441.7679361196665
          ],
          [
            37.31382702998575,
            55.645125373959175,
            441.7679361196665
          ],
          [
            37.31381938013128,
            55.64530338711398,
            443.52048433743994
          ],
          [
            37.313811730191155,
            55.64548140026291,
            438.21237886868994
          ],
          [
            37.3138040801654,
            55.64565941340591,
            438.21237886868994
          ],
          [
            37.313796430054,
            55.64583742654304,
            430.32898653470556
          ],
          [
            37.31378877985696,
            55.64601543967426,
            424.3819192739634
          ],
          [
            37.31378112957427,
            55.64619345279959,
            424.3819192739634
          ],
          [
            37.31377347920594,
            55.646371465918996,
            430.4016794057993
          ],
          [
            37.31376582875196,
            55.64654947903254,
            425.8188699575571
          ],
          [
            37.31375817821233,
            55.64672749214017,
            425.8188699575571
          ],
          [
            37.31375052758706,
            55.6469055052419,
            425.0618051382212
          ],
          [
            37.31374287687613,
            55.64708351833774,
            424.00693453275244
          ],
          [
            37.31373522607955,
            55.64726153142768,
            424.00693453275244
          ],
          [
            37.31372757519732,
            55.6474395445117,
            424.01872957669775
          ],
          [
            37.31371992422944,
            55.647617557589854,
            425.6953500600962
          ],
          [
            37.313712273175895,
            55.6477955706621,
            425.6953500600962
          ],
          [
            37.313704622036695,
            55.64797358372845,
            426.62334383451025
          ],
          [
            37.31369697081184,
            55.64815159678889,
            427.07427156888525
          ],
          [
            37.31368931950132,
            55.648329609843444,
            427.07427156888525
          ],
          [
            37.31368166810515,
            55.648507622892105,
            426.72751558743994
          ],
          [
            37.31367401662331,
            55.648685635934854,
            426.72751558743994
          ],
          [
            37.3136663650558,
            55.64886364897173,
            426.5467141958384
          ],
          [
            37.31365871340263,
            55.64904166200269,
            426.15903414212744
          ],
          [
            37.3136510616638,
            55.649219675027744,
            426.15903414212744
          ],
          [
            37.313643409839294,
            55.64939768804691,
            426.4467386099009
          ],
          [
            37.31363575792912,
            55.649575701060186,
            426.6483987661509
          ],
          [
            37.31362810593328,
            55.649753714067565,
            426.6483987661509
          ],
          [
            37.31362045385177,
            55.649931727069045,
            429.2243875356821
          ],
          [
            37.313612801684584,
            55.65010974006461,
            432.5865396352915
          ],
          [
            37.31360514943172,
            55.65028775305429,
            432.5865396352915
          ],
          [
            37.31359749709319,
            55.65046576603807,
            432.6986917349009
          ],
          [
            37.313589844668975,
            55.65064377901596,
            432.046866783729
          ],
          [
            37.31358219215909,
            55.65082179198795,
            432.046866783729
          ],
          [
            37.31357453956352,
            55.65099980495403,
            433.5702127309946
          ],
          [
            37.31356688688226,
            55.65117781791423,
            434.5604471059946
          ],
          [
            37.31355923411533,
            55.65135583086852,
            434.5604471059946
          ],
          [
            37.31355158126272,
            55.65153384381692,
            435.6966165395884
          ],
          [
            37.313543928324414,
            55.65171185675942,
            440.1803659292368
          ],
          [
            37.31353627530043,
            55.65188986969602,
            440.1803659292368
          ],
          [
            37.31352862219076,
            55.65206788262672,
            443.54766024076025
          ],
          [
            37.31352096899539,
            55.65224589555152,
            443.5688089224009
          ],
          [
            37.31351331571434,
            55.652423908470446,
            443.5688089224009
          ],
          [
            37.313505662347595,
            55.65260192138345,
            443.11240328275244
          ],
          [
            37.31349800889516,
            55.65277993429056,
            444.5453256460337
          ],
          [
            37.31349035535703,
            55.65295794719178,
            444.5453256460337
          ],
          [
            37.31348270173321,
            55.6531359600871,
            447.8878549429087
          ],
          [
            37.31347504802368,
            55.65331397297651,
            450.65393770658056
          ],
          [
            37.31346739422846,
            55.65349198586004,
            450.65393770658056
          ],
          [
            37.31345974034754,
            55.65366999873767,
            450.90540255033056
          ],
          [
            37.31345208638093,
            55.653848011609405,
            450.3128274770884
          ],
          [
            37.3134444323286,
            55.654026024475236,
            450.3128274770884
          ],
          [
            37.313436778190585,
            55.65420403733517,
            450.5354684682993
          ],
          [
            37.31342912396685,
            55.6543820501892,
            450.15142000638525
          ],
          [
            37.31342146965742,
            55.654560063037344,
            450.15142000638525
          ],
          [
            37.31341381526227,
            55.654738075879585,
            452.2418435903696
          ],
          [
            37.313406160781426,
            55.654916088715936,
            452.52478731595556
          ],
          [
            37.31339850621487,
            55.655094101546375,
            452.52478731595556
          ],
          [
            37.313390851562595,
            55.655272114370916,
            448.2334207388071
          ],
          [
            37.31338319682462,
            55.655450127189575,
            446.2477487417368
          ],
          [
            37.31337554200092,
            55.65562814000233,
            446.2477487417368
          ],
          [
            37.31336788709151,
            55.65580615280919,
            446.8939889761118
          ],
          [
            37.313360232096386,
            55.65598416561016,
            446.49370516263525
          ],
          [
            37.31335257701554,
            55.656162178405204,
            446.49370516263525
          ],
          [
            37.31334492184898,
            55.656340191194374,
            444.22312105618994
          ],
          [
            37.31333726659669,
            55.65651820397764,
            444.75656832181494
          ],
          [
            37.31332961125869,
            55.656696216755016,
            444.75656832181494
          ],
          [
            37.313321955834965,
            55.65687422952648,
            446.2234109731821
          ],
          [
            37.31331430032551,
            55.65705224229207,
            446.20146883451025
          ],
          [
            37.31330664473034,
            55.657230255051736,
            446.20146883451025
          ],
          [
            37.31329898904943,
            55.65740826780551,
            445.8337777944712
          ],
          [
            37.3132913332828,
            55.657586280553396,
            445.2023385854868
          ],
          [
            37.313283677430434,
            55.657764293295386,
            445.2023385854868
          ],
          [
            37.31327602149235,
            55.65794230603147,
            444.0431741567759
          ],
          [
            37.313268365468524,
            55.658120318761654,
            444.4275735708384
          ],
          [
            37.31326070935897,
            55.65829833148595,
            444.4275735708384
          ],
          [
            37.31325305316368,
            55.658476344204345,
            444.962638268104
          ],
          [
            37.31324539688265,
            55.65865435691685,
            444.962638268104
          ],
          [
            37.31323774051588,
            55.658832369623454,
            441.8319467397837
          ],
          [
            37.313230084063385,
            55.65901038232415,
            435.53777254544775
          ],
          [
            37.31322242752514,
            55.659188395018944,
            435.53777254544775
          ],
          [
            37.313214770901155,
            55.65936640770786,
            427.66013277493994
          ],
          [
            37.313207114191435,
            55.65954442039087,
            421.3445047231821
          ],
          [
            37.31319945739596,
            55.659722433067984,
            421.3445047231821
          ],
          [
            37.313191800514744,
            55.659900445739204,
            419.9617379995493
          ],
          [
            37.31318414354779,
            55.66007845840453,
            421.1640085073618
          ],
          [
            37.313176486495074,
            55.66025647106393,
            421.1640085073618
          ],
          [
            37.31316882935662,
            55.66043448371746,
            420.9536355825571
          ],
          [
            37.31316117213241,
            55.66061249636509,
            420.5259164663462
          ],
          [
            37.313153514822446,
            55.66079050900681,
            420.5259164663462
          ],
          [
            37.31314585742674,
            55.66096852164266,
            420.41509188138525
          ],
          [
            37.31313819994527,
            55.66114653427259,
            419.67139376126806
          ],
          [
            37.31313054237805,
            55.66132454689662,
            419.67139376126806
          ],
          [
            37.31312288472507,
            55.66150255951476,
            420.9867776724009
          ],
          [
            37.31311522698633,
            55.661680572127,
            422.953605064979
          ],
          [
            37.313107569161836,
            55.66185858473335,
            422.953605064979
          ],
          [
            37.31309991125157,
            55.66203659733379,
            423.47775972806494
          ],
          [
            37.313092253255554,
            55.66221460992834,
            422.8874124380259
          ],
          [
            37.31341002643445,
            55.662218977809516,
            421.453605064979
          ],
          [
            37.31372779970065,
            55.662223344868266,
            421.453605064979
          ],
          [
            37.31404557305415,
            55.6622277111046,
            420.43010652982275
          ],
          [
            37.314363346494936,
            55.662232076518514,
            421.2616342397837
          ],
          [
            37.31468112002299,
            55.662236441110004,
            421.2616342397837
          ],
          [
            37.31499889363828,
            55.66224080487906,
            421.8623422475962
          ],
          [
            37.31531666734081,
            55.6622451678257,
            422.1117776724009
          ],
          [
            37.31563444113055,
            55.66224952994993,
            422.1117776724009
          ],
          [
            37.31595221500749,
            55.66225389125172,
            422.50781954251806
          ],
          [
            37.315959929535076,
            55.66207426009797,
            423.2206186147837
          ],
          [
            37.315967643975476,
            55.66189462893821,
            423.3191293569712
          ],
          [
            37.3159753583287,
            55.66171499777245,
            423.3191293569712
          ],
          [
            37.31598307259474,
            55.66153536660069,
            422.95761812650244
          ],
          [
            37.31599078677361,
            55.66135573542292,
            426.6000436636118
          ],
          [
            37.315998500865305,
            55.66117610423916,
            426.6000436636118
          ],
          [
            37.31600621486982,
            55.66099647304938,
            432.2958444448618
          ],
          [
            37.316013928787164,
            55.66081684185362,
            435.68445528470556
          ],
          [
            37.316021642617336,
            55.660637210651835,
            435.68445528470556
          ],
          [
            37.316029356360346,
            55.660457579444056,
            438.50420320951025
          ],
          [
            37.31603707001617,
            55.66027794823029,
            442.57996309720556
          ],
          [
            37.31604478358485,
            55.66009831701049,
            442.57996309720556
          ],
          [
            37.316052497066345,
            55.65991868578471,
            446.7463601919321
          ],
          [
            37.316060210460684,
            55.659739054552915,
            448.35413301908056
          ],
          [
            37.316067923767854,
            55.65955942331512,
            448.35413301908056
          ],
          [
            37.31607563698787,
            55.65937979207132,
            447.2638620229868
          ],
          [
            37.316083350120714,
            55.659200160821534,
            444.79143465482275
          ],
          [
            37.31609106316641,
            55.65902052956573,
            444.79143465482275
          ],
          [
            37.316098776124946,
            55.65884089830392,
            443.5023568960337
          ],
          [
            37.31610648899632,
            55.65866126703611,
            445.8442605825571
          ],
          [
            37.316114201780536,
            55.658481635762314,
            445.8442605825571
          ],
          [
            37.316121914477606,
            55.65830200448249,
            446.8331216665415
          ],
          [
            37.31612962708752,
            55.65812237319669,
            443.40088594876806
          ],
          [
            37.316137339610286,
            55.65794274190486,
            443.40088594876806
          ],
          [
            37.3161450520459,
            55.65776311060705,
            444.18120516263525
          ],
          [
            37.31615276439436,
            55.65758347930323,
            446.1852487417368
          ],
          [
            37.31616047665568,
            55.65740384799339,
            446.1852487417368
          ],
          [
            37.316168188829856,
            55.65722421667757,
            443.7004617544321
          ],
          [
            37.31617590091688,
            55.657044585355735,
            444.77996004544775
          ],
          [
            37.31618361291677,
            55.656864954027895,
            444.77996004544775
          ],
          [
            37.31619132482951,
            55.65668532269407,
            444.6061166616587
          ],
          [
            37.316199036655114,
            55.65650569135422,
            445.2272104116587
          ],
          [
            37.316206748393576,
            55.656326060008375,
            445.2272104116587
          ],
          [
            37.3162144600449,
            55.65614642865654,
            446.6372751089243
          ],
          [
            37.31622217160909,
            55.65596679729869,
            447.6276315542368
          ],
          [
            37.316229883086145,
            55.655787165934846,
            447.6276315542368
          ],
          [
            37.316237594476064,
            55.655607534564986,
            447.9214547964243
          ],
          [
            37.31624530577885,
            55.65542790318913,
            450.17111910306494
          ],
          [
            37.31625301699451,
            55.655248271807274,
            450.17111910306494
          ],
          [
            37.316260728123034,
            55.65506864041941,
            450.0025247427134
          ],
          [
            37.31626843916443,
            55.65488900902554,
            446.52463472806494
          ],
          [
            37.31627615011871,
            55.65470937762568,
            446.52463472806494
          ],
          [
            37.316283860985855,
            55.65452974621981,
            444.9698404165415
          ],
          [
            37.31629157176587,
            55.654350114807926,
            446.2803872915415
          ],
          [
            37.31629928245877,
            55.654170483390054,
            446.2803872915415
          ],
          [
            37.31630699306456,
            55.65399085196618,
            447.1476663442759
          ],
          [
            37.31631470358321,
            55.6538112205363,
            445.6756509634165
          ],
          [
            37.31632241401475,
            55.65363158910041,
            445.6756509634165
          ],
          [
            37.31633012435917,
            55.653451957658525,
            445.33115328275244
          ],
          [
            37.316337834616476,
            55.65327232621064,
            444.7366098257212
          ],
          [
            37.316345544786664,
            55.653092694756744,
            444.7366098257212
          ],
          [
            37.316353254869746,
            55.65291306329684,
            444.1476510854868
          ],
          [
            37.3163609648657,
            55.652733431830946,
            443.36467684232275
          ],
          [
            37.31636867477456,
            55.652553800359044,
            443.36467684232275
          ],
          [
            37.3163763845963,
            55.652374168881146,
            444.9673990102915
          ],
          [
            37.31638409433094,
            55.65219453739723,
            447.47588289701025
          ],
          [
            37.31639180397847,
            55.65201490590732,
            447.47588289701025
          ],
          [
            37.31639951353889,
            55.65183527441142,
            447.3765481802134
          ],
          [
            37.31640722301221,
            55.6516556429095,
            445.63013399564306
          ],
          [
            37.31641493239843,
            55.651476011401584,
            445.63013399564306
          ],
          [
            37.31642264169754,
            55.65129637988766,
            442.388419518104
          ],
          [
            37.31643035090956,
            55.651116748367734,
            436.35893953763525
          ],
          [
            37.31643806003448,
            55.6509371168418,
            436.35893953763525
          ],
          [
            37.316445769072295,
            55.65075748530988,
            433.4884713979868
          ],
          [
            37.31645347802302,
            55.65057785377195,
            435.7128366323618
          ],
          [
            37.31646101930358,
            55.650402127261636,
            435.7128366323618
          ],
          [
            37.316468560500795,
            55.65022640074559,
            431.8482889028696
          ],
          [
            37.31647610161467,
            55.65005067422379,
            430.37529695951025
          ],
          [
            37.31648364264519,
            55.64987494769624,
            430.37529695951025
          ],
          [
            37.31649118359237,
            55.64969922116297,
            426.8472055288462
          ],
          [
            37.31649872445621,
            55.649523494623935,
            426.46355379544775
          ],
          [
            37.316506265236704,
            55.64934776807915,
            426.46355379544775
          ],
          [
            37.31651380593386,
            55.64917204152863,
            426.13457430326025
          ],
          [
            37.31652134654767,
            55.64899631497238,
            426.13457430326025
          ],
          [
            37.31652888707815,
            55.648820588410366,
            426.21619356595556
          ],
          [
            37.31653642752529,
            55.6486448618426,
            427.8471139761118
          ],
          [
            37.3165439678891,
            55.6484691352691,
            427.8471139761118
          ],
          [
            37.31655150816957,
            55.64829340868986,
            425.8287576528696
          ],
          [
            37.316559048366706,
            55.648117682104875,
            422.6800912710337
          ],
          [
            37.31656658848052,
            55.64794195551414,
            422.6800912710337
          ],
          [
            37.31657412851099,
            55.64776622891766,
            422.4793619009165
          ],
          [
            37.31658166845814,
            55.647590502315445,
            423.3994973989634
          ],
          [
            37.316589208321965,
            55.647414775707475,
            423.3994973989634
          ],
          [
            37.31659674810246,
            55.647239049093756,
            422.19866121732275
          ],
          [
            37.31660428779963,
            55.6470633224743,
            422.8825906606821
          ],
          [
            37.31661182741348,
            55.646887595849094,
            422.8825906606821
          ],
          [
            37.316619366943996,
            55.64671186921816,
            427.24736727201025
          ],
          [
            37.3166269063912,
            55.64653614258147,
            426.8522409292368
          ],
          [
            37.316634445755085,
            55.64636041593902,
            426.8522409292368
          ],
          [
            37.316641985035645,
            55.64618468929085,
            423.8956674429087
          ],
          [
            37.31664952423289,
            55.64600896263693,
            431.8505319448618
          ],
          [
            37.316657063346824,
            55.64583323597725,
            431.8505319448618
          ],
          [
            37.316664602377436,
            55.64565750931183,
            436.29163301908056
          ],
          [
            37.31667214132474,
            55.645481782640665,
            433.5616067739634
          ],
          [
            37.31667968018872,
            55.64530605596377,
            433.5616067739634
          ],
          [
            37.3166872189694,
            55.64513032928112,
            428.7296975942759
          ],
          [
            37.31669475766677,
            55.64495460259273,
            428.7296975942759
          ],
          [
            37.31670229628082,
            55.64477887589858,
            423.17966402493994
          ],
          [
            37.316709834811576,
            55.6446031491987,
            424.0616067739634
          ],
          [
            37.316717373259024,
            55.64442742249308,
            424.0616067739634
          ],
          [
            37.316724911623155,
            55.64425169578171,
            424.23459566556494
          ],
          [
            37.316732449903995,
            55.64407596906458,
            421.2911599966196
          ],
          [
            37.316739988101524,
            55.643900242341736,
            421.2911599966196
          ],
          [
            37.31674752621576,
            55.64372451561313,
            420.038077721229
          ],
          [
            37.31675506424669,
            55.643548788878775,
            419.62998140775244
          ],
          [
            37.31676260219432,
            55.64337306213868,
            419.62998140775244
          ],
          [
            37.31677014005866,
            55.64319733539283,
            419.0170511099009
          ],
          [
            37.316777677839696,
            55.64302160864125,
            418.64133394681494
          ],
          [
            37.31678521553744,
            55.642845881883915,
            418.64133394681494
          ],
          [
            37.316792753151894,
            55.64267015512084,
            418.6082376333384
          ],
          [
            37.31680029068305,
            55.642494428352016,
            418.8828958364634
          ],
          [
            37.31711790480242,
            55.642498785623225,
            417.99468172513525
          ],
          [
            37.31743551900881,
            55.642503142072606,
            417.99468172513525
          ],
          [
            37.317753133302205,
            55.64250749770017,
            417.38774813138525
          ],
          [
            37.31807074768259,
            55.64251185250591,
            416.7652505727915
          ],
          [
            37.31838836214993,
            55.64251620648984,
            416.7652505727915
          ],
          [
            37.31870597670423,
            55.64252055965193,
            416.6538461538462
          ],
          [
            37.31902359134547,
            55.642524911992204,
            416.6538461538462
          ],
          [
            37.31934120607362,
            55.64252926351065,
            416.6538461538462
          ],
          [
            37.31965882088868,
            55.64253361420729,
            416.6538461538462
          ],
          [
            37.3196512961436,
            55.64270934123257,
            416.6538461538462
          ],
          [
            37.31964377131537,
            55.642885068252106,
            417.12847078763525
          ],
          [
            37.31963624640398,
            55.6430607952659,
            417.12847078763525
          ],
          [
            37.31962872140945,
            55.643236522273945,
            418.4377664419321
          ],
          [
            37.31962119633175,
            55.643412249276274,
            419.3254007192759
          ],
          [
            37.319613671170906,
            55.64358797627282,
            419.3254007192759
          ],
          [
            37.3196061459269,
            55.64376370326365,
            419.5917123647837
          ],
          [
            37.319598620599734,
            55.64393943024873,
            419.6512369009165
          ],
          [
            37.31959109518941,
            55.64411515722806,
            419.6512369009165
          ],
          [
            37.31958356969592,
            55.64429088420167,
            419.74851168118994
          ],
          [
            37.31957604411927,
            55.64446661116953,
            419.62480867826025
          ],
          [
            37.31956851845946,
            55.64464233813163,
            419.62480867826025
          ],
          [
            37.31956099271648,
            55.644818065088,
            419.30217684232275
          ],
          [
            37.31955346689034,
            55.64499379203863,
            419.4973520132212
          ],
          [
            37.31954594098103,
            55.645169518983515,
            419.4973520132212
          ],
          [
            37.31953841498854,
            55.645345245922655,
            419.87187899076025
          ],
          [
            37.319530888912894,
            55.64552097285605,
            419.87187899076025
          ],
          [
            37.31952336275407,
            55.64569669978372,
            421.369376549354
          ],
          [
            37.319515836512075,
            55.64587242670563,
            423.8014291616587
          ],
          [
            37.31950831018691,
            55.646048153621805,
            423.8014291616587
          ],
          [
            37.319500783778565,
            55.646223880532226,
            422.8230203481821
          ],
          [
            37.31949325728704,
            55.64639960743692,
            421.22837007962744
          ],
          [
            37.319485730712344,
            55.646575334335864,
            421.22837007962744
          ],
          [
            37.31947820405447,
            55.64675106122907,
            421.82846773587744
          ],
          [
            37.31947067731341,
            55.64692678811653,
            423.6116098257212
          ],
          [
            37.31946315048917,
            55.64710251499824,
            423.6116098257212
          ],
          [
            37.319455623581746,
            55.64727824187422,
            421.0869363638071
          ],
          [
            37.319448096591145,
            55.64745396874446,
            422.67432344876806
          ],
          [
            37.319440569517354,
            55.647629695608956,
            422.67432344876806
          ],
          [
            37.31943304236037,
            55.64780542246769,
            421.877677330604
          ],
          [
            37.31942551512021,
            55.64798114932069,
            422.95867098294775
          ],
          [
            37.319417987796854,
            55.64815687616797,
            422.95867098294775
          ],
          [
            37.31941046039031,
            55.648332603009486,
            424.16919649564306
          ],
          [
            37.31940293290057,
            55.64850832984526,
            424.7151101919321
          ],
          [
            37.31939540532764,
            55.648684056675286,
            424.7151101919321
          ],
          [
            37.31938787767152,
            55.6488597834996,
            424.6643899770884
          ],
          [
            37.3193803499322,
            55.64903551031814,
            424.10449923001806
          ],
          [
            37.31937282210969,
            55.64921123713095,
            424.10449923001806
          ],
          [
            37.319365294203976,
            55.649386963938014,
            423.6764139028696
          ],
          [
            37.31935776621506,
            55.649562690739344,
            423.6764139028696
          ],
          [
            37.31935023814295,
            55.64973841753491,
            424.8456186147837
          ],
          [
            37.31934270998764,
            55.649914144324754,
            427.7599557729868
          ],
          [
            37.31933518174912,
            55.650089871108854,
            427.7599557729868
          ],
          [
            37.3193276534274,
            55.65026559788721,
            432.20154512845556
          ],
          [
            37.31932012502247,
            55.65044132465982,
            436.57077730618994
          ],
          [
            37.319312596534346,
            55.65061705142669,
            436.57077730618994
          ],
          [
            37.31930490066047,
            55.650796683226886,
            442.76889742337744
          ],
          [
            37.319297204699645,
            55.650976315021076,
            443.8349069448618
          ],
          [
            37.319289508651885,
            55.65115594680928,
            443.8349069448618
          ],
          [
            37.31928181251716,
            55.65133557859148,
            445.0262369009165
          ],
          [
            37.31927411629549,
            55.65151521036767,
            445.7194436880259
          ],
          [
            37.31926641998686,
            55.65169484213787,
            445.7194436880259
          ],
          [
            37.319258723591275,
            55.65187447390206,
            445.9222024770884
          ],
          [
            37.31925102710874,
            55.652054105660255,
            445.7637094350962
          ],
          [
            37.319243330539244,
            55.65223373741245,
            445.7637094350962
          ],
          [
            37.31923563388279,
            55.65241336915865,
            445.1204446645884
          ],
          [
            37.319227937139374,
            55.65259300089883,
            443.26633394681494
          ],
          [
            37.319220240308994,
            55.65277263263304,
            443.26633394681494
          ],
          [
            37.31921254339165,
            55.65295226436122,
            442.7916940542368
          ],
          [
            37.31920484638734,
            55.65313189608342,
            444.9943002554087
          ],
          [
            37.31919714929607,
            55.653311527799616,
            444.9943002554087
          ],
          [
            37.31918945211783,
            55.653491159509805,
            447.0055307241587
          ],
          [
            37.31918175485263,
            55.65367079121399,
            449.6881326528696
          ],
          [
            37.31917405750045,
            55.65385042291219,
            449.6881326528696
          ],
          [
            37.3191663600613,
            55.65403005460438,
            451.2821420522837
          ],
          [
            37.31915866253518,
            55.65420968629056,
            449.3612741323618
          ],
          [
            37.31915096492209,
            55.65438931797075,
            449.3612741323618
          ],
          [
            37.31914326722201,
            55.65456894964494,
            447.346915611854
          ],
          [
            37.31913556943496,
            55.65474858131313,
            443.2232583852915
          ],
          [
            37.31912787156094,
            55.654928212975314,
            443.2232583852915
          ],
          [
            37.319120173599934,
            55.65510784463151,
            440.39072359525244
          ],
          [
            37.31911247555195,
            55.65528747628171,
            444.0893930288462
          ],
          [
            37.319104777416975,
            55.65546710792588,
            444.0893930288462
          ],
          [
            37.319097079195025,
            55.65564673956407,
            446.63925875150244
          ],
          [
            37.31908938088609,
            55.655826371196255,
            438.7185281606821
          ],
          [
            37.31908168249017,
            55.65600600282243,
            438.7185281606821
          ],
          [
            37.31907398400726,
            55.65618563444263,
            426.9132760854868
          ],
          [
            37.319066285437366,
            55.65636526605681,
            427.67082918607275
          ],
          [
            37.31905858678047,
            55.656544897665,
            427.67082918607275
          ],
          [
            37.31905088803659,
            55.65672452926718,
            431.00579012357275
          ],
          [
            37.31904318920572,
            55.656904160863355,
            440.8697732778696
          ],
          [
            37.31903549028785,
            55.657083792453555,
            440.8697732778696
          ],
          [
            37.319027791282984,
            55.65726342403774,
            442.8057473989634
          ],
          [
            37.31902009219113,
            55.6574430556159,
            446.51135958158056
          ],
          [
            37.31901239301227,
            55.657622687188095,
            446.51135958158056
          ],
          [
            37.319004693746415,
            55.65780231875428,
            447.4068063589243
          ],
          [
            37.31899699439356,
            55.65798195031446,
            447.29099214993994
          ],
          [
            37.318989294953695,
            55.65816158186863,
            447.29099214993994
          ],
          [
            37.318981595426834,
            55.65834121341682,
            445.9358133169321
          ],
          [
            37.31897389581296,
            55.658520844959,
            441.66594637357275
          ],
          [
            37.318966196112086,
            55.65870047649518,
            441.66594637357275
          ],
          [
            37.31895849632421,
            55.658880108025365,
            437.95398653470556
          ],
          [
            37.318950796449315,
            55.65905973954955,
            438.2601541372446
          ],
          [
            37.31894309648741,
            55.65923937106772,
            438.2601541372446
          ],
          [
            37.3189353964385,
            55.659419002579895,
            439.3777994009165
          ],
          [
            37.31892769630257,
            55.65959863408608,
            440.3425668569712
          ],
          [
            37.318919996079636,
            55.65977826558625,
            440.3425668569712
          ],
          [
            37.31891229576968,
            55.65995789708043,
            440.79143465482275
          ],
          [
            37.3189045953727,
            55.66013752856861,
            441.4101022573618
          ],
          [
            37.31889689488871,
            55.66031716005079,
            441.4101022573618
          ],
          [
            37.3188891943177,
            55.660496791526974,
            441.6015237661509
          ],
          [
            37.31888149365967,
            55.660676422997135,
            441.085196861854
          ],
          [
            37.31887379291461,
            55.66085605446131,
            441.085196861854
          ],
          [
            37.31886609208253,
            55.661035685919494,
            439.6507028432993
          ],
          [
            37.318858391163424,
            55.66121531737167,
            435.4248269888071
          ],
          [
            37.3188506901573,
            55.661394948817836,
            435.4248269888071
          ],
          [
            37.31884298906413,
            55.66157458025802,
            429.86789644681494
          ],
          [
            37.31883528788395,
            55.66175421169219,
            427.47844637357275
          ],
          [
            37.31882758661673,
            55.66193384312036,
            427.47844637357275
          ],
          [
            37.31881988526248,
            55.66211347454254,
            426.4861673208384
          ],
          [
            37.3188121838212,
            55.66229310595871,
            425.3018411489634
          ],
          [
            37.31911860946958,
            55.662297303583344,
            427.3813852163462
          ],
          [
            37.31942503519887,
            55.66230150044324,
            427.3813852163462
          ],
          [
            37.31973146100907,
            55.66230569653841,
            430.2564157339243
          ],
          [
            37.32003788690015,
            55.662309891868844,
            430.2564157339243
          ],
          [
            37.3203443128721,
            55.66231408643454,
            431.5514596792368
          ],
          [
            37.32065073892491,
            55.662318280235496,
            426.00318087064306
          ],
          [
            37.32095716505855,
            55.66232247327173,
            426.00318087064306
          ],
          [
            37.32126359127303,
            55.66232666554321,
            422.1312936636118
          ],
          [
            37.321570017568305,
            55.662330857049966,
            420.4020456167368
          ],
          [
            37.32187644394439,
            55.66233504779198,
            420.4020456167368
          ],
          [
            37.32218287040125,
            55.66233923776926,
            419.75107515775244
          ],
          [
            37.32248929693888,
            55.66234342698179,
            420.458976158729
          ],
          [
            37.32279572355726,
            55.6623476154296,
            420.458976158729
          ],
          [
            37.323102150256375,
            55.662351803112664,
            422.5328592153696
          ],
          [
            37.32310976286289,
            55.66217378960831,
            424.31055391751806
          ],
          [
            37.323117375384136,
            55.661995776098074,
            428.9242776724009
          ],
          [
            37.32312498782014,
            55.66181776258193,
            428.9242776724009
          ],
          [
            37.32313260017089,
            55.66163974905991,
            431.5608590932993
          ],
          [
            37.323140212436385,
            55.661461735532,
            430.74338472806494
          ],
          [
            37.32314782461663,
            55.661283721998196,
            430.74338472806494
          ],
          [
            37.32315543671163,
            55.661105708458514,
            432.2867807241587
          ],
          [
            37.32316304872138,
            55.66092769491293,
            426.5948861929087
          ],
          [
            37.32317066064589,
            55.660749681361466,
            426.5948861929087
          ],
          [
            37.32317827248515,
            55.660571667804106,
            423.70932711087744
          ],
          [
            37.32318588423917,
            55.660393654240856,
            423.0687478872446
          ],
          [
            37.32319349590796,
            55.66021564067172,
            423.0687478872446
          ],
          [
            37.32320110749149,
            55.6600376270967,
            423.6392282339243
          ],
          [
            37.32320871898979,
            55.659859613515785,
            426.703849205604
          ],
          [
            37.32321633040285,
            55.65968159992898,
            426.703849205604
          ],
          [
            37.32322394173068,
            55.65950358633629,
            431.44690645658056
          ],
          [
            37.323231552973276,
            55.6593255727377,
            433.2991098257212
          ],
          [
            37.323239164130634,
            55.65914755913324,
            433.2991098257212
          ],
          [
            37.323246775202755,
            55.658969545522886,
            434.70435274564306
          ],
          [
            37.32325438618965,
            55.65879153190663,
            433.40154207669775
          ],
          [
            37.323261997091315,
            55.65861351828448,
            433.40154207669775
          ],
          [
            37.32326960790775,
            55.65843550465645,
            429.4261087270884
          ],
          [
            37.323277218638964,
            55.65825749102254,
            429.4261087270884
          ],
          [
            37.323284829284944,
            55.658079477382735,
            425.76323641263525
          ],
          [
            37.3232924398457,
            55.65790146373705,
            430.4114602895884
          ],
          [
            37.32330005032124,
            55.65772345008546,
            430.4114602895884
          ],
          [
            37.32330766071155,
            55.657545436427974,
            440.50839937650244
          ],
          [
            37.32331527101664,
            55.657367422764636,
            444.5066751333384
          ],
          [
            37.323322881236514,
            55.657189409095366,
            444.5066751333384
          ],
          [
            37.323330491371166,
            55.657011395420234,
            439.1459573599009
          ],
          [
            37.32333810142061,
            55.65683338173919,
            433.8105844350962
          ],
          [
            37.32334571138483,
            55.65665536805228,
            433.8105844350962
          ],
          [
            37.323353321263845,
            55.65647735435946,
            441.2352517934946
          ],
          [
            37.32336093105764,
            55.656299340660766,
            445.3272317739634
          ],
          [
            37.323368540766225,
            55.65612132695619,
            445.3272317739634
          ],
          [
            37.3233761503896,
            55.655943313245714,
            442.9267190786509
          ],
          [
            37.323383759927765,
            55.65576529952933,
            440.5053171011118
          ],
          [
            37.32339136938073,
            55.65558728580709,
            440.5053171011118
          ],
          [
            37.32339897874848,
            55.655409272078934,
            439.7021859975962
          ],
          [
            37.32340658803103,
            55.6552312583449,
            437.5159524770884
          ],
          [
            37.323414197228374,
            55.65505324460499,
            437.5159524770884
          ],
          [
            37.32342180634052,
            55.65487523085917,
            431.95114839993994
          ],
          [
            37.32342941536746,
            55.65469721710746,
            428.8091958852915
          ],
          [
            37.3234370243092,
            55.65451920334987,
            428.8091958852915
          ],
          [
            37.323444633165735,
            55.654341189586404,
            431.26743257962744
          ],
          [
            37.32345224193708,
            55.65416317581703,
            434.84497774564306
          ],
          [
            37.32345985062323,
            55.653985162041764,
            434.84497774564306
          ],
          [
            37.32346745922419,
            55.653807148260626,
            436.93576754056494
          ],
          [
            37.32347506773995,
            55.65362913447358,
            435.9062723013071
          ],
          [
            37.32348267617052,
            55.65345112068064,
            435.9062723013071
          ],
          [
            37.323490284515906,
            55.65327310688184,
            431.66370333158056
          ],
          [
            37.323497892776096,
            55.653095093077134,
            427.7147592397837
          ],
          [
            37.32350550095109,
            55.652917079266544,
            427.7147592397837
          ],
          [
            37.32351310904091,
            55.65273906545006,
            428.28696382962744
          ],
          [
            37.32352071704554,
            55.65256105162769,
            434.2622445913462
          ],
          [
            37.32352832496499,
            55.652383037799424,
            434.2622445913462
          ],
          [
            37.32353593279925,
            55.652205023965266,
            442.31067598783056
          ],
          [
            37.323543540548336,
            55.65202701012523,
            447.52739656888525
          ],
          [
            37.32355114821223,
            55.6518489962793,
            447.52739656888525
          ],
          [
            37.323558755790955,
            55.65167098242748,
            447.56372774564306
          ],
          [
            37.323566363284506,
            55.65149296856977,
            446.270743736854
          ],
          [
            37.32357397069287,
            55.65131495470618,
            446.270743736854
          ],
          [
            37.32358157801607,
            55.65113694083668,
            444.8132547231821
          ],
          [
            37.32358918525409,
            55.650958926961316,
            442.31995333158056
          ],
          [
            37.32359679240694,
            55.65078091308005,
            442.31995333158056
          ],
          [
            37.32360439947462,
            55.65060289919288,
            433.5867837759165
          ],
          [
            37.323612006457125,
            55.65042488529985,
            431.30820406400244
          ],
          [
            37.32361961335447,
            55.65024687140092,
            431.30820406400244
          ],
          [
            37.323627220166635,
            55.650068857496095,
            430.6978372427134
          ],
          [
            37.323634826893645,
            55.649890843585375,
            426.93701876126806
          ],
          [
            37.32364243353548,
            55.64971282966878,
            426.93701876126806
          ],
          [
            37.32365004009216,
            55.64953481574628,
            424.53516329251806
          ],
          [
            37.32365764656368,
            55.6493568018179,
            424.23654879056494
          ],
          [
            37.32366525295004,
            55.64917878788364,
            424.23654879056494
          ],
          [
            37.32367285925124,
            55.649000773943484,
            423.638419518104
          ],
          [
            37.32368046546728,
            55.64882275999742,
            423.10320223294775
          ],
          [
            37.32368807159816,
            55.64864474604549,
            423.10320223294775
          ],
          [
            37.32369567764389,
            55.64846673208767,
            423.5354684682993
          ],
          [
            37.32370328360446,
            55.64828871812396,
            423.5354684682993
          ],
          [
            37.323710889479884,
            55.648110704154355,
            422.6202615591196
          ],
          [
            37.32371849527016,
            55.64793269017885,
            420.53565157376806
          ],
          [
            37.32372610097527,
            55.647754676197465,
            420.53565157376806
          ],
          [
            37.32373370659524,
            55.64757666221019,
            419.70220125638525
          ],
          [
            37.32374131213007,
            55.64739864821705,
            419.74048555814306
          ],
          [
            37.32374891757974,
            55.64722063421798,
            419.74048555814306
          ],
          [
            37.32375652294427,
            55.64704262021303,
            421.7317727895884
          ],
          [
            37.32376412822366,
            55.64686460620221,
            420.63603914701025
          ],
          [
            37.32377173341791,
            55.64668659218549,
            420.63603914701025
          ],
          [
            37.32377933852701,
            55.64650857816287,
            417.38816011868994
          ],
          [
            37.32378694355098,
            55.64633056413439,
            415.6465677114634
          ],
          [
            37.32379454848981,
            55.64615255009999,
            415.6465677114634
          ],
          [
            37.32380215334349,
            55.64597453605971,
            415.7318338247446
          ],
          [
            37.32380975811205,
            55.64579652201355,
            415.3765786977915
          ],
          [
            37.32381736279547,
            55.645618507961494,
            415.3765786977915
          ],
          [
            37.32382496739376,
            55.64544049390354,
            413.89942110501806
          ],
          [
            37.32383257190691,
            55.64526247983971,
            413.96692598783056
          ],
          [
            37.32384017633493,
            55.64508446577,
            413.96692598783056
          ],
          [
            37.32384778067783,
            55.644906451694375,
            414.1323465200571
          ],
          [
            37.3238553849356,
            55.64472843761286,
            414.2524789663462
          ],
          [
            37.323862989108235,
            55.64455042352548,
            414.2524789663462
          ],
          [
            37.32387059319576,
            55.644372409432194,
            414.28435457669775
          ],
          [
            37.32387819719814,
            55.64419439533303,
            413.9478677602915
          ],
          [
            37.32388580111541,
            55.64401638122797,
            413.9478677602915
          ],
          [
            37.32389340494756,
            55.64383836711702,
            412.9405893179087
          ],
          [
            37.323901008694584,
            55.64366035300017,
            412.58533419095556
          ],
          [
            37.3239086123565,
            55.64348233887744,
            412.58533419095556
          ],
          [
            37.32391621593329,
            55.64330432474883,
            413.8352426382212
          ],
          [
            37.323923819424955,
            55.643126310614335,
            415.52100313626806
          ],
          [
            37.32393142283152,
            55.64294829647393,
            415.52100313626806
          ],
          [
            37.32393902615296,
            55.64277028232764,
            415.5298990102915
          ],
          [
            37.3239466293893,
            55.64259226817546,
            416.4762643667368
          ],
          [
            37.32426424546261,
            55.642596606955586,
            416.22962130033056
          ],
          [
            37.32458186162256,
            55.64260094491387,
            416.22962130033056
          ],
          [
            37.32489947786916,
            55.64260528205034,
            416.51848543607275
          ],
          [
            37.32521709420236,
            55.64260961836496,
            417.78501070462744
          ],
          [
            37.32553471062217,
            55.64261395385776,
            417.78501070462744
          ],
          [
            37.325852327128565,
            55.64261828852872,
            419.0950845571665
          ],
          [
            37.326169943721524,
            55.64262262237785,
            420.4959634634165
          ],
          [
            37.326487560401034,
            55.642626955405134,
            420.4959634634165
          ],
          [
            37.32680517716708,
            55.64263128761059,
            421.7267526479868
          ],
          [
            37.32679751788051,
            55.64281092033426,
            421.2069772573618
          ],
          [
            37.326789858507425,
            55.64299055305193,
            420.401847252479
          ],
          [
            37.32678219904782,
            55.643170185763616,
            420.401847252479
          ],
          [
            37.326774539501685,
            55.6433498184693,
            419.3540719839243
          ],
          [
            37.326766879869034,
            55.64352945116899,
            418.23955477201025
          ],
          [
            37.32675922014986,
            55.64370908386269,
            418.23955477201025
          ],
          [
            37.32675156034416,
            55.64388871655038,
            416.89868868314306
          ],
          [
            37.32674390045193,
            55.64406834923209,
            415.6107553335337
          ],
          [
            37.32673624047317,
            55.644247981907796,
            415.6107553335337
          ],
          [
            37.32672858040788,
            55.64442761457751,
            414.8490823599009
          ],
          [
            37.32672092025606,
            55.64460724724124,
            414.0664743276743
          ],
          [
            37.326713260017705,
            55.64478687989897,
            414.0664743276743
          ],
          [
            37.326705599692815,
            55.64496651255071,
            413.1104959341196
          ],
          [
            37.32669793928139,
            55.64514614519645,
            412.11743868314306
          ],
          [
            37.32669027878343,
            55.64532577783618,
            412.11743868314306
          ],
          [
            37.32668261819893,
            55.645505410469944,
            411.46689547025244
          ],
          [
            37.32667495752789,
            55.6456850430977,
            412.45703829251806
          ],
          [
            37.32666729677031,
            55.64586467571946,
            412.45703829251806
          ],
          [
            37.32665963592619,
            55.64604430833523,
            417.6267770620493
          ],
          [
            37.326651974995535,
            55.646223940944985,
            417.6903909536509
          ],
          [
            37.32664431397832,
            55.64640357354877,
            417.6903909536509
          ],
          [
            37.32663665287456,
            55.646583206146545,
            417.2087015005259
          ],
          [
            37.32662899168427,
            55.64676283873834,
            424.1726449819712
          ],
          [
            37.32662133040741,
            55.64694247132413,
            424.1726449819712
          ],
          [
            37.326613669044015,
            55.64712210390394,
            425.3159555288462
          ],
          [
            37.32660600759406,
            55.64730173647774,
            421.39426363431494
          ],
          [
            37.32659834605755,
            55.64748136904555,
            421.39426363431494
          ],
          [
            37.32659068443449,
            55.64766100160736,
            420.71977938138525
          ],
          [
            37.326583022724876,
            55.64784063416318,
            421.3394693227915
          ],
          [
            37.3265753609287,
            55.64802026671301,
            421.3394693227915
          ],
          [
            37.326567699045974,
            55.64819989925684,
            422.6308053823618
          ],
          [
            37.32656003707668,
            55.64837953179468,
            424.53508699857275
          ],
          [
            37.32655237502083,
            55.64855916432653,
            424.53508699857275
          ],
          [
            37.326544712878416,
            55.64873879685237,
            426.42441500150244
          ],
          [
            37.32653705064944,
            55.64891842937223,
            427.05535067044775
          ],
          [
            37.326529388333896,
            55.649098061886086,
            427.05535067044775
          ],
          [
            37.3265217259318,
            55.64927769439395,
            425.52890718900244
          ],
          [
            37.32651406344311,
            55.64945732689582,
            424.8605417104868
          ],
          [
            37.32650640086787,
            55.64963695939169,
            424.8605417104868
          ],
          [
            37.326498738206055,
            55.64981659188159,
            423.5076059194712
          ],
          [
            37.326491075457675,
            55.64999622436547,
            424.75212801419775
          ],
          [
            37.32648341262271,
            55.65017585684335,
            424.75212801419775
          ],
          [
            37.326475749701174,
            55.65035548931525,
            428.4436410757212
          ],
          [
            37.32646808669307,
            55.65053512178116,
            437.70728243314306
          ],
          [
            37.326460423598384,
            55.65071475424107,
            437.70728243314306
          ],
          [
            37.32645276041712,
            55.65089438669499,
            441.9815591665415
          ],
          [
            37.326445097149275,
            55.6510740191429,
            442.5709146352915
          ],
          [
            37.32643743379485,
            55.65125365158484,
            442.5709146352915
          ],
          [
            37.32642977035384,
            55.651433284020754,
            441.87158907376806
          ],
          [
            37.32642210682625,
            55.6516129164507,
            441.41699923001806
          ],
          [
            37.32641444321207,
            55.651792548874646,
            441.41699923001806
          ],
          [
            37.326406779511316,
            55.65197218129259,
            440.8131936880259
          ],
          [
            37.326399115723966,
            55.65215181370454,
            439.17571199857275
          ],
          [
            37.32639145185003,
            55.6523314461105,
            439.17571199857275
          ],
          [
            37.3263837878895,
            55.65251107851048,
            433.23841036283056
          ],
          [
            37.32637612384238,
            55.65269071090444,
            432.67664278470556
          ],
          [
            37.32636845970866,
            55.65287034329241,
            432.67664278470556
          ],
          [
            37.326360795488355,
            55.65304997567439,
            432.6293557974009
          ],
          [
            37.32635313118145,
            55.65322960805038,
            429.3818582388071
          ],
          [
            37.32634546678795,
            55.65340924042038,
            429.3818582388071
          ],
          [
            37.326337802307854,
            55.653588872784375,
            430.566642174354
          ],
          [
            37.32633013774115,
            55.65376850514237,
            433.9607766958384
          ],
          [
            37.32632247308785,
            55.65394813749439,
            433.9607766958384
          ],
          [
            37.32631480834795,
            55.6541277698404,
            435.5190652700571
          ],
          [
            37.32630714352145,
            55.654307402180414,
            439.00115145169775
          ],
          [
            37.32629947860834,
            55.65448703451443,
            439.00115145169775
          ],
          [
            37.32629181360862,
            55.65466666684246,
            442.6877054067759
          ],
          [
            37.32628414852229,
            55.65484629916451,
            442.83420504056494
          ],
          [
            37.32627648334936,
            55.65502593148055,
            442.83420504056494
          ],
          [
            37.326268818089815,
            55.6552055637906,
            438.69678438626806
          ],
          [
            37.32626115274366,
            55.65538519609465,
            432.8897317739634
          ],
          [
            37.32625348731089,
            55.655564828392706,
            432.8897317739634
          ],
          [
            37.32624582179151,
            55.65574446068477,
            428.5936654897837
          ],
          [
            37.326238156185504,
            55.65592409297085,
            427.30506075345556
          ],
          [
            37.32623049049289,
            55.656103725250915,
            427.30506075345556
          ],
          [
            37.32622282471366,
            55.656283357525005,
            428.78398836576025
          ],
          [
            37.3262151588478,
            55.656462989793084,
            429.2120584341196
          ],
          [
            37.32620749289533,
            55.65664262205519,
            429.2120584341196
          ],
          [
            37.326199826856225,
            55.65682225431128,
            426.7279275747446
          ],
          [
            37.32619216073051,
            55.65700188656139,
            424.96347750150244
          ],
          [
            37.32618449451816,
            55.657181518805494,
            424.96347750150244
          ],
          [
            37.32617682821919,
            55.65736115104361,
            426.49158419095556
          ],
          [
            37.32616916183358,
            55.65754078327573,
            430.473380455604
          ],
          [
            37.326161495361355,
            55.657720415501856,
            430.473380455604
          ],
          [
            37.32615382880249,
            55.65790004772199,
            432.7751077505259
          ],
          [
            37.326146162157,
            55.65807967993613,
            429.2344430776743
          ],
          [
            37.32613849542487,
            55.65825931214427,
            429.2344430776743
          ],
          [
            37.32613082860612,
            55.658438944346415,
            424.4894174429087
          ],
          [
            37.326123161700714,
            55.65861857654257,
            424.20256746732275
          ],
          [
            37.32611549470869,
            55.658798208732726,
            424.20256746732275
          ],
          [
            37.32610782763002,
            55.658977840916904,
            425.6130594106821
          ],
          [
            37.3261001604647,
            55.659157473095064,
            426.74553621732275
          ],
          [
            37.32609249321275,
            55.65933710526725,
            426.74553621732275
          ],
          [
            37.32608482587415,
            55.65951673743343,
            428.4289010854868
          ],
          [
            37.32607715844892,
            55.65969636959361,
            427.8616403432993
          ],
          [
            37.32606949093703,
            55.659876001747804,
            427.8616403432993
          ],
          [
            37.3260618233385,
            55.660055633896,
            429.5893167349009
          ],
          [
            37.32605415565332,
            55.66023526603821,
            429.1871560903696
          ],
          [
            37.326046487881484,
            55.66041489817442,
            429.1871560903696
          ],
          [
            37.32603882002301,
            55.660594530304635,
            427.7232889028696
          ],
          [
            37.32603115207788,
            55.660774162428865,
            432.40105379544775
          ],
          [
            37.3260234840461,
            55.66095379454709,
            432.40105379544775
          ],
          [
            37.326015815927654,
            55.66113342665932,
            440.8900064321665
          ],
          [
            37.32600814772256,
            55.66131305876557,
            442.7523874136118
          ],
          [
            37.32600047943081,
            55.66149269086579,
            442.7523874136118
          ],
          [
            37.3259928110524,
            55.66167232296005,
            443.6610483022837
          ],
          [
            37.32598514258733,
            55.661851955048306,
            440.3304056020884
          ],
          [
            37.3259774740356,
            55.66203158713056,
            440.3304056020884
          ],
          [
            37.3259698053972,
            55.662211219206846,
            436.9977487417368
          ],
          [
            37.325962136672146,
            55.6623908512771,
            433.91748751126806
          ],
          [
            37.32627991337411,
            55.66239518584985,
            435.8114236684946
          ],
          [
            37.32659769016272,
            55.66239951960015,
            435.8114236684946
          ],
          [
            37.32691546703796,
            55.66240385252801,
            436.76531160794775
          ],
          [
            37.32723324399983,
            55.66240818463343,
            435.7370065542368
          ],
          [
            37.327551021048286,
            55.662412515916415,
            435.7370065542368
          ],
          [
            37.32786879818333,
            55.66241684637695,
            430.42676485501806
          ],
          [
            37.32818657540494,
            55.66242117601505,
            425.50388277493994
          ],
          [
            37.328504352713104,
            55.66242550483071,
            425.50388277493994
          ],
          [
            37.3288221301078,
            55.66242983282392,
            423.75098360501806
          ],
          [
            37.32882978574617,
            55.66225020049277,
            422.3616098257212
          ],
          [
            37.328837441298035,
            55.662070568155656,
            420.79997957669775
          ],
          [
            37.32884509676339,
            55.661890935812536,
            420.79997957669775
          ],
          [
            37.328852752142225,
            55.66171130346343,
            424.63371981107275
          ],
          [
            37.32886040743454,
            55.66153167110833,
            433.5101541372446
          ],
          [
            37.32886806264035,
            55.66135203874724,
            433.5101541372446
          ],
          [
            37.32887571775965,
            55.66117240638015,
            437.1250223013071
          ],
          [
            37.32888337279244,
            55.66099277400707,
            437.006827721229
          ],
          [
            37.32889102773873,
            55.660813141628005,
            437.006827721229
          ],
          [
            37.328898682598506,
            55.66063350924295,
            434.2760843130259
          ],
          [
            37.328906337371784,
            55.660453876851896,
            434.1729196401743
          ],
          [
            37.32891399205856,
            55.660274244454854,
            434.1729196401743
          ],
          [
            37.32892164665883,
            55.660094612051815,
            438.2002176138071
          ],
          [
            37.3289293011726,
            55.65991497964277,
            443.22876680814306
          ],
          [
            37.32893695559987,
            55.659735347227766,
            443.22876680814306
          ],
          [
            37.32894460994065,
            55.65955571480675,
            446.804923424354
          ],
          [
            37.328952264194925,
            55.65937608237975,
            446.5755075307993
          ],
          [
            37.328959918362706,
            55.659196449946755,
            446.5755075307993
          ],
          [
            37.328967572444,
            55.65901681750776,
            446.56983126126806
          ],
          [
            37.3289752264388,
            55.65883718506278,
            447.1544107290415
          ],
          [
            37.328982880347105,
            55.65865755261181,
            447.1544107290415
          ],
          [
            37.328990534168916,
            55.658477920154844,
            447.6019662710337
          ],
          [
            37.328998187904254,
            55.658298287691885,
            447.2438577505259
          ],
          [
            37.32900584155309,
            55.65811865522294,
            447.2438577505259
          ],
          [
            37.32901349511545,
            55.657939022747996,
            446.5469583364634
          ],
          [
            37.329021148591316,
            55.65775939026707,
            446.4875100942759
          ],
          [
            37.32902880198071,
            55.657579757780134,
            446.4875100942759
          ],
          [
            37.32903645528362,
            55.65740012528723,
            446.2121957632212
          ],
          [
            37.32904410850005,
            55.65722049278832,
            444.57508028470556
          ],
          [
            37.32905176162999,
            55.65704086028341,
            444.57508028470556
          ],
          [
            37.329059414673466,
            55.65686122777252,
            442.97632540189306
          ],
          [
            37.32906706763046,
            55.656681595255634,
            442.6101297231821
          ],
          [
            37.329074720500984,
            55.656501962732754,
            442.6101297231821
          ],
          [
            37.32908237328503,
            55.6563223302039,
            441.6300729604868
          ],
          [
            37.32909002598261,
            55.656142697669026,
            439.2737192007212
          ],
          [
            37.32909767859371,
            55.655963065128184,
            439.2737192007212
          ],
          [
            37.32910533111834,
            55.65578343258134,
            434.3406900259165
          ],
          [
            37.32911298355651,
            55.655603800028494,
            430.4236520620493
          ],
          [
            37.32912063590821,
            55.655424167469675,
            430.4236520620493
          ],
          [
            37.32912828817344,
            55.65524453490485,
            432.81951082669775
          ],
          [
            37.32913594035222,
            55.65506490233402,
            436.836417564979
          ],
          [
            37.32914359244452,
            55.65488526975723,
            436.836417564979
          ],
          [
            37.329151244450365,
            55.65470563717443,
            435.386466393104
          ],
          [
            37.32915889636975,
            55.65452600458564,
            434.62268770658056
          ],
          [
            37.32916654820268,
            55.65434637199086,
            434.62268770658056
          ],
          [
            37.32917419994915,
            55.654166739390085,
            437.3783181997446
          ],
          [
            37.329181851609164,
            55.653987106783326,
            435.3400033804087
          ],
          [
            37.32918950318272,
            55.65380747417056,
            435.3400033804087
          ],
          [
            37.32919715466983,
            55.65362784155182,
            434.344718346229
          ],
          [
            37.32920480607048,
            55.653448208927074,
            438.8600229116587
          ],
          [
            37.32921245738468,
            55.65326857629635,
            438.8600229116587
          ],
          [
            37.32922010861243,
            55.65308894365961,
            438.9287790151743
          ],
          [
            37.329227759753735,
            55.65290931101689,
            433.42485750638525
          ],
          [
            37.32923541080859,
            55.65272967836819,
            433.42485750638525
          ],
          [
            37.329243061777014,
            55.6525500457135,
            427.3418191763071
          ],
          [
            37.32925071265898,
            55.65237041305279,
            424.4834207388071
          ],
          [
            37.3292583634545,
            55.65219078038611,
            424.4834207388071
          ],
          [
            37.329266014163586,
            55.65201114771343,
            425.5054391714243
          ],
          [
            37.329273664786236,
            55.65183151503475,
            430.1680520864634
          ],
          [
            37.32928131532244,
            55.651651882350095,
            430.1680520864634
          ],
          [
            37.3292889657722,
            55.65147224965944,
            436.4461282583384
          ],
          [
            37.32929661613554,
            55.65129261696279,
            439.21375215970556
          ],
          [
            37.32930426641243,
            55.65111298426015,
            439.21375215970556
          ],
          [
            37.3293119166029,
            55.65093335155153,
            431.5046609731821
          ],
          [
            37.32931956670692,
            55.6507537188369,
            426.1450876089243
          ],
          [
            37.32932721672453,
            55.650574086116286,
            426.1450876089243
          ],
          [
            37.3293348666557,
            55.65039445338969,
            423.84673250638525
          ],
          [
            37.32934251650044,
            55.650214820657084,
            422.68425692044775
          ],
          [
            37.329350166258756,
            55.6500351879185,
            422.68425692044775
          ],
          [
            37.32935781593065,
            55.64985555517391,
            422.53638399564306
          ],
          [
            37.32936546551612,
            55.649675922423334,
            423.8058694692759
          ],
          [
            37.329373115015166,
            55.64949628966677,
            423.8058694692759
          ],
          [
            37.32938076442778,
            55.649316656904205,
            423.4444955679087
          ],
          [
            37.32938841375399,
            55.64913702413564,
            421.6251443716196
          ],
          [
            37.32939606299377,
            55.648957391361115,
            421.6251443716196
          ],
          [
            37.32940371214714,
            55.64877775858057,
            420.2785867544321
          ],
          [
            37.32941136121409,
            55.64859812579405,
            419.1836618276743
          ],
          [
            37.329419010194634,
            55.64841849300153,
            419.1836618276743
          ],
          [
            37.32942665908875,
            55.648238860203016,
            419.3192056509165
          ],
          [
            37.329434307896456,
            55.64805922739852,
            420.81426180326025
          ],
          [
            37.329441956617764,
            55.64787959458801,
            420.81426180326025
          ],
          [
            37.32944960525265,
            55.64769996177153,
            421.0272439809946
          ],
          [
            37.32945725380114,
            55.64752032894906,
            418.7217019888071
          ],
          [
            37.32946490226321,
            55.64734069612057,
            418.7217019888071
          ],
          [
            37.32947255063888,
            55.647161063286106,
            416.14018953763525
          ],
          [
            37.329480198928145,
            55.646981430445656,
            415.21054781400244
          ],
          [
            37.32948784713101,
            55.646801797599196,
            415.21054781400244
          ],
          [
            37.32949549524748,
            55.646622164746766,
            414.2474588247446
          ],
          [
            37.32950314327754,
            55.64644253188832,
            411.7565530630259
          ],
          [
            37.3295107912212,
            55.646262899023895,
            411.7565530630259
          ],
          [
            37.32951843907847,
            55.64608326615348,
            411.4364694448618
          ],
          [
            37.32952608684934,
            55.64590363327707,
            412.2465280386118
          ],
          [
            37.32953373453382,
            55.645724000394665,
            412.2465280386118
          ],
          [
            37.3295413821319,
            55.645544367506275,
            413.834464439979
          ],
          [
            37.329549029643594,
            55.64536473461188,
            416.0284036489634
          ],
          [
            37.329556677068894,
            55.64518510171151,
            416.0284036489634
          ],
          [
            37.329564324407805,
            55.64500546880513,
            418.71794832669775
          ],
          [
            37.32957197166033,
            55.644825835892775,
            420.24883211576025
          ],
          [
            37.329579618826465,
            55.64464620297442,
            420.24883211576025
          ],
          [
            37.32958726590621,
            55.64446657005008,
            421.5999215932993
          ],
          [
            37.32959491289958,
            55.64428693711973,
            422.5543588491587
          ],
          [
            37.32960255980657,
            55.64410730418341,
            422.5543588491587
          ],
          [
            37.329610206627166,
            55.64392767124108,
            423.03415621243994
          ],
          [
            37.32961785336139,
            55.643748038292756,
            423.49187410794775
          ],
          [
            37.329625500009236,
            55.64356840533845,
            423.49187410794775
          ],
          [
            37.3296331465707,
            55.64338877237815,
            422.7759164663462
          ],
          [
            37.32964079304579,
            55.643209139411866,
            422.9555276724009
          ],
          [
            37.32964843943451,
            55.643029506439575,
            422.9555276724009
          ],
          [
            37.32965608573685,
            55.642849873461294,
            422.7367624136118
          ],
          [
            37.32966373195283,
            55.64267024047703,
            423.0723794790415
          ],
          [
            37.329954565784334,
            55.64274184285339,
            422.7367624136118
          ],
          [
            37.330245400688305,
            55.64281344454622,
            422.6376565786509
          ],
          [
            37.33053623666473,
            55.64288504555556,
            422.38315523587744
          ],
          [
            37.33082707371361,
            55.6429566458814,
            422.38315523587744
          ],
          [
            37.33111791183492,
            55.64302824552373,
            422.6353372427134
          ],
          [
            37.331408751028675,
            55.64309984448253,
            421.4439920278696
          ],
          [
            37.331699591294864,
            55.643171442757826,
            421.4439920278696
          ],
          [
            37.331990432633496,
            55.643243040349574,
            422.3139871450571
          ],
          [
            37.33228127504454,
            55.6433146372578,
            421.8125680776743
          ],
          [
            37.332572118528,
            55.64338623348247,
            424.4006723257212
          ],
          [
            37.33286296308387,
            55.64345782902361,
            422.3875192495493
          ],
          [
            37.333153808712154,
            55.64352942388119,
            422.3875192495493
          ],
          [
            37.33344465541283,
            55.64360101805522,
            418.85410250150244
          ],
          [
            37.33373550318591,
            55.64367261154569,
            418.85410250150244
          ],
          [
            37.334026352031394,
            55.64374420435258,
            418.1787332388071
          ],
          [
            37.334317201949254,
            55.64381579647589,
            417.7246774526743
          ],
          [
            37.33460805293949,
            55.64388738791564,
            416.901114830604
          ],
          [
            37.334898905002106,
            55.64395897867179,
            416.3745797964243
          ],
          [
            37.33518975813709,
            55.64403056874436,
            416.3480142446665
          ],
          [
            37.33548061234444,
            55.64410215813336,
            416.3480142446665
          ],
          [
            37.33577146762415,
            55.644173746838725,
            414.95789278470556
          ],
          [
            37.336062323976215,
            55.644245334860464,
            414.95789278470556
          ],
          [
            37.33635318140063,
            55.64431692219861,
            416.2863382192759
          ],
          [
            37.33664403989739,
            55.64438850885316,
            416.52654207669775
          ],
          [
            37.336934899466485,
            55.64446009482406,
            415.97820223294775
          ],
          [
            37.33722576010791,
            55.64453168011134,
            417.2665628286509
          ],
          [
            37.33751662182167,
            55.64460326471499,
            417.87876070462744
          ],
          [
            37.33780748460775,
            55.644674848635,
            417.87876070462744
          ],
          [
            37.33809834846615,
            55.64474643187135,
            418.02165926419775
          ],
          [
            37.33838921339686,
            55.64481801442404,
            418.02165926419775
          ],
          [
            37.33868007939987,
            55.6448895962931,
            419.36923922025244
          ],
          [
            37.338970946475186,
            55.64496117747849,
            420.41545809232275
          ],
          [
            37.3392618146228,
            55.645032757980196,
            419.90390718900244
          ],
          [
            37.339552683842705,
            55.645104337798244,
            420.5071176382212
          ],
          [
            37.339843554134895,
            55.6451759169326,
            420.5071176382212
          ],
          [
            37.340134425499365,
            55.645247495383295,
            419.0063699575571
          ],
          [
            37.34042529793611,
            55.64531907315027,
            421.5948861929087
          ],
          [
            37.340716171445116,
            55.64539065023356,
            421.5948861929087
          ],
          [
            37.3410070460264,
            55.64546222663316,
            422.0774759145884
          ],
          [
            37.34129792167993,
            55.64553380234903,
            421.13974703275244
          ],
          [
            37.34158879840572,
            55.645605377381195,
            421.1091531606821
          ],
          [
            37.34187967620376,
            55.64567695172964,
            422.2047952505259
          ],
          [
            37.34217055507404,
            55.64574852539437,
            422.2047952505259
          ],
          [
            37.34246143501656,
            55.64582009837536,
            421.66928804837744
          ],
          [
            37.34275231603131,
            55.645891670672626,
            423.6299051138071
          ],
          [
            37.34304319811829,
            55.64596324228615,
            423.6299051138071
          ],
          [
            37.34333408127748,
            55.64603481321593,
            422.9419778677134
          ],
          [
            37.3436249655089,
            55.646106383461934,
            422.9419778677134
          ],
          [
            37.34391585081253,
            55.64617795302419,
            423.20334566556494
          ],
          [
            37.34420673718836,
            55.646249521902696,
            424.3173288198618
          ],
          [
            37.344497624636396,
            55.64632109009743,
            424.3173288198618
          ],
          [
            37.34478851315662,
            55.646392657608374,
            423.3397439809946
          ],
          [
            37.34507940274904,
            55.64646422443556,
            420.4369119497446
          ],
          [
            37.345370293413644,
            55.64653579057894,
            420.4369119497446
          ],
          [
            37.345661185150426,
            55.64660735603855,
            421.21416414701025
          ],
          [
            37.345952077959375,
            55.64667892081435,
            421.21416414701025
          ],
          [
            37.3462429718405,
            55.646750484906356,
            423.53948152982275
          ],
          [
            37.346533866793784,
            55.64682204831454,
            423.3111795278696
          ],
          [
            37.34682476281923,
            55.64689361103892,
            423.3111795278696
          ],
          [
            37.34711565991683,
            55.64696517307947,
            423.3758462759165
          ],
          [
            37.347406558086576,
            55.647036734436206,
            424.54790438138525
          ],
          [
            37.34769745732846,
            55.64710829510911,
            423.8822854849009
          ],
          [
            37.347988357642485,
            55.64717985509818,
            424.7008279653696
          ],
          [
            37.348279259028644,
            55.64725141440341,
            424.7008279653696
          ],
          [
            37.34857016148692,
            55.647322973024785,
            425.8904031606821
          ],
          [
            37.348861065017324,
            55.647394530962316,
            424.0419534536509
          ],
          [
            37.34915196961984,
            55.647466088215985,
            424.0419534536509
          ],
          [
            37.34944287529447,
            55.64753764478579,
            422.8441537710337
          ],
          [
            37.3497337820412,
            55.64760920067172,
            423.1022104116587
          ],
          [
            37.35002468986003,
            55.647680755873786,
            423.30600679837744
          ],
          [
            37.35031559875095,
            55.64775231039196,
            421.82312715970556
          ],
          [
            37.350606508713966,
            55.647823864226254,
            421.82312715970556
          ],
          [
            37.35089741974907,
            55.64789541737665,
            422.4846414419321
          ],
          [
            37.35118833185624,
            55.64796696984317,
            422.4846414419321
          ],
          [
            37.35147924503549,
            55.64803852162578,
            420.54712618314306
          ],
          [
            37.35177015928681,
            55.64811007272446,
            421.54318941556494
          ],
          [
            37.352061074610184,
            55.64818162313925,
            421.81174410306494
          ],
          [
            37.35235199100562,
            55.64825317287011,
            420.9164193960337
          ],
          [
            37.35264290847311,
            55.64832472191705,
            418.6042703481821
          ],
          [
            37.35293382701264,
            55.64839627028005,
            418.6042703481821
          ],
          [
            37.353224746624214,
            55.64846781795913,
            421.2540963979868
          ],
          [
            37.353515667307825,
            55.648539364954246,
            421.2540963979868
          ],
          [
            37.35380658906346,
            55.64861091126542,
            424.2062448354868
          ],
          [
            37.354097511891126,
            55.64868245689265,
            425.07077730618994
          ],
          [
            37.35438843579082,
            55.648754001835925,
            422.92082918607275
          ],
          [
            37.35467936076251,
            55.64882554609522,
            424.2964547964243
          ],
          [
            37.35497028680622,
            55.648897089670555,
            425.76648653470556
          ],
          [
            37.355261213921935,
            55.64896863256192,
            425.76648653470556
          ],
          [
            37.35555214210964,
            55.6490401747693,
            424.9535745474009
          ],
          [
            37.35584307136934,
            55.64911171629268,
            424.9535745474009
          ],
          [
            37.35613400170104,
            55.64918325713208,
            425.47031343900244
          ],
          [
            37.356424933104705,
            55.64925479728749,
            425.20395601712744
          ],
          [
            37.356715865580355,
            55.64932633675888,
            423.56926668607275
          ],
          [
            37.356723389783575,
            55.64914670150984,
            425.20395601712744
          ],
          [
            37.35673091390179,
            55.64896706625482,
            427.13091219388525
          ],
          [
            37.356738437935,
            55.64878743099382,
            427.13091219388525
          ],
          [
            37.356745961883206,
            55.64860779572685,
            429.4920572134165
          ],
          [
            37.35675348574641,
            55.64842816045393,
            431.167960533729
          ],
          [
            37.35676100952462,
            55.64824852517502,
            431.167960533729
          ],
          [
            37.356768533217824,
            55.648068889890155,
            428.66606844388525
          ],
          [
            37.35677605682602,
            55.64788925459932,
            423.98227632962744
          ],
          [
            37.35678358034923,
            55.64770961930251,
            423.98227632962744
          ],
          [
            37.356791103787444,
            55.64752998399973,
            429.82744539701025
          ],
          [
            37.35679862714066,
            55.64735034869098,
            437.9984353872446
          ],
          [
            37.356806150408886,
            55.64717071337625,
            437.9984353872446
          ],
          [
            37.356813673592114,
            55.64699107805557,
            440.2810281606821
          ],
          [
            37.35682119669036,
            55.64681144272891,
            441.0972513052134
          ],
          [
            37.35682871970361,
            55.64663180739627,
            441.0972513052134
          ],
          [
            37.35683624263188,
            55.64645217205769,
            441.3484720083384
          ],
          [
            37.356843765475155,
            55.64627253671311,
            440.5946878286509
          ],
          [
            37.35685128823344,
            55.64609290136258,
            440.5946878286509
          ],
          [
            37.35685881090675,
            55.645913266006076,
            440.9133981557993
          ],
          [
            37.35686633349508,
            55.6457336306436,
            441.5521921011118
          ],
          [
            37.35687385599842,
            55.64555399527516,
            441.5521921011118
          ],
          [
            37.356881378416794,
            55.645374359900735,
            439.31674898587744
          ],
          [
            37.35688890075017,
            55.64519472452036,
            437.26303804837744
          ],
          [
            37.35689642299858,
            55.645015089134,
            437.26303804837744
          ],
          [
            37.35690394516202,
            55.64483545374167,
            431.50083101712744
          ],
          [
            37.35691146724047,
            55.64465581834339,
            430.06003511868994
          ],
          [
            37.35691898923396,
            55.64447618293912,
            430.06003511868994
          ],
          [
            37.35692651114247,
            55.64429654752888,
            426.83151949368994
          ],
          [
            37.35693403296601,
            55.644116912112686,
            425.0531686636118
          ],
          [
            37.35694155470458,
            55.64393727669051,
            425.0531686636118
          ],
          [
            37.356949076358184,
            55.643757641262376,
            424.7784799429087
          ],
          [
            37.356956597926825,
            55.64357800582827,
            424.3893197866587
          ],
          [
            37.35696411941049,
            55.64339837038818,
            424.3893197866587
          ],
          [
            37.3569716408092,
            55.64321873494213,
            425.62158907376806
          ],
          [
            37.35697916212294,
            55.64303909949011,
            427.6138376089243
          ],
          [
            37.35698668335172,
            55.642859464032114,
            427.6138376089243
          ],
          [
            37.35699420449554,
            55.64267982856815,
            427.3517679067759
          ],
          [
            37.35700172555441,
            55.64250019309822,
            426.480460533729
          ],
          [
            37.357009246528314,
            55.642320557622334,
            426.480460533729
          ],
          [
            37.35701676741726,
            55.64214092214046,
            427.7176889272837
          ],
          [
            37.357024288221254,
            55.64196128665263,
            427.7646859975962
          ],
          [
            37.35703180894029,
            55.64178165115881,
            427.7646859975962
          ],
          [
            37.357039329574384,
            55.64160201565904,
            427.7829965444712
          ],
          [
            37.35704685012352,
            55.641422380153294,
            429.09790743314306
          ],
          [
            37.357054370587704,
            55.64124274464156,
            429.09790743314306
          ],
          [
            37.357061890966946,
            55.641063109123884,
            427.77051485501806
          ],
          [
            37.357069411261236,
            55.64088347360023,
            427.1394418569712
          ],
          [
            37.35707693147058,
            55.64070383807059,
            427.1394418569712
          ],
          [
            37.35708445159498,
            55.64052420253501,
            427.5821756216196
          ],
          [
            37.35709197163443,
            55.64034456699343,
            428.10723055326025
          ],
          [
            37.357099491588954,
            55.64016493144591,
            428.10723055326025
          ],
          [
            37.357107011458524,
            55.639985295892394,
            427.6677926870493
          ],
          [
            37.357114531243155,
            55.63980566033292,
            427.8449167104868
          ],
          [
            37.357122050942856,
            55.63962602476748,
            427.8449167104868
          ],
          [
            37.35712957055762,
            55.63944638919606,
            428.33867586576025
          ],
          [
            37.357137090087434,
            55.639266753618685,
            429.0261911245493
          ],
          [
            37.35714460953233,
            55.639087118035334,
            429.0261911245493
          ],
          [
            37.35715212889229,
            55.638907482446,
            432.6544412466196
          ],
          [
            37.35715964816732,
            55.6387278468507,
            428.90378511868994
          ],
          [
            37.35716716735741,
            55.63854821124945,
            428.90378511868994
          ],
          [
            37.35717468646258,
            55.63836857564222,
            429.00534761868994
          ],
          [
            37.35718220548282,
            55.63818894002902,
            428.9768289419321
          ],
          [
            37.35718972441813,
            55.63800930440985,
            428.9768289419321
          ],
          [
            37.357197243268516,
            55.637829668784704,
            429.8378518911509
          ],
          [
            37.35720476203399,
            55.63765003315359,
            429.9950784536509
          ],
          [
            37.35721228071453,
            55.63747039751651,
            429.9950784536509
          ],
          [
            37.35721979931015,
            55.63729076187346,
            430.0130075307993
          ],
          [
            37.35722731782085,
            55.63711112622443,
            430.5460428091196
          ],
          [
            37.35723483624663,
            55.636931490569445,
            430.5460428091196
          ],
          [
            37.3572423545875,
            55.63675185490848,
            429.6640085073618
          ],
          [
            37.35755992876058,
            55.63675610721975,
            431.0514596792368
          ],
          [
            37.357877503018564,
            55.63676035870933,
            431.41362703763525
          ],
          [
            37.35819507736143,
            55.63676460937722,
            431.41362703763525
          ],
          [
            37.35851265178916,
            55.63676885922341,
            431.5731881948618
          ],
          [
            37.35883022630174,
            55.63677310824791,
            432.06482637845556
          ],
          [
            37.35914780089915,
            55.63677735645073,
            432.06482637845556
          ],
          [
            37.35946537558139,
            55.63678160383185,
            430.427726158729
          ],
          [
            37.359782950348425,
            55.636785850391284,
            429.8017038198618
          ],
          [
            37.360100525200245,
            55.63679009612901,
            429.8017038198618
          ],
          [
            37.36009301992594,
            55.636969732045785,
            429.87329805814306
          ],
          [
            37.36008551456687,
            55.63714936795661,
            429.87329805814306
          ],
          [
            37.360078009123036,
            55.63732900386146,
            431.19528902493994
          ],
          [
            37.360070503594415,
            55.637508639760334,
            431.6481393667368
          ],
          [
            37.36006299798103,
            55.63768827565326,
            431.6481393667368
          ],
          [
            37.360055492282875,
            55.63786791154019,
            431.8340524526743
          ],
          [
            37.360047986499936,
            55.63804754742117,
            433.061515221229
          ],
          [
            37.36004048063222,
            55.63822718329619,
            433.061515221229
          ],
          [
            37.360032974679726,
            55.63840681916523,
            433.3860238882212
          ],
          [
            37.360025468642455,
            55.63858645502831,
            432.51238192044775
          ],
          [
            37.3600179625204,
            55.63876609088542,
            432.51238192044775
          ],
          [
            37.36001045631356,
            55.63894572673656,
            430.1850961538462
          ],
          [
            37.36000295002194,
            55.63912536258174,
            431.04517305814306
          ],
          [
            37.35999544364554,
            55.63930499842094,
            431.04517305814306
          ],
          [
            37.35998793718434,
            55.639484634254174,
            431.81223238431494
          ],
          [
            37.35998043063836,
            55.63966427008146,
            428.171866783729
          ],
          [
            37.35997292400759,
            55.63984390590276,
            428.171866783729
          ],
          [
            37.35996541729203,
            55.6400235417181,
            428.81174410306494
          ],
          [
            37.35995791049167,
            55.640203177527475,
            428.0661844106821
          ],
          [
            37.359950403606526,
            55.64038281333087,
            428.0661844106821
          ],
          [
            37.35994289663659,
            55.64056244912831,
            428.24736727201025
          ],
          [
            37.35993538958185,
            55.64074208491977,
            429.4081491323618
          ],
          [
            37.359927882442314,
            55.64092172070528,
            429.4081491323618
          ],
          [
            37.35992037521799,
            55.64110135648481,
            432.93442476712744
          ],
          [
            37.359912867908854,
            55.64128099225838,
            433.16297090970556
          ],
          [
            37.35990536051492,
            55.64146062802598,
            433.16297090970556
          ],
          [
            37.35989785303618,
            55.64164026378761,
            429.95078218900244
          ],
          [
            37.35989034547265,
            55.64181989954327,
            429.8865426870493
          ],
          [
            37.3598828378243,
            55.64199953529297,
            429.8865426870493
          ],
          [
            37.35987533009115,
            55.6421791710367,
            429.75701082669775
          ],
          [
            37.35986782227319,
            55.64235880677446,
            429.7547067495493
          ],
          [
            37.35986031437042,
            55.642538442506265,
            429.7547067495493
          ],
          [
            37.35985280638285,
            55.64271807823208,
            429.6944497915415
          ],
          [
            37.35984529831046,
            55.642897713951946,
            430.02051485501806
          ],
          [
            37.35983779015326,
            55.64307734966584,
            430.02051485501806
          ],
          [
            37.359830281911236,
            55.64325698537377,
            429.38562715970556
          ],
          [
            37.359822773584405,
            55.64343662107572,
            428.6826547475962
          ],
          [
            37.359815265172756,
            55.643616256771715,
            428.6826547475962
          ],
          [
            37.35980775667629,
            55.64379589246174,
            428.8552469106821
          ],
          [
            37.35980024809501,
            55.643975528145795,
            430.0726541372446
          ],
          [
            37.3597927394289,
            55.64415516382389,
            430.0726541372446
          ],
          [
            37.35978523067797,
            55.644334799496,
            430.85095919095556
          ],
          [
            37.359777721842214,
            55.64451443516216,
            429.3462289663462
          ],
          [
            37.35977021292164,
            55.64469407082235,
            429.3462289663462
          ],
          [
            37.35976270391624,
            55.64487370647656,
            427.24744356595556
          ],
          [
            37.359755194826015,
            55.64505334212482,
            429.5081704946665
          ],
          [
            37.35974768565095,
            55.64523297776711,
            429.5081704946665
          ],
          [
            37.359740176391064,
            55.645412613403415,
            435.1734079214243
          ],
          [
            37.359732667046345,
            55.645592249033776,
            437.4343942495493
          ],
          [
            37.359725157616786,
            55.64577188465815,
            437.4343942495493
          ],
          [
            37.359717648102404,
            55.64595152027657,
            437.74741304837744
          ],
          [
            37.35971013850318,
            55.646131155889016,
            440.09709871732275
          ],
          [
            37.35970262881912,
            55.646310791495495,
            440.09709871732275
          ],
          [
            37.35969511905023,
            55.64649042709601,
            442.0026315542368
          ],
          [
            37.35968760919649,
            55.64667006269057,
            442.65515840970556
          ],
          [
            37.359680099257915,
            55.646849698279134,
            442.65515840970556
          ],
          [
            37.3596725892345,
            55.64702933386175,
            439.9562600942759
          ],
          [
            37.359665079126245,
            55.64720896943839,
            434.9617837759165
          ],
          [
            37.35965756893314,
            55.647388605009084,
            434.9617837759165
          ],
          [
            37.359650058655184,
            55.64756824057379,
            433.1221536489634
          ],
          [
            37.359642548292385,
            55.64774787613252,
            424.1631997915415
          ],
          [
            37.35963503784475,
            55.64792751168531,
            424.1631997915415
          ],
          [
            37.35962752731225,
            55.64810714723211,
            421.06018770658056
          ],
          [
            37.359620016694905,
            55.64828678277295,
            421.9484323354868
          ],
          [
            37.35961250599271,
            55.648466418307834,
            421.9484323354868
          ],
          [
            37.35960499520565,
            55.648646053836735,
            423.14641512357275
          ],
          [
            37.35959748433375,
            55.648825689359676,
            424.89971102201025
          ],
          [
            37.35958997337699,
            55.649005324876654,
            424.89971102201025
          ],
          [
            37.35958246233536,
            55.64918496038765,
            424.24326265775244
          ],
          [
            37.35957495120889,
            55.64936459589269,
            420.34856356107275
          ],
          [
            37.359892627814354,
            55.64936884279717,
            419.822989830604
          ],
          [
            37.36021030450466,
            55.64937308887959,
            419.01474703275244
          ],
          [
            37.3605279812798,
            55.64937733413991,
            419.01474703275244
          ],
          [
            37.36084565813975,
            55.649381578578165,
            419.1005472036509
          ],
          [
            37.36116333508449,
            55.64938582219433,
            417.9221872182993
          ],
          [
            37.36148101211401,
            55.649390064988424,
            417.9221872182993
          ],
          [
            37.3617986892283,
            55.649394306960446,
            420.2154458852915
          ],
          [
            37.36211636642733,
            55.64939854811037,
            424.9813913198618
          ],
          [
            37.36243404371108,
            55.64940278843821,
            424.9813913198618
          ],
          [
            37.36244154176072,
            55.64922315267762,
            430.86264742337744
          ],
          [
            37.36244903972563,
            55.6490435169111,
            435.5238260122446
          ],
          [
            37.36245653760584,
            55.64886388113859,
            435.5238260122446
          ],
          [
            37.362464035401345,
            55.64868424536011,
            439.0181344839243
          ],
          [
            37.36247153311213,
            55.64850460957568,
            440.52263582669775
          ],
          [
            37.36247903073822,
            55.64832497378527,
            440.52263582669775
          ],
          [
            37.362486528279604,
            55.64814533798891,
            441.1509927602915
          ],
          [
            37.362494025736275,
            55.647965702186575,
            441.21424044095556
          ],
          [
            37.36250152310826,
            55.64778606637828,
            441.21424044095556
          ],
          [
            37.362509020395535,
            55.647606430564025,
            436.8800424429087
          ],
          [
            37.36251651759811,
            55.647426794743794,
            437.9613717886118
          ],
          [
            37.362524014715994,
            55.6472471589176,
            437.9613717886118
          ],
          [
            37.36253151174917,
            55.64706752308545,
            440.5772622915415
          ],
          [
            37.36253900869766,
            55.64688788724732,
            443.5425485464243
          ],
          [
            37.362546505561454,
            55.646708251403226,
            443.5425485464243
          ],
          [
            37.362554002340545,
            55.646528615553194,
            446.1275247427134
          ],
          [
            37.36256149903495,
            55.64634897969716,
            446.9841531606821
          ],
          [
            37.36256899564467,
            55.64616934383519,
            446.9841531606821
          ],
          [
            37.3625764921697,
            55.64598970796723,
            446.8994973989634
          ],
          [
            37.36258398861004,
            55.64581007209333,
            446.74529207669775
          ],
          [
            37.36259148496569,
            55.64563043621346,
            446.74529207669775
          ],
          [
            37.362598981236665,
            55.64545080032761,
            447.6623147817759
          ],
          [
            37.36260647742294,
            55.645271164435805,
            448.6374887319712
          ],
          [
            37.36261397352455,
            55.645091528538025,
            448.6374887319712
          ],
          [
            37.36262146954147,
            55.6449118926343,
            446.9621042104868
          ],
          [
            37.36262896547372,
            55.644732256724595,
            440.7493051382212
          ],
          [
            37.36263646132128,
            55.64455262080894,
            440.7493051382212
          ],
          [
            37.36264395708417,
            55.644372984887305,
            432.5150369497446
          ],
          [
            37.36265145276238,
            55.644193348959696,
            429.1699899526743
          ],
          [
            37.362658948355914,
            55.644013713026155,
            429.1699899526743
          ],
          [
            37.362666443864775,
            55.643834077086616,
            428.4636606069712
          ],
          [
            37.36267393928897,
            55.64365444114112,
            429.5814431997446
          ],
          [
            37.362681434628485,
            55.64347480518967,
            429.5814431997446
          ],
          [
            37.36268892988334,
            55.64329516923225,
            430.6111520620493
          ],
          [
            37.362696425053514,
            55.64311553326887,
            429.82886446439306
          ],
          [
            37.36270392013903,
            55.642935897299516,
            429.82886446439306
          ],
          [
            37.362711415139884,
            55.64275626132418,
            429.1533883901743
          ],
          [
            37.36271891005607,
            55.64257662534292,
            428.7977517934946
          ],
          [
            37.362726404887596,
            55.64239698935567,
            428.7977517934946
          ],
          [
            37.362733899634456,
            55.64221735336246,
            428.5871957632212
          ],
          [
            37.362741394296656,
            55.64203771736329,
            428.38953340970556
          ],
          [
            37.3627488888742,
            55.64185808135813,
            428.38953340970556
          ],
          [
            37.36275638336709,
            55.64167844534704,
            429.0403970571665
          ],
          [
            37.362763877775315,
            55.641498809329974,
            427.79099214993994
          ],
          [
            37.36277137209889,
            55.641319173306925,
            427.79099214993994
          ],
          [
            37.362778866337806,
            55.641139537277944,
            423.71070040189306
          ],
          [
            37.36278636049208,
            55.64095990124296,
            425.6803201528696
          ],
          [
            37.362793854561694,
            55.64078026520203,
            425.6803201528696
          ],
          [
            37.36280134854666,
            55.64060062915514,
            426.831778893104
          ],
          [
            37.36280884244698,
            55.640420993102275,
            430.1576608511118
          ],
          [
            37.362816336262654,
            55.64024135704345,
            430.1576608511118
          ],
          [
            37.36282382999368,
            55.640061720978665,
            429.6005014272837
          ],
          [
            37.36283132364006,
            55.6398820849079,
            429.35950411283056
          ],
          [
            37.3628388172018,
            55.63970244883119,
            429.35950411283056
          ],
          [
            37.3628463106789,
            55.639522812748496,
            428.7353738638071
          ],
          [
            37.36285380407136,
            55.63934317665984,
            428.6659616323618
          ],
          [
            37.36286129737917,
            55.63916354056524,
            428.6659616323618
          ],
          [
            37.36286879060235,
            55.63898390446465,
            430.7200082632212
          ],
          [
            37.362876283740896,
            55.63880426835809,
            430.85413301908056
          ],
          [
            37.362883776794796,
            55.63862463224559,
            430.85413301908056
          ],
          [
            37.36289126976407,
            55.63844499612711,
            431.8072732778696
          ],
          [
            37.362898762648705,
            55.63826536000268,
            431.4193338247446
          ],
          [
            37.36290625544872,
            55.63808572387226,
            431.4193338247446
          ],
          [
            37.3629137481641,
            55.63790608773589,
            429.5983041616587
          ],
          [
            37.36292124079485,
            55.637726451593565,
            428.0406869741587
          ],
          [
            37.362928733340965,
            55.637546815445255,
            428.0406869741587
          ],
          [
            37.362936225802464,
            55.63736717929099,
            424.1360238882212
          ],
          [
            37.36294371817934,
            55.63718754313075,
            424.6443246694712
          ],
          [
            37.362951210471586,
            55.637007906964556,
            424.6443246694712
          ],
          [
            37.36295870267921,
            55.6368282707924,
            427.71750582181494
          ],
          [
            37.363276278377974,
            55.63683250831319,
            424.75534761868994
          ],
          [
            37.363593854161344,
            55.636836745012275,
            424.50066317044775
          ],
          [
            37.3639114300293,
            55.636840980889666,
            424.50066317044775
          ],
          [
            37.364229005981834,
            55.63684521594536,
            425.1897348257212
          ],
          [
            37.36454658201892,
            55.636849450179355,
            425.98718965970556
          ],
          [
            37.36486415814054,
            55.63685368359164,
            425.98718965970556
          ],
          [
            37.365181734346685,
            55.63685791618224,
            426.421622643104
          ],
          [
            37.36549931063733,
            55.63686214795113,
            426.10300386868994
          ],
          [
            37.36581688701248,
            55.63686637889831,
            426.10300386868994
          ],
          [
            37.36580940787163,
            55.6370460153254,
            425.5250924917368
          ],
          [
            37.36580192864631,
            55.63722565174654,
            425.5250924917368
          ],
          [
            37.36579444933651,
            55.63740528816172,
            425.1781228872446
          ],
          [
            37.365786969942235,
            55.637584924570916,
            424.5323098989634
          ],
          [
            37.36577949046348,
            55.637764560974176,
            424.5323098989634
          ],
          [
            37.36577201090025,
            55.63794419737146,
            423.82585848294775
          ],
          [
            37.36576453125254,
            55.63812383376277,
            423.97202242337744
          ],
          [
            37.36575705152034,
            55.638303470148124,
            423.97202242337744
          ],
          [
            37.36574957170366,
            55.63848310652753,
            424.95708406888525
          ],
          [
            37.365742091802495,
            55.63866274290095,
            425.7194436880259
          ],
          [
            37.36573461181684,
            55.63884237926843,
            425.7194436880259
          ],
          [
            37.3657271317467,
            55.63902201562992,
            425.3518442007212
          ],
          [
            37.365719651592066,
            55.63920165198547,
            425.2499154897837
          ],
          [
            37.365712171352946,
            55.63938128833506,
            425.2499154897837
          ],
          [
            37.365704691029336,
            55.63956092467866,
            426.3116678091196
          ],
          [
            37.36569721062123,
            55.63974056101632,
            426.24419344388525
          ],
          [
            37.36568973012863,
            55.63992019734802,
            426.24419344388525
          ],
          [
            37.36568224955153,
            55.64009983367375,
            425.57126558743994
          ],
          [
            37.36567476888994,
            55.64027946999351,
            424.90415132962744
          ],
          [
            37.36566728814385,
            55.6404591063073,
            424.90415132962744
          ],
          [
            37.36565980731326,
            55.64063874261516,
            425.01596773587744
          ],
          [
            37.36565232639816,
            55.64081837891704,
            424.5244821401743
          ],
          [
            37.36564484539857,
            55.64099801521295,
            424.5244821401743
          ],
          [
            37.36563736431447,
            55.6411776515029,
            424.07878817044775
          ],
          [
            37.36562988314587,
            55.641357287786896,
            424.25408113919775
          ],
          [
            37.36562240189276,
            55.64153692406493,
            424.25408113919775
          ],
          [
            37.365614920555146,
            55.64171656033699,
            424.153556236854
          ],
          [
            37.365607439133015,
            55.64189619660309,
            426.4435495229868
          ],
          [
            37.36559995762639,
            55.642075832863235,
            426.4435495229868
          ],
          [
            37.36559247603523,
            55.64225546911741,
            427.7442849966196
          ],
          [
            37.36558499435957,
            55.642435105365614,
            426.9127572866587
          ],
          [
            37.3655775125994,
            55.64261474160787,
            426.9127572866587
          ],
          [
            37.36557003075471,
            55.64279437784417,
            427.4993356557993
          ],
          [
            37.3655625488255,
            55.64297401407449,
            430.15146578275244
          ],
          [
            37.36555506681179,
            55.643153650298856,
            430.15146578275244
          ],
          [
            37.36554758471354,
            55.64333328651725,
            431.8501657339243
          ],
          [
            37.36554010253078,
            55.643512922729684,
            429.86540926419775
          ],
          [
            37.365532620263494,
            55.64369255893616,
            429.86540926419775
          ],
          [
            37.36552513791168,
            55.64387219513669,
            429.21469820462744
          ],
          [
            37.36551765547535,
            55.64405183133122,
            429.5316995474009
          ],
          [
            37.36551017295449,
            55.64423146751981,
            429.5316995474009
          ],
          [
            37.3655026903491,
            55.64441110370244,
            430.3993753286509
          ],
          [
            37.365495207659194,
            55.6445907398791,
            432.73169649564306
          ],
          [
            37.36548772488475,
            55.64477037604979,
            432.73169649564306
          ],
          [
            37.36548024202577,
            55.64495001221454,
            431.2867807241587
          ],
          [
            37.365472759082266,
            55.64512964837331,
            429.3177713247446
          ],
          [
            37.36546527605422,
            55.64530928452612,
            429.3177713247446
          ],
          [
            37.36545779294165,
            55.645488920672975,
            428.4410775991587
          ],
          [
            37.36545030974453,
            55.64566855681386,
            427.36048067533056
          ],
          [
            37.36544282646289,
            55.64584819294878,
            427.36048067533056
          ],
          [
            37.3654353430967,
            55.646027829077745,
            427.1493295522837
          ],
          [
            37.36542785964597,
            55.64620746520073,
            431.66590059720556
          ],
          [
            37.3654203761107,
            55.646387101317785,
            431.66590059720556
          ],
          [
            37.36541289249089,
            55.646566737428856,
            437.9027475210337
          ],
          [
            37.36540540878653,
            55.64674637353396,
            442.1846841665415
          ],
          [
            37.36539792499763,
            55.64692600963311,
            442.1846841665415
          ],
          [
            37.36539044112418,
            55.6471056457263,
            444.0111764761118
          ],
          [
            37.36538295716618,
            55.64728528181352,
            444.4378579946665
          ],
          [
            37.365375473123635,
            55.64746491789478,
            444.4378579946665
          ],
          [
            37.36536798899654,
            55.64764455397008,
            444.7207254263071
          ],
          [
            37.36536050478489,
            55.64782419003941,
            444.04721773587744
          ],
          [
            37.36535302048869,
            55.648003826102794,
            444.04721773587744
          ],
          [
            37.36534553610793,
            55.6481834621602,
            443.26030672513525
          ],
          [
            37.36533805164262,
            55.64836309821165,
            443.4233621450571
          ],
          [
            37.36533056709275,
            55.648542734257134,
            443.4233621450571
          ],
          [
            37.36532308245832,
            55.648722370296646,
            442.74277437650244
          ],
          [
            37.36531559773933,
            55.64890200633021,
            442.11516512357275
          ],
          [
            37.365308112935786,
            55.64908164235781,
            442.11516512357275
          ],
          [
            37.36530062804767,
            55.64926127837944,
            441.6691354604868
          ],
          [
            37.365293143075,
            55.64944091439512,
            441.47360933743994
          ],
          [
            37.36561082120514,
            55.649445146502124,
            439.574210533729
          ],
          [
            37.36592849941983,
            55.64944937778705,
            434.4868844839243
          ],
          [
            37.36624617771906,
            55.649453608249885,
            434.4868844839243
          ],
          [
            37.3665638561028,
            55.64945783789063,
            423.5934518667368
          ],
          [
            37.36688153457105,
            55.6494620667093,
            414.93433321439306
          ],
          [
            37.36719921312377,
            55.649466294705874,
            414.93433321439306
          ],
          [
            37.36751689176096,
            55.64947052188035,
            412.735343346229
          ],
          [
            37.36783457048259,
            55.649474748232755,
            412.8205179067759
          ],
          [
            37.36815224928868,
            55.649478973763046,
            412.8205179067759
          ],
          [
            37.368159721184284,
            55.64929933749272,
            414.17343843900244
          ],
          [
            37.368167192995486,
            55.64911970121645,
            415.9340432974009
          ],
          [
            37.36817466472227,
            55.64894006493421,
            415.9340432974009
          ],
          [
            37.36818213636464,
            55.648760428645986,
            423.071280846229
          ],
          [
            37.368189607922595,
            55.64858079235184,
            432.2065652700571
          ],
          [
            37.36819707939614,
            55.64840115605171,
            432.2065652700571
          ],
          [
            37.36820455078528,
            55.64822151974563,
            435.88413179837744
          ],
          [
            37.368212022090006,
            55.64804188343359,
            432.329337486854
          ],
          [
            37.368219493310335,
            55.64786224711559,
            432.329337486854
          ],
          [
            37.36822696444625,
            55.64768261079162,
            424.93779695951025
          ],
          [
            37.36823443549776,
            55.6475029744617,
            421.06018770658056
          ],
          [
            37.36824190646487,
            55.64732333812581,
            421.06018770658056
          ],
          [
            37.368249377347574,
            55.64714370178397,
            422.3297036977915
          ],
          [
            37.36825684814588,
            55.64696406543616,
            423.7504495474009
          ],
          [
            37.36826431885979,
            55.646784429082395,
            423.7504495474009
          ],
          [
            37.3682717894893,
            55.64660479272268,
            422.45037020169775
          ],
          [
            37.368279260034406,
            55.64642515635698,
            421.4469217153696
          ],
          [
            37.36828673049513,
            55.646245519985335,
            421.4469217153696
          ],
          [
            37.368294200871446,
            55.64606588360774,
            423.1442331167368
          ],
          [
            37.36830167116338,
            55.64588624722417,
            423.4456704946665
          ],
          [
            37.36830914137092,
            55.64570661083465,
            423.4456704946665
          ],
          [
            37.36831661149407,
            55.64552697443915,
            423.12985933743994
          ],
          [
            37.36832408153283,
            55.6453473380377,
            423.8235086294321
          ],
          [
            37.3683315514872,
            55.6451677016303,
            423.8235086294321
          ],
          [
            37.36833902135719,
            55.64498806521694,
            424.92810762845556
          ],
          [
            37.36834649114279,
            55.6448084287976,
            426.3852914663462
          ],
          [
            37.36835396084401,
            55.64462879237232,
            426.3852914663462
          ],
          [
            37.36836143046085,
            55.64444915594107,
            424.4915689321665
          ],
          [
            37.3683688999933,
            55.64426951950385,
            423.3838723989634
          ],
          [
            37.36837636944138,
            55.64408988306068,
            423.3838723989634
          ],
          [
            37.36838383880507,
            55.643910246611554,
            423.72214449368994
          ],
          [
            37.36839130808439,
            55.64373061015647,
            426.7476266714243
          ],
          [
            37.36839877727934,
            55.64355097369541,
            426.7476266714243
          ],
          [
            37.36840624638991,
            55.64337133722841,
            426.1197885366587
          ],
          [
            37.36841371541611,
            55.64319170075544,
            425.3324655386118
          ],
          [
            37.368421184357935,
            55.64301206427651,
            425.3324655386118
          ],
          [
            37.36842865321539,
            55.64283242779161,
            425.15923250638525
          ],
          [
            37.36843612198847,
            55.64265279130076,
            424.4935678335337
          ],
          [
            37.368443590677195,
            55.642473154803945,
            424.4935678335337
          ],
          [
            37.36845105928154,
            55.64229351830117,
            423.7796090932993
          ],
          [
            37.36845852780153,
            55.64211388179245,
            422.68909395658056
          ],
          [
            37.368465996237155,
            55.64193424527775,
            422.68909395658056
          ],
          [
            37.36847346458841,
            55.6417546087571,
            421.78015840970556
          ],
          [
            37.36848093285531,
            55.64157497223048,
            421.6100229116587
          ],
          [
            37.36848840103785,
            55.6413953356979,
            421.6100229116587
          ],
          [
            37.368495869136034,
            55.641215699159375,
            422.083487877479
          ],
          [
            37.36850333714985,
            55.64103606261487,
            422.36716402493994
          ],
          [
            37.36851080507932,
            55.640856426064424,
            422.36716402493994
          ],
          [
            37.36851827292443,
            55.640676789508,
            422.12964571439306
          ],
          [
            37.368525740685186,
            55.64049715294563,
            422.7914041372446
          ],
          [
            37.36853320836159,
            55.64031751637729,
            422.7914041372446
          ],
          [
            37.368540675953646,
            55.640137879802985,
            422.6964792104868
          ],
          [
            37.36854814346135,
            55.63995824322274,
            421.66806734525244
          ],
          [
            37.368555610884705,
            55.63977860663651,
            421.66806734525244
          ],
          [
            37.368563078223715,
            55.63959897004433,
            421.6964792104868
          ],
          [
            37.368570545478384,
            55.6394193334462,
            422.3787301870493
          ],
          [
            37.368578012648705,
            55.6392396968421,
            422.3787301870493
          ],
          [
            37.368585479734676,
            55.639060060232026,
            422.26462496243994
          ],
          [
            37.368592946736314,
            55.638880423616015,
            421.69080294095556
          ],
          [
            37.3686004136536,
            55.63870078699403,
            421.69080294095556
          ],
          [
            37.36860788048656,
            55.63852115036609,
            421.5513070913462
          ],
          [
            37.36861534723518,
            55.63834151373219,
            422.19052828275244
          ],
          [
            37.36862281389946,
            55.63816187709233,
            422.19052828275244
          ],
          [
            37.3686302804794,
            55.63798224044651,
            424.1780465932993
          ],
          [
            37.36863774697501,
            55.63780260379473,
            425.8669656606821
          ],
          [
            37.368645213386294,
            55.63762296713698,
            425.8669656606821
          ],
          [
            37.36865267971324,
            55.63744333047328,
            425.93230379544775
          ],
          [
            37.36866014595586,
            55.63726369380361,
            429.1625436636118
          ],
          [
            37.368667612114145,
            55.63708405712798,
            429.1625436636118
          ],
          [
            37.368675078188105,
            55.63690442044641,
            430.34331453763525
          ],
          [
            37.36899265540724,
            55.63690864317656,
            426.77715242826025
          ],
          [
            37.369310232710696,
            55.63691286508501,
            424.81702364408056
          ],
          [
            37.36962781009844,
            55.63691708617175,
            424.81702364408056
          ],
          [
            37.36994538757046,
            55.63692130643678,
            425.96335543118994
          ],
          [
            37.37026296512674,
            55.6369255258801,
            427.1526712270884
          ],
          [
            37.370580542767264,
            55.63692974450173,
            427.1526712270884
          ],
          [
            37.37089812049202,
            55.63693396230164,
            431.3468240591196
          ],
          [
            37.371215698300986,
            55.63693817927984,
            426.4598306509165
          ],
          [
            37.37153327619415,
            55.63694239543633,
            426.4598306509165
          ],
          [
            37.37152582318718,
            55.637122032371956,
            431.004630455604
          ],
          [
            37.37151837009603,
            55.63730166930163,
            431.004630455604
          ],
          [
            37.3715109169207,
            55.63748130622534,
            423.8301004263071
          ],
          [
            37.371503463661185,
            55.63766094314309,
            421.40569246732275
          ],
          [
            37.371496010317486,
            55.63784058005489,
            421.40569246732275
          ],
          [
            37.3714885568896,
            55.638020216960726,
            419.4704049917368
          ],
          [
            37.37148110337753,
            55.638199853860606,
            418.3681863638071
          ],
          [
            37.37147364978127,
            55.63837949075453,
            418.3681863638071
          ],
          [
            37.371466196100826,
            55.6385591276425,
            417.8372262807993
          ],
          [
            37.37145874233619,
            55.6387387645245,
            417.03581942044775
          ],
          [
            37.371451288487364,
            55.63891840140055,
            417.03581942044775
          ],
          [
            37.37144383455434,
            55.63909803827064,
            416.61878145658056
          ],
          [
            37.37143638053712,
            55.63927767513478,
            416.7052377554087
          ],
          [
            37.37142892643571,
            55.63945731199295,
            416.7052377554087
          ],
          [
            37.3714214722501,
            55.63963694884516,
            416.97319735013525
          ],
          [
            37.37141401798029,
            55.63981658569142,
            417.36907137357275
          ],
          [
            37.37140656362629,
            55.639996222531714,
            417.36907137357275
          ],
          [
            37.37139910918808,
            55.64017585936607,
            419.7916940542368
          ],
          [
            37.37139165466567,
            55.64035549619445,
            421.268058189979
          ],
          [
            37.371384200059055,
            55.640535133016876,
            421.268058189979
          ],
          [
            37.37137674536824,
            55.64071476983335,
            419.69475496732275
          ],
          [
            37.371369290593215,
            55.64089440664386,
            418.7046579214243
          ],
          [
            37.371361835733985,
            55.641074043448405,
            418.7046579214243
          ],
          [
            37.37135438079054,
            55.64125368024699,
            419.3576883169321
          ],
          [
            37.371346925762886,
            55.641433317039635,
            421.12529695951025
          ],
          [
            37.37133947065103,
            55.64161295382631,
            421.12529695951025
          ],
          [
            37.37133201545495,
            55.641792590607025,
            421.53574312650244
          ],
          [
            37.37132456017467,
            55.64197222738179,
            417.97185457669775
          ],
          [
            37.37131710481016,
            55.642151864150584,
            417.97185457669775
          ],
          [
            37.37130964936144,
            55.64233150091344,
            416.4478677602915
          ],
          [
            37.371302193828505,
            55.64251113767032,
            417.7095865102915
          ],
          [
            37.37129473821135,
            55.642690774421254,
            417.7095865102915
          ],
          [
            37.37128728250997,
            55.64287041116622,
            419.095939049354
          ],
          [
            37.371279826724376,
            55.64305004790524,
            416.38193453275244
          ],
          [
            37.37127237085455,
            55.643229684638285,
            416.38193453275244
          ],
          [
            37.37126491490051,
            55.64340932136538,
            415.2493051382212
          ],
          [
            37.37125745886223,
            55.643588958086525,
            414.37696016751806
          ],
          [
            37.371250002739735,
            55.6437685948017,
            414.37696016751806
          ],
          [
            37.371242546533004,
            55.64394823151092,
            414.51189363919775
          ],
          [
            37.37123509024205,
            55.644127868214184,
            415.6073373647837
          ],
          [
            37.37122763386686,
            55.644307504911495,
            415.6073373647837
          ],
          [
            37.37122017740744,
            55.644487141602845,
            416.3678659292368
          ],
          [
            37.37121272086379,
            55.644666778288226,
            417.8965524526743
          ],
          [
            37.3712052642359,
            55.64484641496767,
            417.8965524526743
          ],
          [
            37.37119780752378,
            55.64502605164114,
            416.33066500150244
          ],
          [
            37.37119035072742,
            55.64520568830866,
            419.45078218900244
          ],
          [
            37.371182893846814,
            55.64538532497023,
            419.45078218900244
          ],
          [
            37.37117543688198,
            55.645564961625816,
            419.0533822866587
          ],
          [
            37.3711679798329,
            55.64574459827547,
            417.7759012075571
          ],
          [
            37.371160522699576,
            55.64592423491914,
            417.7759012075571
          ],
          [
            37.371153065482005,
            55.646103871556875,
            416.299064049354
          ],
          [
            37.37114560818019,
            55.64628350818864,
            415.8494027944712
          ],
          [
            37.37113815079414,
            55.646463144814454,
            415.8494027944712
          ],
          [
            37.37113069332383,
            55.64664278143431,
            416.21958101712744
          ],
          [
            37.37112323576927,
            55.646822418048195,
            416.07590425931494
          ],
          [
            37.371115778130466,
            55.647002054656134,
            416.07590425931494
          ],
          [
            37.37110832040741,
            55.64718169125812,
            416.7960580679087
          ],
          [
            37.371100862600095,
            55.647361327854135,
            418.1606668325571
          ],
          [
            37.37109340470853,
            55.6475409644442,
            418.1606668325571
          ],
          [
            37.37108594673271,
            55.64772060102832,
            418.27878511868994
          ],
          [
            37.37107848867263,
            55.64790023760645,
            418.4814065786509
          ],
          [
            37.3710710305283,
            55.648079874178656,
            418.4814065786509
          ],
          [
            37.371063572299704,
            55.648259510744865,
            418.4035867544321
          ],
          [
            37.371056113986846,
            55.64843914730515,
            416.3075326772837
          ],
          [
            37.371048655589725,
            55.648618783859476,
            416.3075326772837
          ],
          [
            37.37104119710835,
            55.64879842040782,
            416.107901939979
          ],
          [
            37.3710337385427,
            55.64897805695023,
            415.7714456411509
          ],
          [
            37.37102627989279,
            55.649157693486664,
            415.7714456411509
          ],
          [
            37.371018821158614,
            55.64933733001715,
            413.42905367337744
          ],
          [
            37.37101136234016,
            55.64951696654168,
            411.8699106069712
          ],
          [
            37.37069425178411,
            55.64951512627508,
            411.8699106069712
          ],
          [
            37.37037714127373,
            55.649513285189094,
            414.56897676908056
          ],
          [
            37.37006003080904,
            55.64951144328372,
            413.58220613919775
          ],
          [
            37.36974292039005,
            55.64950960055896,
            413.58220613919775
          ],
          [
            37.36942581001679,
            55.64950775701482,
            413.80014742337744
          ],
          [
            37.36910869968927,
            55.64950591265129,
            414.77783907376806
          ],
          [
            37.36879158940751,
            55.649504067468364,
            414.77783907376806
          ],
          [
            37.36847447917151,
            55.64950222146606,
            413.67896212064306
          ],
          [
            37.36815736898131,
            55.649500374644376,
            412.8205179067759
          ],
          [
            37.36784025883691,
            55.6494985270033,
            412.8205179067759
          ],
          [
            37.36752314873833,
            55.649496678542846,
            412.735343346229
          ],
          [
            37.36720603868558,
            55.649494829263,
            414.93433321439306
          ],
          [
            37.36688892867869,
            55.64949297916377,
            414.93433321439306
          ],
          [
            37.366571818717674,
            55.64949112824516,
            423.5934518667368
          ],
          [
            37.366254708802536,
            55.64948927650716,
            434.4868844839243
          ],
          [
            37.365937598933314,
            55.649487423949765,
            434.4868844839243
          ],
          [
            37.36562048911,
            55.649485570573006,
            439.574210533729
          ],
          [
            37.36530337933262,
            55.64948371637686,
            441.47360933743994
          ],
          [
            37.3649862696012,
            55.64948186136132,
            441.47360933743994
          ],
          [
            37.364669159915735,
            55.6494800055264,
            440.9942239614634
          ],
          [
            37.36435205027627,
            55.649478148872106,
            440.52414644681494
          ],
          [
            37.36403494068279,
            55.64947629139843,
            440.52414644681494
          ],
          [
            37.36371783113534,
            55.649474433105375,
            440.6704934927134
          ],
          [
            37.363400721633916,
            55.64947257399292,
            437.7344430776743
          ],
          [
            37.36308361217855,
            55.649470714061096,
            437.7344430776743
          ],
          [
            37.36276650276924,
            55.649468853309884,
            430.9884408804087
          ],
          [
            37.36244939340602,
            55.6494669917393,
            424.9813913198618
          ],
          [
            37.36213228408889,
            55.64946512934932,
            424.9813913198618
          ],
          [
            37.36181517481788,
            55.649463266139975,
            420.2154458852915
          ],
          [
            37.361498065593,
            55.64946140211125,
            417.9221872182993
          ],
          [
            37.361180956414266,
            55.649459537263134,
            417.9221872182993
          ],
          [
            37.3608638472817,
            55.64945767159564,
            419.1005472036509
          ],
          [
            37.36054673819531,
            55.649455805108765,
            419.01474703275244
          ],
          [
            37.36022962915512,
            55.64945393780252,
            419.01474703275244
          ],
          [
            37.359912520161146,
            55.6494520696769,
            419.822989830604
          ],
          [
            37.35959541121339,
            55.64945020073188,
            420.34856356107275
          ],
          [
            37.359278302311886,
            55.649448330967495,
            420.34856356107275
          ],
          [
            37.35896119345664,
            55.64944646038372,
            422.3849099966196
          ],
          [
            37.35864408464768,
            55.649444588980586,
            424.73015535794775
          ],
          [
            37.358326975885014,
            55.64944271675806,
            424.73015535794775
          ],
          [
            37.35800986716866,
            55.649440843716164,
            425.7897409292368
          ],
          [
            37.35769275849863,
            55.64943896985489,
            425.40679110013525
          ],
          [
            37.35737564987494,
            55.64943709517423,
            425.40679110013525
          ],
          [
            37.35705854129761,
            55.649435219674196,
            424.02161348783056
          ],
          [
            37.35674143276666,
            55.6494333433548,
            423.56926668607275
          ],
          [
            37.3564243242821,
            55.64943146621601,
            423.56926668607275
          ],
          [
            37.35610721584396,
            55.64942958825785,
            422.2573617788462
          ],
          [
            37.355790107452236,
            55.64942770948032,
            421.2536233755259
          ],
          [
            37.35547299910695,
            55.649425829883405,
            421.2536233755259
          ],
          [
            37.35515589080813,
            55.64942394946711,
            421.4259256216196
          ],
          [
            37.35483878255578,
            55.64942206823145,
            422.1570199819712
          ],
          [
            37.35452167434992,
            55.64942018617642,
            422.1570199819712
          ],
          [
            37.35420456619056,
            55.649418303302014,
            423.55881441556494
          ],
          [
            37.353887458077736,
            55.64941641960823,
            423.65036714993994
          ],
          [
            37.353570350011445,
            55.64941453509506,
            423.65036714993994
          ],
          [
            37.353253241991716,
            55.649412649762525,
            420.81470430814306
          ],
          [
            37.352936134018556,
            55.64941076361063,
            417.83106173001806
          ],
          [
            37.35261902609198,
            55.649408876639356,
            417.83106173001806
          ],
          [
            37.35230191821201,
            55.64940698884869,
            417.5049051138071
          ],
          [
            37.35198481037867,
            55.64940510023867,
            418.71929110013525
          ],
          [
            37.35166770259195,
            55.649403210809275,
            418.71929110013525
          ],
          [
            37.3513505948519,
            55.64940132056049,
            421.5649026724009
          ],
          [
            37.35103348715852,
            55.649399429492355,
            424.46037996732275
          ],
          [
            37.350716379511816,
            55.64939753760484,
            424.46037996732275
          ],
          [
            37.35039927191182,
            55.64939564489796,
            423.9204477163462
          ],
          [
            37.35008216435855,
            55.6493937513717,
            423.49082125150244
          ],
          [
            37.34976505685201,
            55.64939185702607,
            423.49082125150244
          ],
          [
            37.34944794939222,
            55.649389961861075,
            424.5608743520884
          ],
          [
            37.349130841979196,
            55.64938806587671,
            425.5394662710337
          ],
          [
            37.34881373461296,
            55.64938616907296,
            425.5394662710337
          ],
          [
            37.34849662729353,
            55.64938427144985,
            426.91870821439306
          ],
          [
            37.34817952002091,
            55.64938237300737,
            427.0504068227915
          ],
          [
            37.34786241279512,
            55.649380473745516,
            427.0504068227915
          ],
          [
            37.34754530561619,
            55.64937857366431,
            428.01645601712744
          ],
          [
            37.347228198484125,
            55.64937667276372,
            426.00928438626806
          ],
          [
            37.346911091398944,
            55.64937477104377,
            426.00928438626806
          ],
          [
            37.34659398436066,
            55.64937286850444,
            423.32837618314306
          ],
          [
            37.346276877369284,
            55.64937096514575,
            423.7237466665415
          ],
          [
            37.34595977042484,
            55.649369060967686,
            423.7237466665415
          ],
          [
            37.34564266352736,
            55.64936715597025,
            425.9733499380259
          ],
          [
            37.34532555667683,
            55.64936525015346,
            426.5477670522837
          ],
          [
            37.34500844987328,
            55.649363343517294,
            426.5477670522837
          ],
          [
            37.34469134311673,
            55.64936143606177,
            423.92343843900244
          ],
          [
            37.3443742364072,
            55.64935952778687,
            418.7551492544321
          ],
          [
            37.34405712974469,
            55.64935761869261,
            418.7551492544321
          ],
          [
            37.343740023129236,
            55.64935570877899,
            419.4263833852915
          ],
          [
            37.34342291656083,
            55.649353798046,
            420.362296471229
          ],
          [
            37.34310581003951,
            55.64935188649364,
            420.362296471229
          ],
          [
            37.34278870356528,
            55.649349974121904,
            420.5717233511118
          ],
          [
            37.34247159713817,
            55.649348060930826,
            419.8620065542368
          ],
          [
            37.34215449075818,
            55.64934614692036,
            420.17070711576025
          ],
          [
            37.34183738442535,
            55.649344232090534,
            420.7805551382212
          ],
          [
            37.34152027813966,
            55.649342316441356,
            418.83924044095556
          ],
          [
            37.341203171901164,
            55.64934039997281,
            418.83924044095556
          ],
          [
            37.34088606570985,
            55.64933848268489,
            417.8905404897837
          ],
          [
            37.34056895956574,
            55.64933656457762,
            417.0717386099009
          ],
          [
            37.340251853468864,
            55.64933464565098,
            417.0717386099009
          ],
          [
            37.339934747419235,
            55.64933272590498,
            414.5614389272837
          ],
          [
            37.33961764141686,
            55.64933080533962,
            412.6616891714243
          ],
          [
            37.33930053546175,
            55.649328883954894,
            412.6616891714243
          ],
          [
            37.33898342955395,
            55.64932696175081,
            409.7390970083384
          ],
          [
            37.33866632369344,
            55.649325038727355,
            407.659171471229
          ],
          [
            37.33834921788026,
            55.64932311488454,
            407.659171471229
          ],
          [
            37.33803211211442,
            55.649321190222366,
            409.2906411977915
          ],
          [
            37.33771500639593,
            55.649319264740825,
            409.28113497220556
          ],
          [
            37.337397900724824,
            55.64931733843993,
            409.28113497220556
          ],
          [
            37.3370807951011,
            55.64931541131968,
            408.5956643911509
          ],
          [
            37.33676368952478,
            55.64931348338005,
            409.127677330604
          ],
          [
            37.33644658399589,
            55.64931155462108,
            409.127677330604
          ],
          [
            37.33612947851443,
            55.64930962504274,
            409.9031900259165
          ],
          [
            37.33581237308042,
            55.64930769464504,
            411.051261314979
          ],
          [
            37.335495267693894,
            55.64930576342798,
            411.051261314979
          ],
          [
            37.33517816235484,
            55.64930383139158,
            413.4361032339243
          ],
          [
            37.3348610570633,
            55.64930189853579,
            417.35486544095556
          ],
          [
            37.334543951819285,
            55.64929996486067,
            417.35486544095556
          ],
          [
            37.33422684662279,
            55.649298030366175,
            419.3175729604868
          ],
          [
            37.33390974147385,
            55.64929609505233,
            419.4929879995493
          ],
          [
            37.333592636372494,
            55.64929415891912,
            419.4929879995493
          ],
          [
            37.33327553131871,
            55.649292221966554,
            416.49619234525244
          ],
          [
            37.33295842631253,
            55.64929028419463,
            419.41147554837744
          ],
          [
            37.33264132135397,
            55.649288345603345,
            419.41147554837744
          ],
          [
            37.33232421644304,
            55.649286406192715,
            422.1149515005259
          ],
          [
            37.332007111579756,
            55.64928446596272,
            423.2815164419321
          ],
          [
            37.33169000676415,
            55.649282524913374,
            423.2815164419321
          ],
          [
            37.331372901996225,
            55.649280583044664,
            422.7467874380259
          ],
          [
            37.33105579727599,
            55.6492786403566,
            422.9435495229868
          ],
          [
            37.330738692603475,
            55.649276696849185,
            422.9435495229868
          ],
          [
            37.3304215879787,
            55.649274752522416,
            423.54155672513525
          ],
          [
            37.330104483401655,
            55.64927280737629,
            422.8269876333384
          ],
          [
            37.32978737887239,
            55.64927086141082,
            422.8269876333384
          ],
          [
            37.3294702743909,
            55.64926891462598,
            423.4444955679087
          ],
          [
            37.32915316995721,
            55.64926696702179,
            426.30075777493994
          ],
          [
            37.32883606557134,
            55.64926501859825,
            426.30075777493994
          ],
          [
            37.328518961233286,
            55.64926306935534,
            427.5577615591196
          ],
          [
            37.32820185694309,
            55.6492611192931,
            426.59616793118994
          ],
          [
            37.32788475270074,
            55.64925916841149,
            426.59616793118994
          ],
          [
            37.32756764850629,
            55.64925721671054,
            425.5963815542368
          ],
          [
            37.32725054435972,
            55.64925526419023,
            426.6080240102915
          ],
          [
            37.32693344026107,
            55.649253310850575,
            426.6080240102915
          ],
          [
            37.32661633621034,
            55.64925135669156,
            425.52890718900244
          ],
          [
            37.32629923220756,
            55.64924940171319,
            423.75391329251806
          ],
          [
            37.32598212825274,
            55.649247445915485,
            423.75391329251806
          ],
          [
            37.3256650243459,
            55.649245489298416,
            424.0695413442759
          ],
          [
            37.325347920487054,
            55.64924353186199,
            424.30615938626806
          ],
          [
            37.32503081667621,
            55.649241573606226,
            424.30615938626806
          ],
          [
            37.32471371291339,
            55.64923961453111,
            424.65935457669775
          ],
          [
            37.32439660919862,
            55.64923765463664,
            425.1530221792368
          ],
          [
            37.324079505531905,
            55.64923569392281,
            425.1530221792368
          ],
          [
            37.32376240191327,
            55.64923373238964,
            424.23654879056494
          ],
          [
            37.323445298342726,
            55.64923177003712,
            422.84441317044775
          ],
          [
            37.32312819482028,
            55.64922980686526,
            422.84441317044775
          ],
          [
            37.32281109134597,
            55.64922784287404,
            422.294181236854
          ],
          [
            37.32249398791979,
            55.64922587806348,
            422.4535287710337
          ],
          [
            37.32217688454177,
            55.64922391243356,
            422.4535287710337
          ],
          [
            37.32185978121192,
            55.6492219459843,
            421.5504373403696
          ],
          [
            37.32154267793027,
            55.6492199787157,
            420.8432077261118
          ],
          [
            37.32122557469681,
            55.64921801062775,
            420.8432077261118
          ],
          [
            37.320908471511586,
            55.64921604172043,
            421.6492837759165
          ],
          [
            37.32059136837459,
            55.649214071993775,
            423.0465310903696
          ],
          [
            37.32027426528586,
            55.64921210144779,
            423.0465310903696
          ],
          [
            37.31995716224539,
            55.64921013008244,
            424.07952059232275
          ],
          [
            37.31964005925322,
            55.649208157897746,
            424.10449923001806
          ],
          [
            37.31932295630934,
            55.649206184893714,
            424.10449923001806
          ],
          [
            37.319005853413785,
            55.64920421107033,
            423.8982614370493
          ],
          [
            37.318688750566565,
            55.64920223642759,
            423.96880281888525
          ],
          [
            37.3183716477677,
            55.64920026096553,
            423.96880281888525
          ],
          [
            37.3180545450172,
            55.649198284684104,
            425.01560152493994
          ],
          [
            37.317737442315085,
            55.649196307583345,
            426.3847879263071
          ],
          [
            37.317420339661375,
            55.64919432966324,
            426.3847879263071
          ],
          [
            37.31710323705608,
            55.64919235092379,
            426.981681236854
          ],
          [
            37.316786134499225,
            55.64919037136499,
            426.13457430326025
          ],
          [
            37.31646903199081,
            55.64918839098685,
            426.13457430326025
          ],
          [
            37.31615192953087,
            55.64918640978937,
            425.2054818960337
          ],
          [
            37.31583482711941,
            55.649184427772546,
            425.90427339993994
          ],
          [
            37.315517724756454,
            55.649182444936386,
            425.90427339993994
          ],
          [
            37.315200622442006,
            55.649180461280864,
            425.84787691556494
          ],
          [
            37.3148835201761,
            55.649178476806014,
            425.9366372915415
          ],
          [
            37.314566417958744,
            55.64917649151182,
            425.9366372915415
          ],
          [
            37.314249315789944,
            55.649174505398285,
            425.38962496243994
          ],
          [
            37.31393221366973,
            55.649172518465406,
            426.15903414212744
          ],
          [
            37.31361511159811,
            55.649170530713185,
            426.15903414212744
          ],
          [
            37.31329800957511,
            55.64916854214163,
            427.3413766714243
          ],
          [
            37.312980907600725,
            55.649166552750735,
            433.1629251333384
          ],
          [
            37.312663805675,
            55.649164562540484,
            433.1629251333384
          ],
          [
            37.312346703797935,
            55.649162571510914,
            441.4383462759165
          ],
          [
            37.31202960196955,
            55.64916057966199,
            442.58081758939306
          ],
          [
            37.311712500189856,
            55.64915858699373,
            442.58081758939306
          ],
          [
            37.31139539845888,
            55.64915659350613,
            441.8391794057993
          ],
          [
            37.31107829677663,
            55.649154599199186,
            442.472648033729
          ],
          [
            37.31076119514312,
            55.64915260407291,
            442.472648033729
          ],
          [
            37.31044409355838,
            55.649150608127286,
            442.6111062856821
          ],
          [
            37.31012699202241,
            55.649148611362335,
            440.8836892934946
          ],
          [
            37.309809890535234,
            55.64914661377805,
            440.8836892934946
          ],
          [
            37.30949278909687,
            55.649144615374425,
            441.2552865835337
          ],
          [
            37.30917568770733,
            55.64914261615145,
            443.2070535513071
          ],
          [
            37.30885858636664,
            55.64914061610915,
            443.2070535513071
          ],
          [
            37.308541485074805,
            55.64913861524751,
            444.1717141958384
          ],
          [
            37.30822438383184,
            55.64913661356653,
            446.1301950307993
          ],
          [
            37.30790728263777,
            55.64913461106622,
            446.1301950307993
          ],
          [
            37.30759018149261,
            55.649132607746566,
            445.4509958120493
          ],
          [
            37.30727308039637,
            55.649130603607574,
            441.4960550161509
          ],
          [
            37.30695597934907,
            55.649128598649256,
            441.4960550161509
          ],
          [
            37.30663887835073,
            55.649126592871596,
            438.10816133939306
          ],
          [
            37.306321777401365,
            55.649124586274596,
            437.3414529653696
          ],
          [
            37.30600467650099,
            55.649122578858275,
            439.6062234731821
          ],
          [
            37.305687575649614,
            55.64912057062261,
            438.9926980825571
          ],
          [
            37.305370474847265,
            55.649118561567626,
            441.9122995229868
          ],
          [
            37.30505337409395,
            55.64911655169329,
            441.9122995229868
          ],
          [
            37.3047362733897,
            55.64911454099963,
            444.82495821439306
          ],
          [
            37.30441917273451,
            55.649112529486636,
            444.33737886868994
          ],
          [
            37.304102072128416,
            55.649110517154305,
            444.33737886868994
          ],
          [
            37.30378497157142,
            55.64910850400264,
            440.5586313100962
          ],
          [
            37.303467871063546,
            55.64910649003165,
            441.01575411283056
          ],
          [
            37.30315077060481,
            55.649104475241316,
            441.01575411283056
          ],
          [
            37.30283367019522,
            55.64910245963166,
            444.0659860464243
          ],
          [
            37.30251656983481,
            55.64910044320266,
            444.0659860464243
          ],
          [
            37.30219946952358,
            55.64909842595435,
            447.883292564979
          ],
          [
            37.30188236926155,
            55.64909640788669,
            450.86199129544775
          ],
          [
            37.30156526904874,
            55.64909438899971,
            450.86199129544775
          ],
          [
            37.30124816888516,
            55.64909236929339,
            452.6431039663462
          ],
          [
            37.300931068770836,
            55.64909034876775,
            451.5411294790415
          ],
          [
            37.300613968705775,
            55.649088327422774,
            451.5411294790415
          ],
          [
            37.300296868690005,
            55.649086305258464,
            451.4380105825571
          ],
          [
            37.29997976872353,
            55.64908428227482,
            448.8502420278696
          ],
          [
            37.29966266880637,
            55.649082258471864,
            448.8502420278696
          ],
          [
            37.29934556893854,
            55.64908023384957,
            447.3081277700571
          ],
          [
            37.29902846912007,
            55.64907820840793,
            447.1535257192759
          ],
          [
            37.298711369350954,
            55.649076182146985,
            447.1535257192759
          ],
          [
            37.298394269631224,
            55.649074155066714,
            450.8896097036509
          ],
          [
            37.29807716996089,
            55.64907212716711,
            456.3936990591196
          ],
          [
            37.29776007033997,
            55.64907009844816,
            456.3936990591196
          ],
          [
            37.29744297076848,
            55.6490680689099,
            458.9784616323618
          ],
          [
            37.297125871246436,
            55.64906603855231,
            456.7370981069712
          ],
          [
            37.29680877177386,
            55.64906400737541,
            456.7370981069712
          ],
          [
            37.29649167235076,
            55.64906197537915,
            455.8159555288462
          ],
          [
            37.296174572977165,
            55.64905994256358,
            455.2392038198618
          ],
          [
            37.29585747365307,
            55.64905790892869,
            455.2392038198618
          ],
          [
            37.295540374378504,
            55.64905587447446,
            456.0691598745493
          ],
          [
            37.295540374378504,
            55.64905587447446,
            209.91531372070312
          ]
        ]
      },
      "properties": {
        "id": "U01_S1",
        "uav_id": "U01",
        "index": 1,
        "start_site": "BASE",
        "landing_site": "BASE",
        "t_start": "2026-06-15T08:30:00+03:00",
        "t_end": "2026-06-15T09:09:04.089229+03:00",
        "flight_time_s": 2344.089229,
        "distance_m": 38794.84158826217
      }
    }
  ]
}
